scenario,quantity,snapshot_30k,window_t_s,window_mean,window_se,n_eff,t_int_s,snapshot_bias_pct,half_z,trend_pct,stationary
hw-cara,g_bl_mol_m2_s,0.476,13.0-25.9,0.3651,0.004047,3.1,2.105,30.38,-3.472,-6.473,False
hw-cara,delta_mm,1.4,13.0-25.9,1.824,0.02009,3.1,2.112,-23.24,3.568,6.44,False
hw-cara,dC_CO2_mean,-0.338,13.0-25.9,-0.4411,0.004859,3,2.129,-23.38,-3.561,-6.431,False
hw-cara,u_max,0,13.0-25.9,0,0,300,0.022,nan,0,0,True
leaf-earth,g_bl_mol_m2_s,1.001,13.0-25.9,0.997,6.421e-18,300,0.022,0.4012,0,1.78e-14,True
leaf-earth,delta_mm,0.66,13.0-25.9,0.67,0,300,0.022,-1.493,0,3.974e-14,True
leaf-earth,dC_CO2_mean,-0.161,13.0-25.9,-0.161,0,300,0.022,-0,0,4.134e-14,True
leaf-earth,u_max,0.0461,13.0-25.9,0.0461,4.013e-19,300,0.022,-1.505e-14,0,1.203e-14,True
leaf-ug-fan-lo-pressure,g_bl_mol_m2_s,1.233,13.0-25.9,1.233,1.284e-17,300,0.022,-1.801e-14,0,5.758e-14,True
leaf-ug-fan-lo-pressure,delta_mm,0.54,13.0-25.9,0.54,0,300,0.022,0,0,-6.574e-14,True
leaf-ug-fan-lo-pressure,dC_CO2_mean,-0.131,13.0-25.9,-0.131,1.605e-18,300,0.022,2.119e-14,0,-1.694e-14,True
leaf-ug-fan-lo-pressure,u_max,0.0305,13.0-25.9,0.0305,2.006e-19,300,0.022,1.138e-14,0,0,True
leaf-ug-fan-lo,g_bl_mol_m2_s,1.065,13.0-25.9,0.7464,0.03899,2.9,2.25,42.68,-4.106,-30.51,False
leaf-ug-fan-lo,delta_mm,0.62,13.0-25.9,0.8988,0.04683,2.9,2.256,-31.02,4.15,30.41,False
leaf-ug-fan-lo,dC_CO2_mean,-0.151,13.0-25.9,-0.2174,0.01134,2.9,2.258,-30.54,-4.149,-30.44,False
leaf-ug-fan-lo,u_max,0.0215,13.0-25.9,0.02,0,300,0.022,7.5,0,2.773e-14,True
leaf-ug-fan-mid-pressure,g_bl_mol_m2_s,1.841,13.0-25.9,1.841,1.284e-17,300,0.022,1.206e-14,0,2.892e-14,True
leaf-ug-fan-mid-pressure,delta_mm,0.36,13.0-25.9,0.36,3.21e-18,300,0.022,1.542e-14,0,7.395e-14,True
leaf-ug-fan-mid-pressure,dC_CO2_mean,-0.087,13.0-25.9,-0.087,8.026e-19,300,0.022,1.595e-14,0,3.825e-14,True
leaf-ug-fan-mid-pressure,u_max,0.0693,13.0-25.9,0.0693,8.026e-19,300,0.022,-2.003e-14,0,4.802e-14,True
leaf-ug-fan-mid,g_bl_mol_m2_s,1.525,13.0-25.9,1.012,0.05918,2.9,2.245,50.76,-4.086,-34.19,False
leaf-ug-fan-mid,delta_mm,0.44,13.0-25.9,0.6646,0.03882,2.9,2.251,-33.79,4.14,34.12,False
leaf-ug-fan-mid,dC_CO2_mean,-0.106,13.0-25.9,-0.1607,0.009375,2.9,2.253,-34.05,-4.131,-34.08,False
leaf-ug-fan-mid,u_max,0.05,13.0-25.9,0.05,4.013e-19,300,0.022,1.388e-14,0,1.109e-14,True
leaf-ug,g_bl_mol_m2_s,0.494,13.0-25.9,0.4433,0.0002496,5.4,1.197,11.44,-1.433,-0.3129,True
leaf-ug,delta_mm,1.35,13.0-25.9,1.5,0,300,0.022,-10,0,3.55e-14,True
leaf-ug,dC_CO2_mean,-0.326,13.0-25.9,-0.3635,0.0003724,3.4,1.908,-10.31,-3.664,-0.559,True
leaf-ug,u_max,0,13.0-25.9,0,0,300,0.022,nan,0,0,True
rosette-earth,g_bl_mol_m2_s,0.541,13.0-25.9,0.54,0,300,0.022,0.1852,0,-6.574e-14,True
rosette-earth,delta_mm,1.23,13.0-25.9,1.23,2.568e-17,300,0.022,-3.61e-14,0,0,True
rosette-earth,dC_CO2_mean,-0.298,13.0-25.9,-0.298,0,300,0.022,-0,0,-7.445e-14,True
rosette-earth,u_max,0.0458,13.0-25.9,0.046,4.013e-19,300,0.022,-0.4348,0,-6.029e-14,True
rosette-ug,g_bl_mol_m2_s,0.29,13.0-25.9,0.272,0,300,0.022,6.618,0,3.263e-14,True
rosette-ug,delta_mm,2.29,13.0-25.9,2.45,2.568e-17,300,0.022,-6.531,0,1.159e-13,True
rosette-ug,dC_CO2_mean,-0.554,13.0-25.9,-0.5928,0.00017,5.4,1.197,-6.546,-1.419,-0.1573,True
rosette-ug,u_max,0,13.0-25.9,0,0,300,0.022,nan,0,0,True
