scale,gravity_g,domain_factor,nx,ny,width_mm,height_mm,steps,g_bl_mol_m2_s,delta_mm,dC_CO2_mean,g_bl_ratio_to_1x,gbl_drift_pct_last_5s
leaf,1,1,128,96,36.9,27.6,150000,0.997,0.67,-0.161,1.000,0.00
leaf,1,1.5,192,144,55.3,41.5,300000,1.015,0.66,-0.159,1.018,0.00
leaf,1,2,256,192,73.7,55.3,500000,1.037,0.64,-0.155,1.040,0.00
leaf,0,1,128,96,36.9,27.6,150000,0.443,1.50,-0.364,1.000,0.00
leaf,0,1.5,192,144,55.3,41.5,300000,0.344,1.94,-0.468,0.777,0.00
leaf,0,2,256,192,73.7,55.3,500000,0.297,2.24,-0.543,0.670,0.00
rosette,1,1,128,96,36.9,27.6,150000,0.540,1.23,-0.298,1.000,0.00
rosette,1,1.5,192,144,55.3,41.5,300000,0.501,1.33,-0.321,0.928,0.20
rosette,1,2,256,192,73.7,55.3,500000,0.505,1.32,-0.319,0.935,-0.20
rosette,0,1,128,96,36.9,27.6,150000,0.272,2.45,-0.593,1.000,0.00
rosette,0,1.5,192,144,55.3,41.5,300000,0.194,3.43,-0.829,0.713,0.00
rosette,0,2,256,192,73.7,55.3,500000,0.161,4.12,-0.997,0.592,0.00
