job,t_s,dish_mean_CO2,net_assimilation_pct,g_bl_vs_dish_air,g_bl_vs_ambient
BRIC_sealed_fb_g1,0.50,-0.0350,98.4,0.802,0.683
BRIC_sealed_fb_g1,1.00,-0.0690,97.4,0.513,0.419
BRIC_sealed_fb_g1,1.50,-0.1020,96.7,0.416,0.327
BRIC_sealed_fb_g1,2.00,-0.1360,96.1,0.371,0.280
BRIC_sealed_fb_g1,2.50,-0.1690,95.7,0.348,0.252
BRIC_sealed_fb_g1,3.00,-0.2030,95.3,0.335,0.232
BRIC_sealed_fb_g1,3.50,-0.2360,95.0,0.326,0.217
BRIC_sealed_fb_g1,4.00,-0.2690,94.7,0.320,0.205
BRIC_sealed_fb_g1,4.50,-0.3020,94.4,0.317,0.194
BRIC_sealed_fb_g1,5.00,-0.3350,94.1,0.314,0.185
BRIC_sealed_fb_g1,5.50,-0.3680,93.9,0.312,0.177
BRIC_sealed_fb_g1,6.00,-0.4000,93.6,0.310,0.170
BRIC_sealed_fb_g1,6.50,-0.4330,93.4,0.309,0.164
BRIC_sealed_fb_g1,7.00,-0.4650,93.1,0.308,0.158
BRIC_sealed_fb_g1,7.50,-0.4980,92.9,0.307,0.152
BRIC_sealed_fb_g1,8.00,-0.5300,92.6,0.307,0.147
BRIC_sealed_fb_g1,8.50,-0.5620,92.4,0.306,0.142
BRIC_sealed_fb_g1,9.00,-0.5940,92.1,0.305,0.137
BRIC_sealed_fb_g1,9.50,-0.6270,91.9,0.305,0.133
BRIC_sealed_fb_g1,10.00,-0.6580,91.6,0.304,0.129
BRIC_sealed_fb_g1,10.50,-0.6900,91.4,0.303,0.125
BRIC_sealed_fb_g1,11.00,-0.7220,91.1,0.303,0.122
BRIC_sealed_fb_g1,11.50,-0.7540,90.9,0.302,0.118
BRIC_sealed_fb_g1,12.00,-0.7860,90.6,0.302,0.115
BRIC_sealed_fb_g1,12.50,-0.8170,90.4,0.301,0.112
BRIC_sealed_fb_g1,13.00,-0.8480,90.1,0.301,0.109
BRIC_sealed_fb_g1,13.50,-0.8800,89.9,0.300,0.106
BRIC_sealed_fb_g1,14.00,-0.9110,89.6,0.299,0.104
BRIC_sealed_fb_g1,14.50,-0.9420,89.4,0.299,0.101
BRIC_sealed_fb_g1,15.00,-0.9730,89.1,0.298,0.099
BRIC_sealed_fb_g1,15.50,-1.0040,88.8,0.298,0.096
BRIC_sealed_fb_g1,16.00,-1.0350,88.6,0.297,0.094
BRIC_sealed_fb_g1,16.50,-1.0660,88.3,0.297,0.092
BRIC_sealed_fb_g1,17.00,-1.0970,88.1,0.296,0.090
BRIC_sealed_fb_g1,17.50,-1.1280,87.8,0.296,0.088
BRIC_sealed_fb_g1,18.00,-1.1580,87.6,0.295,0.086
BRIC_sealed_fb_g1,18.50,-1.1890,87.3,0.295,0.084
BRIC_sealed_fb_g1,19.00,-1.2190,87.0,0.294,0.083
BRIC_sealed_fb_g1,19.50,-1.2490,86.8,0.294,0.081
BRIC_sealed_fb_g1,20.00,-1.2790,86.5,0.293,0.079
BRIC_sealed_fb_g1,20.50,-1.3100,86.3,0.293,0.078
BRIC_sealed_fb_g1,21.00,-1.3400,86.0,0.292,0.076
BRIC_sealed_fb_g1,21.50,-1.3690,85.7,0.292,0.075
BRIC_sealed_fb_g1,22.00,-1.3990,85.5,0.291,0.074
BRIC_sealed_fb_g1,22.50,-1.4290,85.2,0.291,0.072
BRIC_sealed_fb_g1,23.00,-1.4590,84.9,0.290,0.071
BRIC_sealed_fb_g1,23.50,-1.4880,84.7,0.290,0.070
BRIC_sealed_fb_g1,24.00,-1.5180,84.4,0.289,0.068
BRIC_sealed_fb_g1,24.50,-1.5470,84.2,0.289,0.067
BRIC_sealed_fb_g1,25.00,-1.5760,83.9,0.288,0.066
BRIC_sealed_fb_g1,25.50,-1.6060,83.6,0.288,0.065
BRIC_sealed_fb_g1,26.00,-1.6350,83.4,0.287,0.064
BRIC_sealed_fb_g1,26.50,-1.6640,83.1,0.287,0.063
BRIC_sealed_fb_g1,27.00,-1.6930,82.8,0.286,0.062
BRIC_sealed_fb_g1,27.50,-1.7210,82.6,0.286,0.061
BRIC_sealed_fb_g1,28.00,-1.7500,82.3,0.285,0.060
BRIC_sealed_fb_g1,28.50,-1.7790,82.0,0.285,0.059
BRIC_sealed_fb_g1,29.00,-1.8070,81.8,0.284,0.058
BRIC_sealed_fb_g1,29.50,-1.8360,81.5,0.284,0.057
BRIC_sealed_fb_g1,30.00,-1.8640,81.2,0.284,0.056
BRIC_sealed_fb_g1,30.50,-1.8920,81.0,0.283,0.055
BRIC_sealed_fb_g1,31.00,-1.9210,80.7,0.283,0.055
BRIC_sealed_fb_g1,31.50,-1.9490,80.4,0.282,0.054
BRIC_sealed_fb_g1,32.00,-1.9770,80.1,0.282,0.053
BRIC_sealed_fb_g1,32.50,-2.0040,79.9,0.281,0.052
BRIC_sealed_fb_g1,33.00,-2.0320,79.6,0.281,0.052
BRIC_sealed_fb_g1,33.50,-2.0600,79.3,0.281,0.051
BRIC_sealed_fb_g1,34.00,-2.0880,79.1,0.280,0.050
BRIC_sealed_fb_g1,34.50,-2.1150,78.8,0.280,0.049
BRIC_sealed_fb_g1,35.00,-2.1420,78.5,0.279,0.049
BRIC_sealed_fb_g1,35.50,-2.1700,78.2,0.279,0.048
BRIC_sealed_fb_g1,36.00,-2.1970,78.0,0.278,0.047
BRIC_sealed_fb_g1,36.50,-2.2240,77.7,0.278,0.047
BRIC_sealed_fb_g1,37.00,-2.2510,77.4,0.278,0.046
BRIC_sealed_fb_g1,37.50,-2.2780,77.1,0.277,0.046
BRIC_sealed_fb_g1,38.00,-2.3050,76.9,0.277,0.045
BRIC_sealed_fb_g1,38.50,-2.3320,76.6,0.276,0.044
BRIC_sealed_fb_g1,39.00,-2.3580,76.3,0.276,0.044
BRIC_sealed_fb_g1,39.50,-2.3850,76.1,0.276,0.043
BRIC_sealed_fb_g1,40.00,-2.4110,75.8,0.275,0.043
BRIC_sealed_fb_g1,40.50,-2.4380,75.5,0.275,0.042
BRIC_sealed_fb_g1,41.00,-2.4640,75.2,0.275,0.042
BRIC_sealed_fb_g1,41.50,-2.4900,75.0,0.274,0.041
BRIC_sealed_fb_g1,42.00,-2.5160,74.7,0.274,0.041
BRIC_sealed_fb_g1,42.50,-2.5420,74.4,0.273,0.040
BRIC_sealed_fb_g1,43.00,-2.5680,74.1,0.273,0.040
BRIC_sealed_fb_g1,43.50,-2.5940,73.8,0.273,0.039
BRIC_sealed_fb_g1,44.00,-2.6190,73.6,0.272,0.039
BRIC_sealed_fb_g1,44.50,-2.6450,73.3,0.272,0.038
BRIC_sealed_fb_g1,45.00,-2.6710,73.0,0.272,0.038
BRIC_sealed_fb_g1,45.50,-2.6960,72.7,0.271,0.037
BRIC_sealed_fb_g1,46.00,-2.7210,72.5,0.271,0.037
BRIC_sealed_fb_g1,46.50,-2.7460,72.2,0.271,0.037
BRIC_sealed_fb_g1,47.00,-2.7720,71.9,0.270,0.036
BRIC_sealed_fb_g1,47.50,-2.7970,71.6,0.270,0.036
BRIC_sealed_fb_g1,48.00,-2.8220,71.4,0.270,0.035
BRIC_sealed_fb_g1,48.50,-2.8460,71.1,0.269,0.035
BRIC_sealed_fb_g1,49.00,-2.8710,70.8,0.269,0.035
BRIC_sealed_fb_g1,49.50,-2.8960,70.5,0.269,0.034
BRIC_sealed_fb_g1,50.00,-2.9200,70.2,0.268,0.034
BRIC_sealed_fb_g1,50.50,-2.9450,70.0,0.268,0.033
BRIC_sealed_fb_g1,51.00,-2.9690,69.7,0.268,0.033
BRIC_sealed_fb_g1,51.50,-2.9930,69.4,0.267,0.033
BRIC_sealed_fb_g1,52.00,-3.0170,69.1,0.267,0.032
BRIC_sealed_fb_g1,52.50,-3.0410,68.8,0.267,0.032
BRIC_sealed_fb_g1,53.00,-3.0650,68.6,0.266,0.032
BRIC_sealed_fb_g1,53.50,-3.0890,68.3,0.266,0.031
BRIC_sealed_fb_g1,54.00,-3.1130,68.0,0.266,0.031
BRIC_sealed_fb_g1,54.50,-3.1370,67.7,0.265,0.031
BRIC_sealed_fb_g1,55.00,-3.1600,67.5,0.265,0.030
BRIC_sealed_fb_g1,55.50,-3.1840,67.2,0.265,0.030
BRIC_sealed_fb_g1,56.00,-3.2070,66.9,0.265,0.030
BRIC_sealed_fb_g1,56.50,-3.2300,66.6,0.264,0.029
BRIC_sealed_fb_g1,57.00,-3.2530,66.3,0.264,0.029
BRIC_sealed_fb_g1,57.50,-3.2770,66.1,0.264,0.029
BRIC_sealed_fb_g1,58.00,-3.3000,65.8,0.263,0.029
BRIC_sealed_fb_g1,58.50,-3.3220,65.5,0.263,0.028
BRIC_sealed_fb_g1,59.00,-3.3450,65.2,0.263,0.028
BRIC_sealed_fb_g1,59.50,-3.3680,64.9,0.263,0.028
BRIC_sealed_fb_g1,60.00,-3.3900,64.7,0.262,0.027
BRIC_sealed_fb_g1,60.50,-3.4130,64.4,0.262,0.027
BRIC_sealed_fb_g1,61.00,-3.4350,64.1,0.262,0.027
BRIC_sealed_fb_g1,61.50,-3.4580,63.8,0.261,0.027
BRIC_sealed_fb_g1,62.00,-3.4800,63.5,0.261,0.026
BRIC_sealed_fb_g1,62.50,-3.5020,63.3,0.261,0.026
BRIC_sealed_fb_g1,63.00,-3.5240,63.0,0.261,0.026
BRIC_sealed_fb_g1,63.50,-3.5460,62.7,0.260,0.026
BRIC_sealed_fb_g1,64.00,-3.5680,62.4,0.260,0.025
BRIC_sealed_fb_g1,64.50,-3.5890,62.2,0.260,0.025
BRIC_sealed_fb_g1,65.00,-3.6110,61.9,0.260,0.025
BRIC_sealed_fb_g1,65.50,-3.6320,61.6,0.259,0.025
BRIC_sealed_fb_g1,66.00,-3.6540,61.3,0.259,0.024
BRIC_sealed_fb_g1,66.50,-3.6750,61.0,0.259,0.024
BRIC_sealed_fb_g1,67.00,-3.6960,60.8,0.259,0.024
BRIC_sealed_fb_g1,67.50,-3.7180,60.5,0.258,0.024
BRIC_sealed_fb_g1,68.00,-3.7390,60.2,0.258,0.024
BRIC_sealed_fb_g1,68.50,-3.7600,59.9,0.258,0.023
BRIC_sealed_fb_g1,69.00,-3.7800,59.7,0.258,0.023
BRIC_sealed_fb_g1,69.50,-3.8010,59.4,0.257,0.023
BRIC_sealed_fb_g1,70.00,-3.8220,59.1,0.257,0.023
BRIC_sealed_fb_g1,70.50,-3.8420,58.8,0.257,0.022
BRIC_sealed_fb_g1,71.00,-3.8630,58.6,0.256,0.022
BRIC_sealed_fb_g1,71.50,-3.8830,58.3,0.256,0.022
BRIC_sealed_fb_g1,72.00,-3.9030,58.0,0.256,0.022
BRIC_sealed_fb_g1,72.50,-3.9230,57.7,0.256,0.022
BRIC_sealed_fb_g1,73.00,-3.9440,57.5,0.256,0.021
BRIC_sealed_fb_g1,73.50,-3.9630,57.2,0.255,0.021
BRIC_sealed_fb_g1,74.00,-3.9830,56.9,0.255,0.021
BRIC_sealed_fb_g1,74.50,-4.0030,56.6,0.255,0.021
BRIC_sealed_fb_g1,75.00,-4.0230,56.4,0.255,0.021
BRIC_sealed_fb_g1,75.50,-4.0420,56.1,0.254,0.021
BRIC_sealed_fb_g1,76.00,-4.0620,55.8,0.254,0.020
BRIC_sealed_fb_g1,76.50,-4.0810,55.5,0.254,0.020
BRIC_sealed_fb_g1,77.00,-4.1010,55.3,0.254,0.020
BRIC_sealed_fb_g1,77.50,-4.1200,55.0,0.253,0.020
BRIC_sealed_fb_g1,78.00,-4.1390,54.7,0.253,0.020
BRIC_sealed_fb_g1,78.50,-4.1580,54.5,0.253,0.019
BRIC_sealed_fb_g1,79.00,-4.1770,54.2,0.253,0.019
BRIC_sealed_fb_g1,79.50,-4.1960,53.9,0.252,0.019
BRIC_sealed_fb_g1,80.00,-4.2140,53.7,0.252,0.019
BRIC_sealed_fb_g1,80.50,-4.2330,53.4,0.252,0.019
BRIC_sealed_fb_g1,81.00,-4.2520,53.1,0.252,0.019
BRIC_sealed_fb_g1,81.50,-4.2700,52.8,0.252,0.018
BRIC_sealed_fb_g1,82.00,-4.2890,52.6,0.251,0.018
BRIC_sealed_fb_g1,82.50,-4.3070,52.3,0.251,0.018
BRIC_sealed_fb_g1,83.00,-4.3250,52.0,0.251,0.018
BRIC_sealed_fb_g1,83.49,-4.3430,51.8,0.251,0.018
BRIC_sealed_fb_g1,83.99,-4.3610,51.5,0.250,0.018
BRIC_sealed_fb_g1,84.49,-4.3790,51.2,0.250,0.018
BRIC_sealed_fb_g1,84.99,-4.3970,51.0,0.250,0.017
BRIC_sealed_fb_g1,85.49,-4.4150,50.7,0.250,0.017
BRIC_sealed_fb_g1,85.99,-4.4320,50.4,0.250,0.017
BRIC_sealed_fb_g1,86.49,-4.4500,50.2,0.249,0.017
BRIC_sealed_fb_g1,86.99,-4.4670,49.9,0.249,0.017
BRIC_sealed_fb_g1,87.49,-4.4850,49.6,0.249,0.017
BRIC_sealed_fb_g1,87.99,-4.5020,49.4,0.249,0.016
BRIC_sealed_fb_g1,88.49,-4.5190,49.1,0.248,0.016
BRIC_sealed_fb_g1,88.99,-4.5360,48.9,0.248,0.016
BRIC_sealed_fb_g1,89.49,-4.5530,48.6,0.248,0.016
BRIC_sealed_fb_g1,89.99,-4.5700,48.3,0.248,0.016
BRIC_sealed_fb_g1,90.49,-4.5870,48.1,0.248,0.016
BRIC_sealed_fb_g1,90.99,-4.6030,47.8,0.247,0.016
BRIC_sealed_fb_g1,91.49,-4.6200,47.6,0.247,0.016
BRIC_sealed_fb_g1,91.99,-4.6370,47.3,0.247,0.015
BRIC_sealed_fb_g1,92.49,-4.6530,47.0,0.247,0.015
BRIC_sealed_fb_g1,92.99,-4.6690,46.8,0.247,0.015
BRIC_sealed_fb_g1,93.49,-4.6860,46.5,0.246,0.015
BRIC_sealed_fb_g1,93.99,-4.7020,46.3,0.246,0.015
BRIC_sealed_fb_g1,94.49,-4.7180,46.0,0.246,0.015
BRIC_sealed_fb_g1,94.99,-4.7340,45.8,0.246,0.015
BRIC_sealed_fb_g1,95.49,-4.7500,45.5,0.245,0.015
BRIC_sealed_fb_g1,95.99,-4.7660,45.3,0.245,0.014
BRIC_sealed_fb_g1,96.49,-4.7810,45.0,0.245,0.014
BRIC_sealed_fb_g1,96.99,-4.7970,44.7,0.245,0.014
BRIC_sealed_fb_g1,97.49,-4.8130,44.5,0.245,0.014
BRIC_sealed_fb_g1,97.99,-4.8280,44.2,0.244,0.014
BRIC_sealed_fb_g1,98.49,-4.8430,44.0,0.244,0.014
BRIC_sealed_fb_g1,98.99,-4.8590,43.7,0.244,0.014
BRIC_sealed_fb_g1,99.49,-4.8740,43.5,0.244,0.014
BRIC_sealed_fb_g1,99.99,-4.8890,43.2,0.244,0.013
BRIC_sealed_fb_g1,100.49,-4.9040,43.0,0.243,0.013
BRIC_sealed_fb_g1,100.99,-4.9190,42.8,0.243,0.013
BRIC_sealed_fb_g1,101.49,-4.9340,42.5,0.243,0.013
BRIC_sealed_fb_g1,101.99,-4.9490,42.3,0.243,0.013
BRIC_sealed_fb_g1,102.49,-4.9630,42.0,0.242,0.013
BRIC_sealed_fb_g1,102.99,-4.9780,41.8,0.242,0.013
BRIC_sealed_fb_g1,103.49,-4.9920,41.5,0.242,0.013
BRIC_sealed_fb_g1,103.99,-5.0070,41.3,0.242,0.013
BRIC_sealed_fb_g1,104.49,-5.0210,41.0,0.242,0.012
BRIC_sealed_fb_g1,104.99,-5.0350,40.8,0.241,0.012
BRIC_sealed_fb_g1,105.49,-5.0490,40.6,0.241,0.012
BRIC_sealed_fb_g1,105.99,-5.0640,40.3,0.241,0.012
BRIC_sealed_fb_g1,106.49,-5.0780,40.1,0.241,0.012
BRIC_sealed_fb_g1,106.99,-5.0910,39.8,0.241,0.012
BRIC_sealed_fb_g1,107.49,-5.1050,39.6,0.240,0.012
BRIC_sealed_fb_g1,107.99,-5.1190,39.4,0.240,0.012
BRIC_sealed_fb_g1,108.49,-5.1330,39.1,0.240,0.012
BRIC_sealed_fb_g1,108.99,-5.1460,38.9,0.240,0.012
BRIC_sealed_fb_g1,109.49,-5.1600,38.7,0.240,0.011
BRIC_sealed_fb_g1,109.99,-5.1730,38.4,0.239,0.011
BRIC_sealed_fb_g1,110.49,-5.1870,38.2,0.239,0.011
BRIC_sealed_fb_g1,110.99,-5.2000,38.0,0.239,0.011
BRIC_sealed_fb_g1,111.49,-5.2130,37.7,0.239,0.011
BRIC_sealed_fb_g1,111.99,-5.2260,37.5,0.239,0.011
BRIC_sealed_fb_g1,112.49,-5.2390,37.3,0.238,0.011
BRIC_sealed_fb_g1,112.99,-5.2520,37.0,0.238,0.011
BRIC_sealed_fb_g1,113.49,-5.2650,36.8,0.238,0.011
BRIC_sealed_fb_g1,113.99,-5.2780,36.6,0.238,0.011
BRIC_sealed_fb_g1,114.49,-5.2910,36.3,0.238,0.011
BRIC_sealed_fb_g1,114.99,-5.3030,36.1,0.237,0.010
BRIC_sealed_fb_g1,115.49,-5.3160,35.9,0.237,0.010
BRIC_sealed_fb_g1,115.99,-5.3280,35.7,0.237,0.010
BRIC_sealed_fb_g1,116.49,-5.3410,35.4,0.237,0.010
BRIC_sealed_fb_g1,116.99,-5.3530,35.2,0.236,0.010
BRIC_sealed_fb_g1,117.49,-5.3650,35.0,0.236,0.010
BRIC_sealed_fb_g1,117.99,-5.3780,34.8,0.236,0.010
BRIC_sealed_fb_g1,118.49,-5.3900,34.6,0.236,0.010
BRIC_sealed_fb_g1,118.99,-5.4020,34.3,0.236,0.010
BRIC_sealed_fb_g1,119.49,-5.4140,34.1,0.235,0.010
BRIC_sealed_fb_g1,119.99,-5.4250,33.9,0.235,0.010
BRIC_sealed_fb_g1,120.49,-5.4370,33.7,0.235,0.010
BRIC_sealed_fb_g1,120.99,-5.4490,33.5,0.235,0.009
BRIC_sealed_fb_g1,121.49,-5.4610,33.3,0.235,0.009
BRIC_sealed_fb_g1,121.99,-5.4720,33.0,0.234,0.009
BRIC_sealed_fb_g1,122.49,-5.4840,32.8,0.234,0.009
BRIC_sealed_fb_g1,122.99,-5.4950,32.6,0.234,0.009
BRIC_sealed_fb_g1,123.49,-5.5060,32.4,0.234,0.009
BRIC_sealed_fb_g1,123.99,-5.5180,32.2,0.234,0.009
BRIC_sealed_fb_g1,124.49,-5.5290,32.0,0.233,0.009
BRIC_sealed_fb_g1,124.99,-5.5400,31.8,0.233,0.009
BRIC_sealed_fb_g1,125.49,-5.5510,31.6,0.233,0.009
BRIC_sealed_fb_g1,125.99,-5.5620,31.4,0.233,0.009
BRIC_sealed_fb_g1,126.49,-5.5730,31.2,0.233,0.009
BRIC_sealed_fb_g1,126.99,-5.5840,31.0,0.232,0.009
BRIC_sealed_fb_g1,127.49,-5.5940,30.7,0.232,0.009
BRIC_sealed_fb_g1,127.99,-5.6050,30.5,0.232,0.008
BRIC_sealed_fb_g1,128.49,-5.6160,30.3,0.232,0.008
BRIC_sealed_fb_g1,128.99,-5.6260,30.1,0.232,0.008
BRIC_sealed_fb_g1,129.49,-5.6370,29.9,0.231,0.008
BRIC_sealed_fb_g1,129.99,-5.6470,29.7,0.231,0.008
BRIC_sealed_fb_g1,130.49,-5.6570,29.5,0.231,0.008
BRIC_sealed_fb_g1,130.99,-5.6680,29.3,0.231,0.008
BRIC_sealed_fb_g1,131.49,-5.6780,29.1,0.231,0.008
BRIC_sealed_fb_g1,131.99,-5.6880,28.9,0.230,0.008
BRIC_sealed_fb_g1,132.49,-5.6980,28.8,0.230,0.008
BRIC_sealed_fb_g1,132.99,-5.7080,28.6,0.230,0.008
BRIC_sealed_fb_g1,133.49,-5.7180,28.4,0.230,0.008
BRIC_sealed_fb_g1,133.99,-5.7280,28.2,0.230,0.008
BRIC_sealed_fb_g1,134.49,-5.7380,28.0,0.229,0.008
BRIC_sealed_fb_g1,134.99,-5.7470,27.8,0.229,0.008
BRIC_sealed_fb_g1,135.49,-5.7570,27.6,0.229,0.007
BRIC_sealed_fb_g1,135.99,-5.7660,27.4,0.229,0.007
BRIC_sealed_fb_g1,136.49,-5.7760,27.2,0.228,0.007
BRIC_sealed_fb_g1,136.99,-5.7850,27.0,0.228,0.007
BRIC_sealed_fb_g1,137.49,-5.7950,26.9,0.228,0.007
BRIC_sealed_fb_g1,137.99,-5.8040,26.7,0.228,0.007
BRIC_sealed_fb_g1,138.49,-5.8130,26.5,0.228,0.007
BRIC_sealed_fb_g1,138.99,-5.8230,26.3,0.227,0.007
BRIC_sealed_fb_g1,139.49,-5.8320,26.1,0.227,0.007
BRIC_sealed_fb_g1,139.99,-5.8410,25.9,0.227,0.007
BRIC_sealed_fb_g1,140.49,-5.8500,25.8,0.227,0.007
BRIC_sealed_fb_g1,140.99,-5.8590,25.6,0.227,0.007
BRIC_sealed_fb_g1,141.49,-5.8680,25.4,0.226,0.007
BRIC_sealed_fb_g1,141.99,-5.8760,25.2,0.226,0.007
BRIC_sealed_fb_g1,142.49,-5.8850,25.0,0.226,0.007
BRIC_sealed_fb_g1,142.99,-5.8940,24.9,0.226,0.007
BRIC_sealed_fb_g1,143.49,-5.9030,24.7,0.226,0.007
BRIC_sealed_fb_g1,143.99,-5.9110,24.5,0.225,0.006
BRIC_sealed_fb_g1,144.49,-5.9200,24.3,0.225,0.006
BRIC_sealed_fb_g1,144.99,-5.9280,24.2,0.225,0.006
BRIC_sealed_fb_g1,145.49,-5.9360,24.0,0.225,0.006
BRIC_sealed_fb_g1,145.99,-5.9450,23.8,0.225,0.006
BRIC_sealed_fb_g1,146.49,-5.9530,23.7,0.224,0.006
BRIC_sealed_fb_g1,146.99,-5.9610,23.5,0.224,0.006
BRIC_sealed_fb_g1,147.49,-5.9690,23.3,0.224,0.006
BRIC_sealed_fb_g1,147.99,-5.9780,23.2,0.224,0.006
BRIC_sealed_fb_g1,148.49,-5.9860,23.0,0.224,0.006
BRIC_sealed_fb_g1,148.99,-5.9940,22.8,0.223,0.006
BRIC_sealed_fb_g1,149.49,-6.0020,22.7,0.223,0.006
BRIC_sealed_fb_g1,149.99,-6.0090,22.5,0.223,0.006
BRIC_sealed_fb_g1,150.49,-6.0170,22.3,0.223,0.006
BRIC_sealed_fb_g1,150.99,-6.0250,22.2,0.223,0.006
BRIC_sealed_fb_g1,151.49,-6.0330,22.0,0.222,0.006
BRIC_sealed_fb_g1,151.99,-6.0400,21.9,0.222,0.006
BRIC_sealed_fb_g1,152.49,-6.0480,21.7,0.222,0.006
BRIC_sealed_fb_g1,152.99,-6.0560,21.5,0.222,0.006
BRIC_sealed_fb_g1,153.49,-6.0630,21.4,0.222,0.006
BRIC_sealed_fb_g1,153.99,-6.0700,21.2,0.221,0.005
BRIC_sealed_fb_g1,154.49,-6.0780,21.1,0.221,0.005
BRIC_sealed_fb_g1,154.99,-6.0850,20.9,0.221,0.005
BRIC_sealed_fb_g1,155.49,-6.0920,20.8,0.221,0.005
BRIC_sealed_fb_g1,155.99,-6.1000,20.6,0.221,0.005
BRIC_sealed_fb_g1,156.49,-6.1070,20.5,0.220,0.005
BRIC_sealed_fb_g1,156.99,-6.1140,20.3,0.220,0.005
BRIC_sealed_fb_g1,157.49,-6.1210,20.2,0.220,0.005
BRIC_sealed_fb_g1,157.99,-6.1280,20.0,0.220,0.005
BRIC_sealed_fb_g1,158.49,-6.1350,19.9,0.220,0.005
BRIC_sealed_fb_g1,158.99,-6.1420,19.7,0.219,0.005
BRIC_sealed_fb_g1,159.49,-6.1490,19.6,0.219,0.005
BRIC_sealed_fb_g1,159.99,-6.1560,19.4,0.219,0.005
BRIC_sealed_fb_g1,160.49,-6.1620,19.3,0.219,0.005
BRIC_sealed_fb_g1,160.99,-6.1690,19.1,0.219,0.005
BRIC_sealed_fb_g1,161.49,-6.1760,19.0,0.218,0.005
BRIC_sealed_fb_g1,161.99,-6.1820,18.8,0.218,0.005
BRIC_sealed_fb_g1,162.49,-6.1890,18.7,0.218,0.005
BRIC_sealed_fb_g1,162.99,-6.1960,18.6,0.218,0.005
BRIC_sealed_fb_g1,163.49,-6.2020,18.4,0.218,0.005
BRIC_sealed_fb_g1,163.99,-6.2080,18.3,0.217,0.005
BRIC_sealed_fb_g1,164.49,-6.2150,18.2,0.217,0.005
BRIC_sealed_fb_g1,164.99,-6.2210,18.0,0.217,0.005
BRIC_sealed_fb_g1,165.49,-6.2270,17.9,0.217,0.005
BRIC_sealed_fb_g1,165.99,-6.2340,17.7,0.217,0.004
BRIC_sealed_fb_g1,166.49,-6.2400,17.6,0.217,0.004
BRIC_sealed_fb_g1,166.99,-6.2460,17.5,0.216,0.004
BRIC_sealed_fb_g1,167.49,-6.2520,17.3,0.216,0.004
BRIC_sealed_fb_g1,167.99,-6.2580,17.2,0.216,0.004
BRIC_sealed_fb_g1,168.49,-6.2640,17.1,0.216,0.004
BRIC_sealed_fb_g1,168.99,-6.2700,16.9,0.216,0.004
BRIC_sealed_fb_g1,169.49,-6.2760,16.8,0.215,0.004
BRIC_sealed_fb_g1,169.99,-6.2820,16.7,0.215,0.004
BRIC_sealed_fb_g1,170.49,-6.2880,16.6,0.215,0.004
BRIC_sealed_fb_g1,170.99,-6.2940,16.4,0.215,0.004
BRIC_sealed_fb_g1,171.49,-6.3000,16.3,0.215,0.004
BRIC_sealed_fb_g1,171.99,-6.3050,16.2,0.215,0.004
BRIC_sealed_fb_g1,172.49,-6.3110,16.1,0.214,0.004
BRIC_sealed_fb_g1,172.99,-6.3170,15.9,0.214,0.004
BRIC_sealed_fb_g1,173.49,-6.3220,15.8,0.214,0.004
BRIC_sealed_fb_g1,173.99,-6.3280,15.7,0.214,0.004
BRIC_sealed_fb_g1,174.49,-6.3330,15.6,0.214,0.004
BRIC_sealed_fb_g1,174.99,-6.3390,15.4,0.214,0.004
BRIC_sealed_fb_g1,175.49,-6.3440,15.3,0.213,0.004
BRIC_sealed_fb_g1,175.99,-6.3490,15.2,0.213,0.004
BRIC_sealed_fb_g1,176.49,-6.3550,15.1,0.213,0.004
BRIC_sealed_fb_g1,176.99,-6.3600,15.0,0.213,0.004
BRIC_sealed_fb_g1,177.49,-6.3650,14.9,0.213,0.004
BRIC_sealed_fb_g1,177.99,-6.3710,14.7,0.212,0.004
BRIC_sealed_fb_g1,178.49,-6.3760,14.6,0.212,0.004
BRIC_sealed_fb_g1,178.99,-6.3810,14.5,0.212,0.004
BRIC_sealed_fb_g1,179.49,-6.3860,14.4,0.212,0.004
BRIC_sealed_fb_g1,179.99,-6.3910,14.3,0.212,0.004
BRIC_sealed_fb_g1,180.49,-6.3960,14.2,0.212,0.004
BRIC_sealed_fb_g1,180.99,-6.4010,14.1,0.211,0.003
BRIC_sealed_fb_g1,181.49,-6.4060,14.0,0.211,0.003
BRIC_sealed_fb_g1,181.99,-6.4110,13.8,0.211,0.003
BRIC_sealed_fb_g1,182.49,-6.4160,13.7,0.211,0.003
BRIC_sealed_fb_g1,182.99,-6.4200,13.6,0.211,0.003
BRIC_sealed_fb_g1,183.49,-6.4250,13.5,0.211,0.003
BRIC_sealed_fb_g1,183.99,-6.4300,13.4,0.210,0.003
BRIC_sealed_fb_g1,184.49,-6.4350,13.3,0.210,0.003
BRIC_sealed_fb_g1,184.99,-6.4390,13.2,0.210,0.003
BRIC_sealed_fb_g1,185.49,-6.4440,13.1,0.210,0.003
BRIC_sealed_fb_g1,185.99,-6.4490,13.0,0.210,0.003
BRIC_sealed_fb_g1,186.49,-6.4530,12.9,0.210,0.003
BRIC_sealed_fb_g1,186.99,-6.4580,12.8,0.209,0.003
BRIC_sealed_fb_g1,187.49,-6.4620,12.7,0.209,0.003
BRIC_sealed_fb_g1,187.99,-6.4670,12.6,0.209,0.003
BRIC_sealed_fb_g1,188.49,-6.4710,12.5,0.209,0.003
BRIC_sealed_fb_g1,188.99,-6.4750,12.4,0.209,0.003
BRIC_sealed_fb_g1,189.49,-6.4800,12.3,0.209,0.003
BRIC_sealed_fb_g1,189.99,-6.4840,12.2,0.208,0.003
BRIC_sealed_fb_g1,190.49,-6.4880,12.1,0.208,0.003
BRIC_sealed_fb_g1,190.99,-6.4930,12.0,0.208,0.003
BRIC_sealed_fb_g1,191.49,-6.4970,11.9,0.208,0.003
BRIC_sealed_fb_g1,191.99,-6.5010,11.8,0.208,0.003
BRIC_sealed_fb_g1,192.49,-6.5050,11.7,0.208,0.003
BRIC_sealed_fb_g1,192.99,-6.5090,11.6,0.207,0.003
BRIC_sealed_fb_g1,193.49,-6.5130,11.5,0.207,0.003
BRIC_sealed_fb_g1,193.99,-6.5170,11.4,0.207,0.003
BRIC_sealed_fb_g1,194.49,-6.5210,11.3,0.207,0.003
BRIC_sealed_fb_g1,194.99,-6.5250,11.3,0.207,0.003
BRIC_sealed_fb_g1,195.49,-6.5290,11.2,0.207,0.003
BRIC_sealed_fb_g1,195.99,-6.5330,11.1,0.207,0.003
BRIC_sealed_fb_g1,196.49,-6.5370,11.0,0.206,0.003
BRIC_sealed_fb_g1,196.99,-6.5410,10.9,0.206,0.003
BRIC_sealed_fb_g1,197.49,-6.5450,10.8,0.206,0.003
BRIC_sealed_fb_g1,197.99,-6.5480,10.7,0.206,0.003
BRIC_sealed_fb_g1,198.49,-6.5520,10.6,0.206,0.003
BRIC_sealed_fb_g1,198.99,-6.5560,10.5,0.206,0.003
BRIC_sealed_fb_g1,199.49,-6.5590,10.5,0.205,0.003
BRIC_sealed_fb_g1,199.99,-6.5630,10.4,0.205,0.003
BRIC_sealed_fb_g1,200.49,-6.5670,10.3,0.205,0.002
BRIC_sealed_fb_g1,200.99,-6.5700,10.2,0.205,0.002
BRIC_sealed_fb_g1,201.49,-6.5740,10.1,0.205,0.002
BRIC_sealed_fb_g1,201.99,-6.5770,10.0,0.205,0.002
BRIC_sealed_fb_g1,202.49,-6.5810,10.0,0.205,0.002
BRIC_sealed_fb_g1,202.99,-6.5840,9.9,0.204,0.002
BRIC_sealed_fb_g1,203.49,-6.5880,9.8,0.204,0.002
BRIC_sealed_fb_g1,203.99,-6.5910,9.7,0.204,0.002
BRIC_sealed_fb_g1,204.49,-6.5950,9.7,0.204,0.002
BRIC_sealed_fb_g1,204.99,-6.5980,9.6,0.204,0.002
BRIC_sealed_fb_g1,205.49,-6.6010,9.5,0.204,0.002
BRIC_sealed_fb_g1,205.99,-6.6050,9.4,0.204,0.002
BRIC_sealed_fb_g1,206.49,-6.6080,9.3,0.204,0.002
BRIC_sealed_fb_g1,206.99,-6.6110,9.3,0.203,0.002
BRIC_sealed_fb_g1,207.49,-6.6150,9.2,0.203,0.002
BRIC_sealed_fb_g1,207.99,-6.6180,9.1,0.203,0.002
BRIC_sealed_fb_g1,208.49,-6.6210,9.0,0.203,0.002
BRIC_sealed_fb_g1,208.99,-6.6240,9.0,0.203,0.002
BRIC_sealed_fb_g1,209.49,-6.6270,8.9,0.203,0.002
BRIC_sealed_fb_g1,209.99,-6.6300,8.8,0.203,0.002
BRIC_sealed_fb_g1,210.49,-6.6330,8.8,0.202,0.002
BRIC_sealed_fb_g1,210.99,-6.6360,8.7,0.202,0.002
BRIC_sealed_fb_g1,211.49,-6.6400,8.6,0.202,0.002
BRIC_sealed_fb_g1,211.99,-6.6430,8.5,0.202,0.002
BRIC_sealed_fb_g1,212.49,-6.6450,8.5,0.202,0.002
BRIC_sealed_fb_g1,212.99,-6.6480,8.4,0.202,0.002
BRIC_sealed_fb_g1,213.49,-6.6510,8.3,0.202,0.002
BRIC_sealed_fb_g1,213.99,-6.6540,8.3,0.202,0.002
BRIC_sealed_fb_g1,214.49,-6.6570,8.2,0.201,0.002
BRIC_sealed_fb_g1,214.99,-6.6600,8.1,0.201,0.002
BRIC_sealed_fb_g1,215.49,-6.6630,8.1,0.201,0.002
BRIC_sealed_fb_g1,215.99,-6.6660,8.0,0.201,0.002
BRIC_sealed_fb_g1,216.49,-6.6680,7.9,0.201,0.002
BRIC_sealed_fb_g1,216.99,-6.6710,7.9,0.201,0.002
BRIC_sealed_fb_g1,217.49,-6.6740,7.8,0.201,0.002
BRIC_sealed_fb_g1,217.99,-6.6770,7.7,0.201,0.002
BRIC_sealed_fb_g1,218.49,-6.6790,7.7,0.200,0.002
BRIC_sealed_fb_g1,218.99,-6.6820,7.6,0.200,0.002
BRIC_sealed_fb_g1,219.49,-6.6850,7.6,0.200,0.002
BRIC_sealed_fb_g1,219.99,-6.6870,7.5,0.200,0.002
BRIC_sealed_fb_g1,220.49,-6.6900,7.4,0.200,0.002
BRIC_sealed_fb_g1,220.99,-6.6930,7.4,0.200,0.002
BRIC_sealed_fb_g1,221.49,-6.6950,7.3,0.200,0.002
BRIC_sealed_fb_g1,221.99,-6.6980,7.3,0.200,0.002
BRIC_sealed_fb_g1,222.49,-6.7000,7.2,0.200,0.002
BRIC_sealed_fb_g1,222.99,-6.7030,7.1,0.199,0.002
BRIC_sealed_fb_g1,223.49,-6.7050,7.1,0.199,0.002
BRIC_sealed_fb_g1,223.99,-6.7080,7.0,0.199,0.002
BRIC_sealed_fb_g1,224.49,-6.7100,7.0,0.199,0.002
BRIC_sealed_fb_g1,224.99,-6.7130,6.9,0.199,0.002
BRIC_sealed_fb_g1,225.49,-6.7150,6.8,0.199,0.002
BRIC_sealed_fb_g1,225.99,-6.7170,6.8,0.199,0.002
BRIC_sealed_fb_g1,226.49,-6.7200,6.7,0.199,0.002
BRIC_sealed_fb_g1,226.99,-6.7220,6.7,0.199,0.002
BRIC_sealed_fb_g1,227.49,-6.7240,6.6,0.199,0.002
BRIC_sealed_fb_g1,227.99,-6.7270,6.6,0.198,0.002
BRIC_sealed_fb_g1,228.49,-6.7290,6.5,0.198,0.002
BRIC_sealed_fb_g1,228.99,-6.7310,6.5,0.198,0.002
BRIC_sealed_fb_g1,229.49,-6.7340,6.4,0.198,0.002
BRIC_sealed_fb_g1,229.99,-6.7360,6.4,0.198,0.002
BRIC_sealed_fb_g1,230.49,-6.7380,6.3,0.198,0.001
BRIC_sealed_fb_g1,230.99,-6.7400,6.2,0.198,0.001
BRIC_sealed_fb_g1,231.49,-6.7420,6.2,0.198,0.001
BRIC_sealed_fb_g1,231.99,-6.7450,6.1,0.198,0.001
BRIC_sealed_fb_g1,232.49,-6.7470,6.1,0.198,0.001
BRIC_sealed_fb_g1,232.99,-6.7490,6.0,0.197,0.001
BRIC_sealed_fb_g1,233.49,-6.7510,6.0,0.197,0.001
BRIC_sealed_fb_g1,233.99,-6.7530,5.9,0.197,0.001
BRIC_sealed_fb_g1,234.49,-6.7550,5.9,0.197,0.001
BRIC_sealed_fb_g1,234.99,-6.7570,5.8,0.197,0.001
BRIC_sealed_fb_g1,235.49,-6.7590,5.8,0.197,0.001
BRIC_sealed_fb_g1,235.99,-6.7610,5.7,0.197,0.001
BRIC_sealed_fb_g1,236.49,-6.7630,5.7,0.197,0.001
BRIC_sealed_fb_g1,236.99,-6.7650,5.7,0.197,0.001
BRIC_sealed_fb_g1,237.49,-6.7670,5.6,0.197,0.001
BRIC_sealed_fb_g1,237.99,-6.7690,5.6,0.197,0.001
BRIC_sealed_fb_g1,238.49,-6.7710,5.5,0.197,0.001
BRIC_sealed_fb_g1,238.99,-6.7730,5.5,0.196,0.001
BRIC_sealed_fb_g1,239.49,-6.7750,5.4,0.196,0.001
BRIC_sealed_fb_g1,239.99,-6.7770,5.4,0.196,0.001
BRIC_sealed_fb_g1,240.49,-6.7790,5.3,0.196,0.001
BRIC_sealed_fb_g1,240.99,-6.7810,5.3,0.196,0.001
BRIC_sealed_fb_g1,241.49,-6.7820,5.2,0.196,0.001
BRIC_sealed_fb_g1,241.99,-6.7840,5.2,0.196,0.001
BRIC_sealed_fb_g1,242.49,-6.7860,5.2,0.196,0.001
BRIC_sealed_fb_g1,242.99,-6.7880,5.1,0.196,0.001
BRIC_sealed_fb_g1,243.49,-6.7900,5.1,0.196,0.001
BRIC_sealed_fb_g1,243.99,-6.7920,5.0,0.196,0.001
BRIC_sealed_fb_g1,244.49,-6.7930,5.0,0.196,0.001
BRIC_sealed_fb_g1,244.99,-6.7950,4.9,0.196,0.001
BRIC_sealed_fb_g1,245.49,-6.7970,4.9,0.196,0.001
BRIC_sealed_fb_g1,245.99,-6.7990,4.9,0.196,0.001
BRIC_sealed_fb_g1,246.49,-6.8000,4.8,0.195,0.001
BRIC_sealed_fb_g1,246.99,-6.8020,4.8,0.195,0.001
BRIC_sealed_fb_g1,247.49,-6.8040,4.7,0.195,0.001
BRIC_sealed_fb_g1,247.99,-6.8050,4.7,0.195,0.001
BRIC_sealed_fb_g1,248.49,-6.8070,4.7,0.195,0.001
BRIC_sealed_fb_g1,248.99,-6.8090,4.6,0.195,0.001
BRIC_sealed_fb_g1,249.49,-6.8100,4.6,0.195,0.001
BRIC_sealed_fb_g1,249.99,-6.8120,4.5,0.195,0.001
BRIC_sealed_fb_g1,250.48,-6.8130,4.5,0.195,0.001
BRIC_sealed_fb_g1,250.98,-6.8150,4.5,0.195,0.001
BRIC_sealed_fb_g1,251.48,-6.8170,4.4,0.195,0.001
BRIC_sealed_fb_g1,251.98,-6.8180,4.4,0.195,0.001
BRIC_sealed_fb_g1,252.48,-6.8200,4.4,0.195,0.001
BRIC_sealed_fb_g1,252.98,-6.8210,4.3,0.195,0.001
BRIC_sealed_fb_g1,253.48,-6.8230,4.3,0.195,0.001
BRIC_sealed_fb_g1,253.98,-6.8240,4.2,0.195,0.001
BRIC_sealed_fb_g1,254.48,-6.8260,4.2,0.195,0.001
BRIC_sealed_fb_g1,254.98,-6.8270,4.2,0.195,0.001
BRIC_sealed_fb_g1,255.48,-6.8290,4.1,0.194,0.001
BRIC_sealed_fb_g1,255.98,-6.8300,4.1,0.194,0.001
BRIC_sealed_fb_g1,256.48,-6.8320,4.1,0.194,0.001
BRIC_sealed_fb_g1,256.98,-6.8330,4.0,0.194,0.001
BRIC_sealed_fb_g1,257.48,-6.8350,4.0,0.194,0.001
BRIC_sealed_fb_g1,257.98,-6.8360,4.0,0.194,0.001
BRIC_sealed_fb_g1,258.48,-6.8370,3.9,0.194,0.001
BRIC_sealed_fb_g1,258.98,-6.8390,3.9,0.194,0.001
BRIC_sealed_fb_g1,259.48,-6.8400,3.9,0.194,0.001
BRIC_sealed_fb_g1,259.98,-6.8410,3.8,0.194,0.001
BRIC_sealed_fb_g1,260.48,-6.8430,3.8,0.194,0.001
BRIC_sealed_fb_g1,260.98,-6.8440,3.8,0.194,0.001
BRIC_sealed_fb_g1,261.48,-6.8460,3.7,0.194,0.001
BRIC_sealed_fb_g1,261.98,-6.8470,3.7,0.194,0.001
BRIC_sealed_fb_g1,262.48,-6.8480,3.7,0.194,0.001
BRIC_sealed_fb_g1,262.98,-6.8490,3.6,0.194,0.001
BRIC_sealed_fb_g1,263.48,-6.8510,3.6,0.194,0.001
BRIC_sealed_fb_g1,263.98,-6.8520,3.6,0.194,0.001
BRIC_sealed_fb_g1,264.48,-6.8530,3.6,0.194,0.001
BRIC_sealed_fb_g1,264.98,-6.8550,3.5,0.194,0.001
BRIC_sealed_fb_g1,265.48,-6.8560,3.5,0.194,0.001
BRIC_sealed_fb_g1,265.98,-6.8570,3.5,0.194,0.001
BRIC_sealed_fb_g1,266.48,-6.8580,3.4,0.194,0.001
BRIC_sealed_fb_g1,266.98,-6.8590,3.4,0.193,0.001
BRIC_sealed_fb_g1,267.48,-6.8610,3.4,0.193,0.001
BRIC_sealed_fb_g1,267.98,-6.8620,3.3,0.193,0.001
BRIC_sealed_fb_g1,268.48,-6.8630,3.3,0.193,0.001
BRIC_sealed_fb_g1,268.98,-6.8640,3.3,0.193,0.001
BRIC_sealed_fb_g1,269.48,-6.8650,3.3,0.193,0.001
BRIC_sealed_fb_g1,269.98,-6.8670,3.2,0.193,0.001
BRIC_sealed_fb_g1,270.48,-6.8680,3.2,0.193,0.001
BRIC_sealed_fb_g1,270.98,-6.8690,3.2,0.193,0.001
BRIC_sealed_fb_g1,271.48,-6.8700,3.2,0.193,0.001
BRIC_sealed_fb_g1,271.98,-6.8710,3.1,0.193,0.001
BRIC_sealed_fb_g1,272.48,-6.8720,3.1,0.193,0.001
BRIC_sealed_fb_g1,272.98,-6.8730,3.1,0.193,0.001
BRIC_sealed_fb_g1,273.48,-6.8740,3.0,0.193,0.001
BRIC_sealed_fb_g1,273.98,-6.8750,3.0,0.193,0.001
BRIC_sealed_fb_g1,274.48,-6.8770,3.0,0.193,0.001
BRIC_sealed_fb_g1,274.98,-6.8780,3.0,0.193,0.001
BRIC_sealed_fb_g1,275.48,-6.8790,2.9,0.193,0.001
BRIC_sealed_fb_g1,275.98,-6.8800,2.9,0.193,0.001
BRIC_sealed_fb_g1,276.48,-6.8810,2.9,0.193,0.001
BRIC_sealed_fb_g1,276.98,-6.8820,2.9,0.193,0.001
BRIC_sealed_fb_g1,277.48,-6.8830,2.8,0.193,0.001
BRIC_sealed_fb_g1,277.98,-6.8840,2.8,0.193,0.001
BRIC_sealed_fb_g1,278.48,-6.8850,2.8,0.193,0.001
BRIC_sealed_fb_g1,278.98,-6.8860,2.8,0.193,0.001
BRIC_sealed_fb_g1,279.48,-6.8870,2.8,0.193,0.001
BRIC_sealed_fb_g1,279.98,-6.8880,2.7,0.193,0.001
BRIC_sealed_fb_g1,280.48,-6.8890,2.7,0.193,0.001
BRIC_sealed_fb_g1,280.98,-6.8900,2.7,0.193,0.001
BRIC_sealed_fb_g1,281.48,-6.8910,2.7,0.193,0.001
BRIC_sealed_fb_g1,281.98,-6.8920,2.6,0.193,0.001
BRIC_sealed_fb_g1,282.48,-6.8920,2.6,0.193,0.001
BRIC_sealed_fb_g1,282.98,-6.8930,2.6,0.193,0.001
BRIC_sealed_fb_g1,283.48,-6.8940,2.6,0.193,0.001
BRIC_sealed_fb_g1,283.98,-6.8950,2.5,0.192,0.001
BRIC_sealed_fb_g1,284.48,-6.8960,2.5,0.192,0.001
BRIC_sealed_fb_g1,284.98,-6.8970,2.5,0.192,0.001
BRIC_sealed_fb_g1,285.48,-6.8980,2.5,0.192,0.001
BRIC_sealed_fb_g1,285.98,-6.8990,2.5,0.192,0.001
BRIC_sealed_fb_g1,286.48,-6.9000,2.4,0.192,0.001
BRIC_sealed_fb_g1,286.98,-6.9010,2.4,0.192,0.001
BRIC_sealed_fb_g1,287.48,-6.9010,2.4,0.192,0.001
BRIC_sealed_fb_g1,287.98,-6.9020,2.4,0.192,0.001
BRIC_sealed_fb_g1,288.48,-6.9030,2.4,0.192,0.001
BRIC_sealed_fb_g1,288.98,-6.9040,2.3,0.192,0.001
BRIC_sealed_fb_g1,289.48,-6.9050,2.3,0.192,0.001
BRIC_sealed_fb_g1,289.98,-6.9060,2.3,0.192,0.001
BRIC_sealed_fb_g1,290.48,-6.9060,2.3,0.192,0.001
BRIC_sealed_fb_g1,290.98,-6.9070,2.3,0.192,0.001
BRIC_sealed_fb_g1,291.48,-6.9080,2.2,0.192,0.001
BRIC_sealed_fb_g1,291.98,-6.9090,2.2,0.192,0.001
BRIC_sealed_fb_g1,292.48,-6.9100,2.2,0.192,0.001
BRIC_sealed_fb_g1,292.98,-6.9100,2.2,0.192,0.001
BRIC_sealed_fb_g1,293.48,-6.9110,2.2,0.192,0.001
BRIC_sealed_fb_g1,293.98,-6.9120,2.1,0.192,0.000
BRIC_sealed_fb_g1,294.48,-6.9130,2.1,0.192,0.000
BRIC_sealed_fb_g1,294.98,-6.9130,2.1,0.192,0.000
BRIC_sealed_fb_g1,295.48,-6.9140,2.1,0.192,0.000
BRIC_sealed_fb_g1,295.98,-6.9150,2.1,0.192,0.000
BRIC_sealed_fb_g1,296.48,-6.9160,2.1,0.192,0.000
BRIC_sealed_fb_g1,296.98,-6.9160,2.0,0.192,0.000
BRIC_sealed_fb_g1,297.48,-6.9170,2.0,0.192,0.000
BRIC_sealed_fb_g1,297.98,-6.9180,2.0,0.192,0.000
BRIC_sealed_fb_g1,298.48,-6.9180,2.0,0.192,0.000
BRIC_sealed_fb_g1,298.98,-6.9190,2.0,0.192,0.000
BRIC_sealed_fb_g1,299.48,-6.9200,2.0,0.192,0.000
BRIC_sealed_fb_g1,299.98,-6.9210,1.9,0.192,0.000
BRIC_sealed_fb_g1,300.48,-6.9210,1.9,0.192,0.000
BRIC_sealed_fb_g1,300.98,-6.9220,1.9,0.192,0.000
BRIC_sealed_fb_g1,301.48,-6.9230,1.9,0.192,0.000
BRIC_sealed_fb_g1,301.98,-6.9230,1.9,0.192,0.000
BRIC_sealed_fb_g1,302.48,-6.9240,1.9,0.192,0.000
BRIC_sealed_fb_g1,302.98,-6.9250,1.8,0.192,0.000
BRIC_sealed_fb_g1,303.48,-6.9250,1.8,0.192,0.000
BRIC_sealed_fb_g1,303.98,-6.9260,1.8,0.192,0.000
BRIC_sealed_fb_g1,304.48,-6.9270,1.8,0.192,0.000
BRIC_sealed_fb_g1,304.98,-6.9270,1.8,0.192,0.000
BRIC_sealed_fb_g1,305.48,-6.9280,1.8,0.192,0.000
BRIC_sealed_fb_g1,305.98,-6.9280,1.7,0.192,0.000
BRIC_sealed_fb_g1,306.48,-6.9290,1.7,0.192,0.000
BRIC_sealed_fb_g1,306.98,-6.9300,1.7,0.192,0.000
BRIC_sealed_fb_g1,307.48,-6.9300,1.7,0.192,0.000
BRIC_sealed_fb_g1,307.98,-6.9310,1.7,0.192,0.000
BRIC_sealed_fb_g1,308.48,-6.9310,1.7,0.192,0.000
BRIC_sealed_fb_g1,308.98,-6.9320,1.7,0.192,0.000
BRIC_sealed_fb_g1,309.48,-6.9330,1.6,0.192,0.000
BRIC_sealed_fb_g1,309.98,-6.9330,1.6,0.192,0.000
BRIC_sealed_fb_g1,310.48,-6.9340,1.6,0.192,0.000
BRIC_sealed_fb_g1,310.98,-6.9340,1.6,0.192,0.000
BRIC_sealed_fb_g1,311.48,-6.9350,1.6,0.192,0.000
BRIC_sealed_fb_g1,311.98,-6.9350,1.6,0.192,0.000
BRIC_sealed_fb_g1,312.48,-6.9360,1.6,0.192,0.000
BRIC_sealed_fb_g1,312.98,-6.9370,1.5,0.192,0.000
BRIC_sealed_fb_g1,313.48,-6.9370,1.5,0.192,0.000
BRIC_sealed_fb_g1,313.98,-6.9380,1.5,0.192,0.000
BRIC_sealed_fb_g1,314.48,-6.9380,1.5,0.192,0.000
BRIC_sealed_fb_g1,314.98,-6.9390,1.5,0.192,0.000
BRIC_sealed_fb_g1,315.48,-6.9390,1.5,0.192,0.000
BRIC_sealed_fb_g1,315.98,-6.9400,1.5,0.192,0.000
BRIC_sealed_fb_g1,316.48,-6.9400,1.5,0.191,0.000
BRIC_sealed_fb_g1,316.98,-6.9410,1.4,0.191,0.000
BRIC_sealed_fb_g1,317.48,-6.9410,1.4,0.191,0.000
BRIC_sealed_fb_g1,317.98,-6.9420,1.4,0.191,0.000
BRIC_sealed_fb_g1,318.48,-6.9420,1.4,0.191,0.000
BRIC_sealed_fb_g1,318.98,-6.9430,1.4,0.191,0.000
BRIC_sealed_fb_g1,319.48,-6.9430,1.4,0.191,0.000
BRIC_sealed_fb_g1,319.98,-6.9440,1.4,0.191,0.000
BRIC_sealed_fb_g1,320.48,-6.9440,1.4,0.191,0.000
BRIC_sealed_fb_g1,320.98,-6.9450,1.3,0.191,0.000
BRIC_sealed_fb_g1,321.48,-6.9450,1.3,0.191,0.000
BRIC_sealed_fb_g1,321.98,-6.9460,1.3,0.191,0.000
BRIC_sealed_fb_g1,322.48,-6.9460,1.3,0.191,0.000
BRIC_sealed_fb_g1,322.98,-6.9470,1.3,0.191,0.000
BRIC_sealed_fb_g1,323.48,-6.9470,1.3,0.191,0.000
BRIC_sealed_fb_g1,323.98,-6.9480,1.3,0.191,0.000
BRIC_sealed_fb_g1,324.48,-6.9480,1.3,0.191,0.000
BRIC_sealed_fb_g1,324.98,-6.9480,1.3,0.191,0.000
BRIC_sealed_fb_g1,325.48,-6.9490,1.2,0.191,0.000
BRIC_sealed_fb_g1,325.98,-6.9490,1.2,0.191,0.000
BRIC_sealed_fb_g1,326.48,-6.9500,1.2,0.191,0.000
BRIC_sealed_fb_g1,326.98,-6.9500,1.2,0.191,0.000
BRIC_sealed_fb_g1,327.48,-6.9510,1.2,0.191,0.000
BRIC_sealed_fb_g1,327.98,-6.9510,1.2,0.191,0.000
BRIC_sealed_fb_g1,328.48,-6.9520,1.2,0.191,0.000
BRIC_sealed_fb_g1,328.98,-6.9520,1.2,0.191,0.000
BRIC_sealed_fb_g1,329.48,-6.9520,1.2,0.191,0.000
BRIC_sealed_fb_g1,329.98,-6.9530,1.2,0.191,0.000
BRIC_sealed_fb_g1,330.48,-6.9530,1.1,0.191,0.000
BRIC_sealed_fb_g1,330.98,-6.9540,1.1,0.191,0.000
BRIC_sealed_fb_g1,331.48,-6.9540,1.1,0.191,0.000
BRIC_sealed_fb_g1,331.98,-6.9540,1.1,0.191,0.000
BRIC_sealed_fb_g1,332.48,-6.9550,1.1,0.191,0.000
BRIC_sealed_fb_g1,332.98,-6.9550,1.1,0.191,0.000
BRIC_sealed_fb_g1,333.48,-6.9560,1.1,0.191,0.000
BRIC_sealed_fb_g1,333.98,-6.9560,1.1,0.191,0.000
BRIC_sealed_fb_g1,334.48,-6.9560,1.1,0.191,0.000
BRIC_sealed_fb_g1,334.98,-6.9570,1.1,0.191,0.000
BRIC_sealed_fb_g1,335.48,-6.9570,1.0,0.191,0.000
BRIC_sealed_fb_g1,335.98,-6.9570,1.0,0.191,0.000
BRIC_sealed_fb_g1,336.48,-6.9580,1.0,0.191,0.000
BRIC_sealed_fb_g1,336.98,-6.9580,1.0,0.191,0.000
BRIC_sealed_fb_g1,337.48,-6.9590,1.0,0.191,0.000
BRIC_sealed_fb_g1,337.98,-6.9590,1.0,0.191,0.000
BRIC_sealed_fb_g1,338.48,-6.9590,1.0,0.191,0.000
BRIC_sealed_fb_g1,338.98,-6.9600,1.0,0.191,0.000
BRIC_sealed_fb_g1,339.48,-6.9600,1.0,0.191,0.000
BRIC_sealed_fb_g1,339.98,-6.9600,1.0,0.191,0.000
BRIC_sealed_fb_g1,340.48,-6.9610,1.0,0.191,0.000
BRIC_sealed_fb_g1,340.98,-6.9610,1.0,0.191,0.000
BRIC_sealed_fb_g1,341.48,-6.9610,0.9,0.191,0.000
BRIC_sealed_fb_g1,341.98,-6.9620,0.9,0.191,0.000
BRIC_sealed_fb_g1,342.48,-6.9620,0.9,0.191,0.000
BRIC_sealed_fb_g1,342.98,-6.9620,0.9,0.191,0.000
BRIC_sealed_fb_g1,343.48,-6.9630,0.9,0.191,0.000
BRIC_sealed_fb_g1,343.98,-6.9630,0.9,0.191,0.000
BRIC_sealed_fb_g1,344.48,-6.9630,0.9,0.191,0.000
BRIC_sealed_fb_g1,344.98,-6.9640,0.9,0.191,0.000
BRIC_sealed_fb_g1,345.48,-6.9640,0.9,0.191,0.000
BRIC_sealed_fb_g1,345.98,-6.9640,0.9,0.191,0.000
BRIC_sealed_fb_g1,346.48,-6.9650,0.9,0.191,0.000
BRIC_sealed_fb_g1,346.98,-6.9650,0.9,0.191,0.000
BRIC_sealed_fb_g1,347.48,-6.9650,0.9,0.191,0.000
BRIC_sealed_fb_g1,347.98,-6.9650,0.8,0.191,0.000
BRIC_sealed_fb_g1,348.48,-6.9660,0.8,0.191,0.000
BRIC_sealed_fb_g1,348.98,-6.9660,0.8,0.191,0.000
BRIC_sealed_fb_g1,349.48,-6.9660,0.8,0.191,0.000
BRIC_sealed_fb_g1,349.98,-6.9670,0.8,0.191,0.000
BRIC_sealed_fb_g1,350.48,-6.9670,0.8,0.191,0.000
BRIC_sealed_fb_g1,350.98,-6.9670,0.8,0.191,0.000
BRIC_sealed_fb_g1,351.48,-6.9670,0.8,0.191,0.000
BRIC_sealed_fb_g1,351.98,-6.9680,0.8,0.191,0.000
BRIC_sealed_fb_g1,352.48,-6.9680,0.8,0.191,0.000
BRIC_sealed_fb_g1,352.98,-6.9680,0.8,0.191,0.000
BRIC_sealed_fb_g1,353.48,-6.9690,0.8,0.191,0.000
BRIC_sealed_fb_g1,353.98,-6.9690,0.8,0.191,0.000
BRIC_sealed_fb_g1,354.48,-6.9690,0.8,0.191,0.000
BRIC_sealed_fb_g1,354.98,-6.9690,0.7,0.191,0.000
BRIC_sealed_fb_g1,355.48,-6.9700,0.7,0.191,0.000
BRIC_sealed_fb_g1,355.98,-6.9700,0.7,0.191,0.000
BRIC_sealed_fb_g1,356.48,-6.9700,0.7,0.191,0.000
BRIC_sealed_fb_g1,356.98,-6.9700,0.7,0.191,0.000
BRIC_sealed_fb_g1,357.48,-6.9710,0.7,0.191,0.000
BRIC_sealed_fb_g1,357.98,-6.9710,0.7,0.191,0.000
BRIC_sealed_fb_g1,358.48,-6.9710,0.7,0.191,0.000
BRIC_sealed_fb_g1,358.98,-6.9710,0.7,0.191,0.000
BRIC_sealed_fb_g1,359.48,-6.9720,0.7,0.191,0.000
BRIC_sealed_fb_g1,359.98,-6.9720,0.7,0.191,0.000
BRIC_sealed_fb_g1,360.48,-6.9720,0.7,0.191,0.000
BRIC_sealed_fb_g1,360.98,-6.9720,0.7,0.191,0.000
BRIC_sealed_fb_g1,361.48,-6.9730,0.7,0.191,0.000
BRIC_sealed_fb_g1,361.98,-6.9730,0.7,0.191,0.000
BRIC_sealed_fb_g1,362.48,-6.9730,0.7,0.191,0.000
BRIC_sealed_fb_g1,362.98,-6.9730,0.7,0.191,0.000
BRIC_sealed_fb_g1,363.48,-6.9740,0.6,0.191,0.000
BRIC_sealed_fb_g1,363.98,-6.9740,0.6,0.191,0.000
BRIC_sealed_fb_g1,364.48,-6.9740,0.6,0.191,0.000
BRIC_sealed_fb_g1,364.98,-6.9740,0.6,0.191,0.000
BRIC_sealed_fb_g1,365.48,-6.9740,0.6,0.191,0.000
BRIC_sealed_fb_g1,365.98,-6.9750,0.6,0.191,0.000
BRIC_sealed_fb_g1,366.48,-6.9750,0.6,0.191,0.000
BRIC_sealed_fb_g1,366.98,-6.9750,0.6,0.191,0.000
BRIC_sealed_fb_g1,367.48,-6.9750,0.6,0.191,0.000
BRIC_sealed_fb_g1,367.98,-6.9760,0.6,0.191,0.000
BRIC_sealed_fb_g1,368.48,-6.9760,0.6,NaN,0.000
BRIC_sealed_fb_g1,368.98,-6.9760,0.6,NaN,0.000
BRIC_sealed_fb_g1,369.48,-6.9760,0.6,NaN,0.000
BRIC_sealed_fb_g1,369.98,-6.9760,0.6,NaN,0.000
BRIC_sealed_fb_g1,370.48,-6.9770,0.6,NaN,0.000
BRIC_sealed_fb_g1,370.98,-6.9770,0.6,NaN,0.000
BRIC_sealed_fb_g1,371.48,-6.9770,0.6,NaN,0.000
BRIC_sealed_fb_g1,371.98,-6.9770,0.6,NaN,0.000
BRIC_sealed_fb_g1,372.48,-6.9770,0.6,NaN,0.000
BRIC_sealed_fb_g1,372.98,-6.9780,0.5,NaN,0.000
BRIC_sealed_fb_g1,373.48,-6.9780,0.5,NaN,0.000
BRIC_sealed_fb_g1,373.98,-6.9780,0.5,NaN,0.000
BRIC_sealed_fb_g1,374.48,-6.9780,0.5,NaN,0.000
BRIC_sealed_fb_g1,374.98,-6.9780,0.5,NaN,0.000
BRIC_sealed_fb_g1,375.48,-6.9790,0.5,NaN,0.000
BRIC_sealed_fb_g1,375.98,-6.9790,0.5,NaN,0.000
BRIC_sealed_fb_g1,376.48,-6.9790,0.5,NaN,0.000
BRIC_sealed_fb_g1,376.98,-6.9790,0.5,NaN,0.000
BRIC_sealed_fb_g1,377.48,-6.9790,0.5,NaN,0.000
BRIC_sealed_fb_g1,377.98,-6.9790,0.5,NaN,0.000
BRIC_sealed_fb_g1,378.48,-6.9800,0.5,NaN,0.000
BRIC_sealed_fb_g1,378.98,-6.9800,0.5,NaN,0.000
BRIC_sealed_fb_g1,379.48,-6.9800,0.5,NaN,0.000
BRIC_sealed_fb_g1,379.98,-6.9800,0.5,NaN,0.000
BRIC_sealed_fb_g1,380.48,-6.9800,0.5,NaN,0.000
BRIC_sealed_fb_g1,380.98,-6.9810,0.5,NaN,0.000
BRIC_sealed_fb_g1,381.48,-6.9810,0.5,NaN,0.000
BRIC_sealed_fb_g1,381.98,-6.9810,0.5,NaN,0.000
BRIC_sealed_fb_g1,382.48,-6.9810,0.5,NaN,0.000
BRIC_sealed_fb_g1,382.98,-6.9810,0.5,NaN,0.000
BRIC_sealed_fb_g1,383.48,-6.9810,0.5,NaN,0.000
BRIC_sealed_fb_g1,383.98,-6.9820,0.5,NaN,0.000
BRIC_sealed_fb_g1,384.48,-6.9820,0.4,NaN,0.000
BRIC_sealed_fb_g1,384.98,-6.9820,0.4,NaN,0.000
BRIC_sealed_fb_g1,385.48,-6.9820,0.4,NaN,0.000
BRIC_sealed_fb_g1,385.98,-6.9820,0.4,NaN,0.000
BRIC_sealed_fb_g1,386.48,-6.9820,0.4,NaN,0.000
BRIC_sealed_fb_g1,386.98,-6.9820,0.4,NaN,0.000
BRIC_sealed_fb_g1,387.48,-6.9830,0.4,NaN,0.000
BRIC_sealed_fb_g1,387.98,-6.9830,0.4,NaN,0.000
BRIC_sealed_fb_g1,388.48,-6.9830,0.4,NaN,0.000
BRIC_sealed_fb_g1,388.98,-6.9830,0.4,NaN,0.000
BRIC_sealed_fb_g1,389.48,-6.9830,0.4,NaN,0.000
BRIC_sealed_fb_g1,389.98,-6.9830,0.4,NaN,0.000
BRIC_sealed_fb_g1,390.48,-6.9830,0.4,NaN,0.000
BRIC_sealed_fb_g1,390.98,-6.9840,0.4,NaN,0.000
BRIC_sealed_fb_g1,391.48,-6.9840,0.4,NaN,0.000
BRIC_sealed_fb_g1,391.98,-6.9840,0.4,NaN,0.000
BRIC_sealed_fb_g1,392.48,-6.9840,0.4,NaN,0.000
BRIC_sealed_fb_g1,392.98,-6.9840,0.4,NaN,0.000
BRIC_sealed_fb_g1,393.48,-6.9840,0.4,NaN,0.000
BRIC_sealed_fb_g1,393.98,-6.9840,0.4,NaN,0.000
BRIC_sealed_fb_g1,394.48,-6.9850,0.4,NaN,0.000
BRIC_sealed_fb_g1,394.98,-6.9850,0.4,NaN,0.000
BRIC_sealed_fb_g1,395.48,-6.9850,0.4,NaN,0.000
BRIC_sealed_fb_g1,395.98,-6.9850,0.4,NaN,0.000
BRIC_sealed_fb_g1,396.48,-6.9850,0.4,NaN,0.000
BRIC_sealed_fb_g1,396.98,-6.9850,0.4,NaN,0.000
BRIC_sealed_fb_g1,397.48,-6.9850,0.4,NaN,0.000
BRIC_sealed_fb_g1,397.98,-6.9860,0.4,NaN,0.000
BRIC_sealed_fb_g1,398.48,-6.9860,0.4,NaN,0.000
BRIC_sealed_fb_g1,398.98,-6.9860,0.3,NaN,0.000
BRIC_sealed_fb_g1,399.48,-6.9860,0.3,NaN,0.000
BRIC_sealed_fb_g1,399.98,-6.9860,0.3,NaN,0.000
BRIC_sealed_fb_g1,400.48,-6.9860,0.3,NaN,0.000
BRIC_sealed_fb_g1,400.98,-6.9860,0.3,NaN,0.000
BRIC_sealed_fb_g1,401.48,-6.9860,0.3,NaN,0.000
BRIC_sealed_fb_g1,401.98,-6.9860,0.3,NaN,0.000
BRIC_sealed_fb_g1,402.48,-6.9870,0.3,NaN,0.000
BRIC_sealed_fb_g1,402.98,-6.9870,0.3,NaN,0.000
BRIC_sealed_fb_g1,403.48,-6.9870,0.3,NaN,0.000
BRIC_sealed_fb_g1,403.98,-6.9870,0.3,NaN,0.000
BRIC_sealed_fb_g1,404.48,-6.9870,0.3,NaN,0.000
BRIC_sealed_fb_g1,404.98,-6.9870,0.3,NaN,0.000
BRIC_sealed_fb_g1,405.48,-6.9870,0.3,NaN,0.000
BRIC_sealed_fb_g1,405.98,-6.9870,0.3,NaN,0.000
BRIC_sealed_fb_g1,406.48,-6.9870,0.3,NaN,0.000
BRIC_sealed_fb_g1,406.98,-6.9880,0.3,NaN,0.000
BRIC_sealed_fb_g1,407.48,-6.9880,0.3,NaN,0.000
BRIC_sealed_fb_g1,407.98,-6.9880,0.3,NaN,0.000
BRIC_sealed_fb_g1,408.48,-6.9880,0.3,NaN,0.000
BRIC_sealed_fb_g1,408.98,-6.9880,0.3,NaN,0.000
BRIC_sealed_fb_g1,409.48,-6.9880,0.3,NaN,0.000
BRIC_sealed_fb_g1,409.98,-6.9880,0.3,NaN,0.000
BRIC_sealed_fb_g1,410.48,-6.9880,0.3,NaN,0.000
BRIC_sealed_fb_g1,410.98,-6.9880,0.3,NaN,0.000
BRIC_sealed_fb_g1,411.48,-6.9890,0.3,NaN,0.000
BRIC_sealed_fb_g1,411.98,-6.9890,0.3,NaN,0.000
BRIC_sealed_fb_g1,412.48,-6.9890,0.3,NaN,0.000
BRIC_sealed_fb_g1,412.98,-6.9890,0.3,NaN,0.000
BRIC_sealed_fb_g1,413.48,-6.9890,0.3,NaN,0.000
BRIC_sealed_fb_g1,413.98,-6.9890,0.3,NaN,0.000
BRIC_sealed_fb_g1,414.48,-6.9890,0.3,NaN,0.000
BRIC_sealed_fb_g1,414.98,-6.9890,0.3,NaN,0.000
BRIC_sealed_fb_g1,415.20,-6.9890,0.3,NaN,0.000
BRIC_sealed_fb_g0,0.50,-0.0350,98.4,0.798,0.680
BRIC_sealed_fb_g0,1.00,-0.0690,97.3,0.493,0.406
BRIC_sealed_fb_g0,1.50,-0.1020,96.5,0.382,0.305
BRIC_sealed_fb_g0,2.00,-0.1360,95.7,0.325,0.253
BRIC_sealed_fb_g0,2.50,-0.1690,95.1,0.291,0.220
BRIC_sealed_fb_g0,3.00,-0.2020,94.5,0.268,0.198
BRIC_sealed_fb_g0,3.50,-0.2350,94.0,0.252,0.181
BRIC_sealed_fb_g0,4.00,-0.2680,93.6,0.240,0.168
BRIC_sealed_fb_g0,4.50,-0.3000,93.1,0.231,0.158
BRIC_sealed_fb_g0,5.00,-0.3330,92.8,0.224,0.150
BRIC_sealed_fb_g0,5.50,-0.3650,92.4,0.219,0.142
BRIC_sealed_fb_g0,6.00,-0.3970,92.0,0.214,0.136
BRIC_sealed_fb_g0,6.50,-0.4290,91.7,0.210,0.130
BRIC_sealed_fb_g0,7.00,-0.4610,91.4,0.207,0.125
BRIC_sealed_fb_g0,7.50,-0.4930,91.1,0.204,0.121
BRIC_sealed_fb_g0,8.00,-0.5240,90.8,0.202,0.117
BRIC_sealed_fb_g0,8.50,-0.5560,90.5,0.200,0.113
BRIC_sealed_fb_g0,9.00,-0.5870,90.2,0.198,0.110
BRIC_sealed_fb_g0,9.50,-0.6190,89.9,0.197,0.107
BRIC_sealed_fb_g0,10.00,-0.6500,89.6,0.195,0.104
BRIC_sealed_fb_g0,10.50,-0.6810,89.3,0.194,0.101
BRIC_sealed_fb_g0,11.00,-0.7120,89.1,0.193,0.099
BRIC_sealed_fb_g0,11.50,-0.7430,88.8,0.192,0.096
BRIC_sealed_fb_g0,12.00,-0.7740,88.5,0.192,0.094
BRIC_sealed_fb_g0,12.50,-0.8050,88.3,0.191,0.092
BRIC_sealed_fb_g0,13.00,-0.8360,88.0,0.190,0.090
BRIC_sealed_fb_g0,13.50,-0.8660,87.8,0.190,0.088
BRIC_sealed_fb_g0,14.00,-0.8970,87.5,0.189,0.086
BRIC_sealed_fb_g0,14.50,-0.9270,87.2,0.189,0.084
BRIC_sealed_fb_g0,15.00,-0.9580,87.0,0.189,0.082
BRIC_sealed_fb_g0,15.50,-0.9880,86.7,0.188,0.081
BRIC_sealed_fb_g0,16.00,-1.0180,86.5,0.188,0.079
BRIC_sealed_fb_g0,16.50,-1.0480,86.2,0.188,0.078
BRIC_sealed_fb_g0,17.00,-1.0780,86.0,0.188,0.076
BRIC_sealed_fb_g0,17.50,-1.1080,85.7,0.188,0.075
BRIC_sealed_fb_g0,18.00,-1.1380,85.5,0.187,0.073
BRIC_sealed_fb_g0,18.50,-1.1680,85.2,0.187,0.072
BRIC_sealed_fb_g0,19.00,-1.1970,84.9,0.187,0.071
BRIC_sealed_fb_g0,19.50,-1.2270,84.7,0.187,0.070
BRIC_sealed_fb_g0,20.00,-1.2570,84.4,0.187,0.069
BRIC_sealed_fb_g0,20.50,-1.2860,84.2,0.187,0.067
BRIC_sealed_fb_g0,21.00,-1.3150,83.9,0.187,0.066
BRIC_sealed_fb_g0,21.50,-1.3440,83.7,0.187,0.065
BRIC_sealed_fb_g0,22.00,-1.3740,83.4,0.187,0.064
BRIC_sealed_fb_g0,22.50,-1.4030,83.2,0.187,0.063
BRIC_sealed_fb_g0,23.00,-1.4310,82.9,0.187,0.062
BRIC_sealed_fb_g0,23.50,-1.4600,82.7,0.187,0.061
BRIC_sealed_fb_g0,24.00,-1.4890,82.4,0.187,0.060
BRIC_sealed_fb_g0,24.50,-1.5180,82.2,0.187,0.059
BRIC_sealed_fb_g0,25.00,-1.5460,81.9,0.186,0.059
BRIC_sealed_fb_g0,25.50,-1.5750,81.6,0.186,0.058
BRIC_sealed_fb_g0,26.00,-1.6030,81.4,0.186,0.057
BRIC_sealed_fb_g0,26.50,-1.6320,81.1,0.186,0.056
BRIC_sealed_fb_g0,27.00,-1.6600,80.9,0.186,0.055
BRIC_sealed_fb_g0,27.50,-1.6880,80.6,0.186,0.054
BRIC_sealed_fb_g0,28.00,-1.7160,80.4,0.186,0.054
BRIC_sealed_fb_g0,28.50,-1.7440,80.1,0.186,0.053
BRIC_sealed_fb_g0,29.00,-1.7720,79.9,0.186,0.052
BRIC_sealed_fb_g0,29.50,-1.8000,79.6,0.186,0.052
BRIC_sealed_fb_g0,30.00,-1.8270,79.3,0.186,0.051
BRIC_sealed_fb_g0,30.50,-1.8550,79.1,0.186,0.050
BRIC_sealed_fb_g0,31.00,-1.8820,78.8,0.186,0.050
BRIC_sealed_fb_g0,31.50,-1.9100,78.6,0.186,0.049
BRIC_sealed_fb_g0,32.00,-1.9370,78.3,0.186,0.048
BRIC_sealed_fb_g0,32.50,-1.9650,78.0,0.186,0.048
BRIC_sealed_fb_g0,33.00,-1.9920,77.8,0.186,0.047
BRIC_sealed_fb_g0,33.50,-2.0190,77.5,0.186,0.046
BRIC_sealed_fb_g0,34.00,-2.0460,77.3,0.186,0.046
BRIC_sealed_fb_g0,34.50,-2.0730,77.0,0.186,0.045
BRIC_sealed_fb_g0,35.00,-2.0990,76.7,0.186,0.045
BRIC_sealed_fb_g0,35.50,-2.1260,76.5,0.186,0.044
BRIC_sealed_fb_g0,36.00,-2.1530,76.2,0.186,0.044
BRIC_sealed_fb_g0,36.50,-2.1790,76.0,0.186,0.043
BRIC_sealed_fb_g0,37.00,-2.2060,75.7,0.186,0.043
BRIC_sealed_fb_g0,37.50,-2.2320,75.4,0.186,0.042
BRIC_sealed_fb_g0,38.00,-2.2580,75.2,0.186,0.042
BRIC_sealed_fb_g0,38.50,-2.2840,74.9,0.186,0.041
BRIC_sealed_fb_g0,39.00,-2.3100,74.7,0.186,0.041
BRIC_sealed_fb_g0,39.50,-2.3360,74.4,0.186,0.040
BRIC_sealed_fb_g0,40.00,-2.3620,74.1,0.186,0.040
BRIC_sealed_fb_g0,40.50,-2.3880,73.9,0.186,0.039
BRIC_sealed_fb_g0,41.00,-2.4140,73.6,0.186,0.039
BRIC_sealed_fb_g0,41.50,-2.4390,73.3,0.186,0.038
BRIC_sealed_fb_g0,42.00,-2.4650,73.1,0.186,0.038
BRIC_sealed_fb_g0,42.50,-2.4900,72.8,0.186,0.038
BRIC_sealed_fb_g0,43.00,-2.5160,72.6,0.186,0.037
BRIC_sealed_fb_g0,43.50,-2.5410,72.3,0.186,0.037
BRIC_sealed_fb_g0,44.00,-2.5660,72.0,0.187,0.036
BRIC_sealed_fb_g0,44.50,-2.5910,71.8,0.187,0.036
BRIC_sealed_fb_g0,45.00,-2.6160,71.5,0.187,0.036
BRIC_sealed_fb_g0,45.50,-2.6410,71.2,0.187,0.035
BRIC_sealed_fb_g0,46.00,-2.6660,71.0,0.187,0.035
BRIC_sealed_fb_g0,46.50,-2.6900,70.7,0.187,0.034
BRIC_sealed_fb_g0,47.00,-2.7150,70.4,0.187,0.034
BRIC_sealed_fb_g0,47.50,-2.7400,70.2,0.187,0.034
BRIC_sealed_fb_g0,48.00,-2.7640,69.9,0.187,0.033
BRIC_sealed_fb_g0,48.50,-2.7880,69.6,0.187,0.033
BRIC_sealed_fb_g0,49.00,-2.8120,69.4,0.187,0.033
BRIC_sealed_fb_g0,49.50,-2.8370,69.1,0.187,0.032
BRIC_sealed_fb_g0,50.00,-2.8610,68.9,0.187,0.032
BRIC_sealed_fb_g0,50.50,-2.8850,68.6,0.187,0.032
BRIC_sealed_fb_g0,51.00,-2.9080,68.3,0.187,0.031
BRIC_sealed_fb_g0,51.50,-2.9320,68.1,0.187,0.031
BRIC_sealed_fb_g0,52.00,-2.9560,67.8,0.187,0.031
BRIC_sealed_fb_g0,52.50,-2.9790,67.5,0.187,0.031
BRIC_sealed_fb_g0,53.00,-3.0030,67.3,0.187,0.030
BRIC_sealed_fb_g0,53.50,-3.0260,67.0,0.187,0.030
BRIC_sealed_fb_g0,54.00,-3.0500,66.7,0.187,0.030
BRIC_sealed_fb_g0,54.50,-3.0730,66.5,0.187,0.029
BRIC_sealed_fb_g0,55.00,-3.0960,66.2,0.187,0.029
BRIC_sealed_fb_g0,55.50,-3.1190,65.9,0.187,0.029
BRIC_sealed_fb_g0,56.00,-3.1420,65.7,0.187,0.029
BRIC_sealed_fb_g0,56.50,-3.1650,65.4,0.187,0.028
BRIC_sealed_fb_g0,57.00,-3.1880,65.1,0.187,0.028
BRIC_sealed_fb_g0,57.50,-3.2100,64.9,0.187,0.028
BRIC_sealed_fb_g0,58.00,-3.2330,64.6,0.187,0.027
BRIC_sealed_fb_g0,58.50,-3.2550,64.3,0.187,0.027
BRIC_sealed_fb_g0,59.00,-3.2780,64.1,0.187,0.027
BRIC_sealed_fb_g0,59.50,-3.3000,63.8,0.187,0.027
BRIC_sealed_fb_g0,60.00,-3.3220,63.6,0.187,0.026
BRIC_sealed_fb_g0,60.50,-3.3440,63.3,0.187,0.026
BRIC_sealed_fb_g0,61.00,-3.3660,63.0,0.187,0.026
BRIC_sealed_fb_g0,61.50,-3.3880,62.8,0.187,0.026
BRIC_sealed_fb_g0,62.00,-3.4100,62.5,0.187,0.025
BRIC_sealed_fb_g0,62.50,-3.4320,62.2,0.187,0.025
BRIC_sealed_fb_g0,63.00,-3.4530,62.0,0.187,0.025
BRIC_sealed_fb_g0,63.50,-3.4750,61.7,0.187,0.025
BRIC_sealed_fb_g0,64.00,-3.4960,61.4,0.187,0.025
BRIC_sealed_fb_g0,64.50,-3.5180,61.2,0.187,0.024
BRIC_sealed_fb_g0,65.00,-3.5390,60.9,0.187,0.024
BRIC_sealed_fb_g0,65.50,-3.5600,60.6,0.187,0.024
BRIC_sealed_fb_g0,66.00,-3.5810,60.4,0.187,0.024
BRIC_sealed_fb_g0,66.50,-3.6020,60.1,0.187,0.023
BRIC_sealed_fb_g0,67.00,-3.6230,59.9,0.187,0.023
BRIC_sealed_fb_g0,67.50,-3.6440,59.6,0.187,0.023
BRIC_sealed_fb_g0,68.00,-3.6650,59.3,0.187,0.023
BRIC_sealed_fb_g0,68.50,-3.6850,59.1,0.187,0.023
BRIC_sealed_fb_g0,69.00,-3.7060,58.8,0.187,0.022
BRIC_sealed_fb_g0,69.50,-3.7260,58.5,0.187,0.022
BRIC_sealed_fb_g0,70.00,-3.7470,58.3,0.187,0.022
BRIC_sealed_fb_g0,70.50,-3.7670,58.0,0.187,0.022
BRIC_sealed_fb_g0,71.00,-3.7870,57.8,0.187,0.022
BRIC_sealed_fb_g0,71.50,-3.8070,57.5,0.187,0.022
BRIC_sealed_fb_g0,72.00,-3.8270,57.2,0.187,0.021
BRIC_sealed_fb_g0,72.50,-3.8470,57.0,0.187,0.021
BRIC_sealed_fb_g0,73.00,-3.8670,56.7,0.187,0.021
BRIC_sealed_fb_g0,73.50,-3.8860,56.4,0.187,0.021
BRIC_sealed_fb_g0,74.00,-3.9060,56.2,0.187,0.021
BRIC_sealed_fb_g0,74.50,-3.9260,55.9,0.187,0.020
BRIC_sealed_fb_g0,75.00,-3.9450,55.7,0.187,0.020
BRIC_sealed_fb_g0,75.50,-3.9640,55.4,0.187,0.020
BRIC_sealed_fb_g0,76.00,-3.9840,55.2,0.187,0.020
BRIC_sealed_fb_g0,76.50,-4.0030,54.9,0.187,0.020
BRIC_sealed_fb_g0,77.00,-4.0220,54.6,0.187,0.020
BRIC_sealed_fb_g0,77.50,-4.0410,54.4,0.187,0.019
BRIC_sealed_fb_g0,78.00,-4.0600,54.1,0.187,0.019
BRIC_sealed_fb_g0,78.50,-4.0790,53.9,0.187,0.019
BRIC_sealed_fb_g0,79.00,-4.0970,53.6,0.187,0.019
BRIC_sealed_fb_g0,79.50,-4.1160,53.3,0.187,0.019
BRIC_sealed_fb_g0,80.00,-4.1350,53.1,0.187,0.019
BRIC_sealed_fb_g0,80.50,-4.1530,52.8,0.187,0.018
BRIC_sealed_fb_g0,81.00,-4.1710,52.6,0.187,0.018
BRIC_sealed_fb_g0,81.50,-4.1900,52.3,0.187,0.018
BRIC_sealed_fb_g0,82.00,-4.2080,52.1,0.187,0.018
BRIC_sealed_fb_g0,82.50,-4.2260,51.8,0.187,0.018
BRIC_sealed_fb_g0,83.00,-4.2440,51.6,0.187,0.018
BRIC_sealed_fb_g0,83.49,-4.2620,51.3,0.187,0.018
BRIC_sealed_fb_g0,83.99,-4.2800,51.1,0.187,0.017
BRIC_sealed_fb_g0,84.49,-4.2970,50.8,0.187,0.017
BRIC_sealed_fb_g0,84.99,-4.3150,50.6,0.187,0.017
BRIC_sealed_fb_g0,85.49,-4.3330,50.3,0.187,0.017
BRIC_sealed_fb_g0,85.99,-4.3500,50.0,0.187,0.017
BRIC_sealed_fb_g0,86.49,-4.3680,49.8,0.187,0.017
BRIC_sealed_fb_g0,86.99,-4.3850,49.5,0.187,0.017
BRIC_sealed_fb_g0,87.49,-4.4020,49.3,0.187,0.016
BRIC_sealed_fb_g0,87.99,-4.4190,49.0,0.187,0.016
BRIC_sealed_fb_g0,88.49,-4.4360,48.8,0.187,0.016
BRIC_sealed_fb_g0,88.99,-4.4530,48.5,0.187,0.016
BRIC_sealed_fb_g0,89.49,-4.4700,48.3,0.187,0.016
BRIC_sealed_fb_g0,89.99,-4.4870,48.1,0.187,0.016
BRIC_sealed_fb_g0,90.49,-4.5040,47.8,0.187,0.016
BRIC_sealed_fb_g0,90.99,-4.5200,47.6,0.187,0.016
BRIC_sealed_fb_g0,91.49,-4.5370,47.3,0.187,0.015
BRIC_sealed_fb_g0,91.99,-4.5530,47.1,0.187,0.015
BRIC_sealed_fb_g0,92.49,-4.5700,46.8,0.187,0.015
BRIC_sealed_fb_g0,92.99,-4.5860,46.6,0.187,0.015
BRIC_sealed_fb_g0,93.49,-4.6020,46.3,0.187,0.015
BRIC_sealed_fb_g0,93.99,-4.6180,46.1,0.187,0.015
BRIC_sealed_fb_g0,94.49,-4.6340,45.8,0.187,0.015
BRIC_sealed_fb_g0,94.99,-4.6500,45.6,0.187,0.015
BRIC_sealed_fb_g0,95.49,-4.6660,45.4,0.187,0.014
BRIC_sealed_fb_g0,95.99,-4.6820,45.1,0.187,0.014
BRIC_sealed_fb_g0,96.49,-4.6970,44.9,0.187,0.014
BRIC_sealed_fb_g0,96.99,-4.7130,44.6,0.187,0.014
BRIC_sealed_fb_g0,97.49,-4.7290,44.4,0.187,0.014
BRIC_sealed_fb_g0,97.99,-4.7440,44.2,0.187,0.014
BRIC_sealed_fb_g0,98.49,-4.7590,43.9,0.187,0.014
BRIC_sealed_fb_g0,98.99,-4.7750,43.7,0.187,0.014
BRIC_sealed_fb_g0,99.49,-4.7900,43.4,0.187,0.014
BRIC_sealed_fb_g0,99.99,-4.8050,43.2,0.187,0.013
BRIC_sealed_fb_g0,100.49,-4.8200,43.0,0.187,0.013
BRIC_sealed_fb_g0,100.99,-4.8350,42.7,0.187,0.013
BRIC_sealed_fb_g0,101.49,-4.8500,42.5,0.187,0.013
BRIC_sealed_fb_g0,101.99,-4.8640,42.3,0.187,0.013
BRIC_sealed_fb_g0,102.49,-4.8790,42.0,0.187,0.013
BRIC_sealed_fb_g0,102.99,-4.8940,41.8,0.187,0.013
BRIC_sealed_fb_g0,103.49,-4.9080,41.6,0.187,0.013
BRIC_sealed_fb_g0,103.99,-4.9230,41.3,0.187,0.013
BRIC_sealed_fb_g0,104.49,-4.9370,41.1,0.187,0.013
BRIC_sealed_fb_g0,104.99,-4.9510,40.9,0.187,0.012
BRIC_sealed_fb_g0,105.49,-4.9660,40.6,0.187,0.012
BRIC_sealed_fb_g0,105.99,-4.9800,40.4,0.187,0.012
BRIC_sealed_fb_g0,106.49,-4.9940,40.2,0.187,0.012
BRIC_sealed_fb_g0,106.99,-5.0080,40.0,0.187,0.012
BRIC_sealed_fb_g0,107.49,-5.0220,39.7,0.187,0.012
BRIC_sealed_fb_g0,107.99,-5.0350,39.5,0.187,0.012
BRIC_sealed_fb_g0,108.49,-5.0490,39.3,0.187,0.012
BRIC_sealed_fb_g0,108.99,-5.0630,39.1,0.187,0.012
BRIC_sealed_fb_g0,109.49,-5.0760,38.8,0.187,0.012
BRIC_sealed_fb_g0,109.99,-5.0900,38.6,0.187,0.011
BRIC_sealed_fb_g0,110.49,-5.1030,38.4,0.187,0.011
BRIC_sealed_fb_g0,110.99,-5.1170,38.2,0.187,0.011
BRIC_sealed_fb_g0,111.49,-5.1300,37.9,0.187,0.011
BRIC_sealed_fb_g0,111.99,-5.1430,37.7,0.187,0.011
BRIC_sealed_fb_g0,112.49,-5.1560,37.5,0.187,0.011
BRIC_sealed_fb_g0,112.99,-5.1690,37.3,0.187,0.011
BRIC_sealed_fb_g0,113.49,-5.1820,37.1,0.187,0.011
BRIC_sealed_fb_g0,113.99,-5.1950,36.8,0.187,0.011
BRIC_sealed_fb_g0,114.49,-5.2080,36.6,0.187,0.011
BRIC_sealed_fb_g0,114.99,-5.2210,36.4,0.187,0.011
BRIC_sealed_fb_g0,115.49,-5.2330,36.2,0.187,0.011
BRIC_sealed_fb_g0,115.99,-5.2460,36.0,0.187,0.010
BRIC_sealed_fb_g0,116.49,-5.2580,35.8,0.187,0.010
BRIC_sealed_fb_g0,116.99,-5.2710,35.6,0.187,0.010
BRIC_sealed_fb_g0,117.49,-5.2830,35.3,0.187,0.010
BRIC_sealed_fb_g0,117.99,-5.2950,35.1,0.187,0.010
BRIC_sealed_fb_g0,118.49,-5.3080,34.9,0.188,0.010
BRIC_sealed_fb_g0,118.99,-5.3200,34.7,0.188,0.010
BRIC_sealed_fb_g0,119.49,-5.3320,34.5,0.188,0.010
BRIC_sealed_fb_g0,119.99,-5.3440,34.3,0.188,0.010
BRIC_sealed_fb_g0,120.49,-5.3560,34.1,0.188,0.010
BRIC_sealed_fb_g0,120.99,-5.3680,33.9,0.188,0.010
BRIC_sealed_fb_g0,121.49,-5.3790,33.7,0.188,0.010
BRIC_sealed_fb_g0,121.99,-5.3910,33.5,0.188,0.009
BRIC_sealed_fb_g0,122.49,-5.4030,33.3,0.188,0.009
BRIC_sealed_fb_g0,122.99,-5.4140,33.1,0.188,0.009
BRIC_sealed_fb_g0,123.49,-5.4260,32.9,0.188,0.009
BRIC_sealed_fb_g0,123.99,-5.4370,32.7,0.188,0.009
BRIC_sealed_fb_g0,124.49,-5.4490,32.4,0.188,0.009
BRIC_sealed_fb_g0,124.99,-5.4600,32.2,0.188,0.009
BRIC_sealed_fb_g0,125.49,-5.4710,32.0,0.188,0.009
BRIC_sealed_fb_g0,125.99,-5.4820,31.8,0.188,0.009
BRIC_sealed_fb_g0,126.49,-5.4930,31.7,0.188,0.009
BRIC_sealed_fb_g0,126.99,-5.5040,31.5,0.188,0.009
BRIC_sealed_fb_g0,127.49,-5.5150,31.3,0.188,0.009
BRIC_sealed_fb_g0,127.99,-5.5260,31.1,0.188,0.009
BRIC_sealed_fb_g0,128.49,-5.5370,30.9,0.188,0.009
BRIC_sealed_fb_g0,128.99,-5.5480,30.7,0.188,0.008
BRIC_sealed_fb_g0,129.49,-5.5580,30.5,0.188,0.008
BRIC_sealed_fb_g0,129.99,-5.5690,30.3,0.188,0.008
BRIC_sealed_fb_g0,130.49,-5.5790,30.1,0.188,0.008
BRIC_sealed_fb_g0,130.99,-5.5900,29.9,0.188,0.008
BRIC_sealed_fb_g0,131.49,-5.6000,29.7,0.188,0.008
BRIC_sealed_fb_g0,131.99,-5.6100,29.5,0.188,0.008
BRIC_sealed_fb_g0,132.49,-5.6210,29.3,0.188,0.008
BRIC_sealed_fb_g0,132.99,-5.6310,29.1,0.188,0.008
BRIC_sealed_fb_g0,133.49,-5.6410,29.0,0.188,0.008
BRIC_sealed_fb_g0,133.99,-5.6510,28.8,0.188,0.008
BRIC_sealed_fb_g0,134.49,-5.6610,28.6,0.188,0.008
BRIC_sealed_fb_g0,134.99,-5.6710,28.4,0.188,0.008
BRIC_sealed_fb_g0,135.49,-5.6810,28.2,0.188,0.008
BRIC_sealed_fb_g0,135.99,-5.6910,28.0,0.188,0.008
BRIC_sealed_fb_g0,136.49,-5.7000,27.9,0.188,0.008
BRIC_sealed_fb_g0,136.99,-5.7100,27.7,0.188,0.007
BRIC_sealed_fb_g0,137.49,-5.7200,27.5,0.188,0.007
BRIC_sealed_fb_g0,137.99,-5.7290,27.3,0.188,0.007
BRIC_sealed_fb_g0,138.49,-5.7390,27.1,0.188,0.007
BRIC_sealed_fb_g0,138.99,-5.7480,27.0,0.188,0.007
BRIC_sealed_fb_g0,139.49,-5.7570,26.8,0.188,0.007
BRIC_sealed_fb_g0,139.99,-5.7670,26.6,0.188,0.007
BRIC_sealed_fb_g0,140.49,-5.7760,26.4,0.188,0.007
BRIC_sealed_fb_g0,140.99,-5.7850,26.3,0.188,0.007
BRIC_sealed_fb_g0,141.49,-5.7940,26.1,0.188,0.007
BRIC_sealed_fb_g0,141.99,-5.8030,25.9,0.188,0.007
BRIC_sealed_fb_g0,142.49,-5.8120,25.7,0.188,0.007
BRIC_sealed_fb_g0,142.99,-5.8210,25.6,0.188,0.007
BRIC_sealed_fb_g0,143.49,-5.8300,25.4,0.188,0.007
BRIC_sealed_fb_g0,143.99,-5.8390,25.2,0.188,0.007
BRIC_sealed_fb_g0,144.49,-5.8480,25.1,0.188,0.007
BRIC_sealed_fb_g0,144.99,-5.8560,24.9,0.188,0.007
BRIC_sealed_fb_g0,145.49,-5.8650,24.7,0.188,0.007
BRIC_sealed_fb_g0,145.99,-5.8740,24.6,0.188,0.006
BRIC_sealed_fb_g0,146.49,-5.8820,24.4,0.188,0.006
BRIC_sealed_fb_g0,146.99,-5.8910,24.2,0.188,0.006
BRIC_sealed_fb_g0,147.49,-5.8990,24.1,0.188,0.006
BRIC_sealed_fb_g0,147.99,-5.9070,23.9,0.188,0.006
BRIC_sealed_fb_g0,148.49,-5.9160,23.7,0.188,0.006
BRIC_sealed_fb_g0,148.99,-5.9240,23.6,0.188,0.006
BRIC_sealed_fb_g0,149.49,-5.9320,23.4,0.188,0.006
BRIC_sealed_fb_g0,149.99,-5.9400,23.3,0.188,0.006
BRIC_sealed_fb_g0,150.49,-5.9480,23.1,0.188,0.006
BRIC_sealed_fb_g0,150.99,-5.9570,22.9,0.188,0.006
BRIC_sealed_fb_g0,151.49,-5.9650,22.8,0.188,0.006
BRIC_sealed_fb_g0,151.99,-5.9720,22.6,0.188,0.006
BRIC_sealed_fb_g0,152.49,-5.9800,22.5,0.188,0.006
BRIC_sealed_fb_g0,152.99,-5.9880,22.3,0.188,0.006
BRIC_sealed_fb_g0,153.49,-5.9960,22.2,0.188,0.006
BRIC_sealed_fb_g0,153.99,-6.0040,22.0,0.188,0.006
BRIC_sealed_fb_g0,154.49,-6.0110,21.9,0.188,0.006
BRIC_sealed_fb_g0,154.99,-6.0190,21.7,0.188,0.006
BRIC_sealed_fb_g0,155.49,-6.0260,21.5,0.188,0.006
BRIC_sealed_fb_g0,155.99,-6.0340,21.4,0.188,0.006
BRIC_sealed_fb_g0,156.49,-6.0410,21.2,0.188,0.005
BRIC_sealed_fb_g0,156.99,-6.0490,21.1,0.188,0.005
BRIC_sealed_fb_g0,157.49,-6.0560,21.0,0.188,0.005
BRIC_sealed_fb_g0,157.99,-6.0630,20.8,0.188,0.005
BRIC_sealed_fb_g0,158.49,-6.0710,20.7,0.188,0.005
BRIC_sealed_fb_g0,158.99,-6.0780,20.5,0.188,0.005
BRIC_sealed_fb_g0,159.49,-6.0850,20.4,0.188,0.005
BRIC_sealed_fb_g0,159.99,-6.0920,20.2,0.188,0.005
BRIC_sealed_fb_g0,160.49,-6.0990,20.1,0.188,0.005
BRIC_sealed_fb_g0,160.99,-6.1060,19.9,0.188,0.005
BRIC_sealed_fb_g0,161.49,-6.1130,19.8,0.188,0.005
BRIC_sealed_fb_g0,161.99,-6.1200,19.7,0.188,0.005
BRIC_sealed_fb_g0,162.49,-6.1270,19.5,0.188,0.005
BRIC_sealed_fb_g0,162.99,-6.1340,19.4,0.188,0.005
BRIC_sealed_fb_g0,163.49,-6.1410,19.2,0.188,0.005
BRIC_sealed_fb_g0,163.99,-6.1470,19.1,0.188,0.005
BRIC_sealed_fb_g0,164.49,-6.1540,19.0,0.188,0.005
BRIC_sealed_fb_g0,164.99,-6.1610,18.8,0.188,0.005
BRIC_sealed_fb_g0,165.49,-6.1670,18.7,0.188,0.005
BRIC_sealed_fb_g0,165.99,-6.1740,18.6,0.188,0.005
BRIC_sealed_fb_g0,166.49,-6.1800,18.4,0.188,0.005
BRIC_sealed_fb_g0,166.99,-6.1870,18.3,0.188,0.005
BRIC_sealed_fb_g0,167.49,-6.1930,18.2,0.188,0.005
BRIC_sealed_fb_g0,167.99,-6.1990,18.0,0.188,0.005
BRIC_sealed_fb_g0,168.49,-6.2060,17.9,0.188,0.005
BRIC_sealed_fb_g0,168.99,-6.2120,17.8,0.188,0.004
BRIC_sealed_fb_g0,169.49,-6.2180,17.6,0.188,0.004
BRIC_sealed_fb_g0,169.99,-6.2240,17.5,0.188,0.004
BRIC_sealed_fb_g0,170.49,-6.2300,17.4,0.188,0.004
BRIC_sealed_fb_g0,170.99,-6.2360,17.3,0.188,0.004
BRIC_sealed_fb_g0,171.49,-6.2430,17.1,0.188,0.004
BRIC_sealed_fb_g0,171.99,-6.2490,17.0,0.188,0.004
BRIC_sealed_fb_g0,172.49,-6.2540,16.9,0.188,0.004
BRIC_sealed_fb_g0,172.99,-6.2600,16.8,0.188,0.004
BRIC_sealed_fb_g0,173.49,-6.2660,16.6,0.188,0.004
BRIC_sealed_fb_g0,173.99,-6.2720,16.5,0.188,0.004
BRIC_sealed_fb_g0,174.49,-6.2780,16.4,0.187,0.004
BRIC_sealed_fb_g0,174.99,-6.2830,16.3,0.187,0.004
BRIC_sealed_fb_g0,175.49,-6.2890,16.2,0.187,0.004
BRIC_sealed_fb_g0,175.99,-6.2950,16.0,0.187,0.004
BRIC_sealed_fb_g0,176.49,-6.3000,15.9,0.187,0.004
BRIC_sealed_fb_g0,176.99,-6.3060,15.8,0.187,0.004
BRIC_sealed_fb_g0,177.49,-6.3110,15.7,0.187,0.004
BRIC_sealed_fb_g0,177.99,-6.3170,15.6,0.188,0.004
BRIC_sealed_fb_g0,178.49,-6.3220,15.4,0.188,0.004
BRIC_sealed_fb_g0,178.99,-6.3280,15.3,0.188,0.004
BRIC_sealed_fb_g0,179.49,-6.3330,15.2,0.188,0.004
BRIC_sealed_fb_g0,179.99,-6.3390,15.1,0.188,0.004
BRIC_sealed_fb_g0,180.49,-6.3440,15.0,0.188,0.004
BRIC_sealed_fb_g0,180.99,-6.3490,14.9,0.188,0.004
BRIC_sealed_fb_g0,181.49,-6.3540,14.8,0.188,0.004
BRIC_sealed_fb_g0,181.99,-6.3600,14.7,0.188,0.004
BRIC_sealed_fb_g0,182.49,-6.3650,14.6,0.188,0.004
BRIC_sealed_fb_g0,182.99,-6.3700,14.4,0.188,0.004
BRIC_sealed_fb_g0,183.49,-6.3750,14.3,0.188,0.004
BRIC_sealed_fb_g0,183.99,-6.3800,14.2,0.188,0.004
BRIC_sealed_fb_g0,184.49,-6.3850,14.1,0.188,0.003
BRIC_sealed_fb_g0,184.99,-6.3900,14.0,0.188,0.003
BRIC_sealed_fb_g0,185.49,-6.3950,13.9,0.188,0.003
BRIC_sealed_fb_g0,185.99,-6.4000,13.8,0.188,0.003
BRIC_sealed_fb_g0,186.49,-6.4050,13.7,0.188,0.003
BRIC_sealed_fb_g0,186.99,-6.4100,13.6,0.188,0.003
BRIC_sealed_fb_g0,187.49,-6.4140,13.5,0.188,0.003
BRIC_sealed_fb_g0,187.99,-6.4190,13.4,0.188,0.003
BRIC_sealed_fb_g0,188.49,-6.4240,13.3,0.188,0.003
BRIC_sealed_fb_g0,188.99,-6.4280,13.2,0.188,0.003
BRIC_sealed_fb_g0,189.49,-6.4330,13.1,0.188,0.003
BRIC_sealed_fb_g0,189.99,-6.4380,13.0,0.188,0.003
BRIC_sealed_fb_g0,190.49,-6.4420,12.9,0.188,0.003
BRIC_sealed_fb_g0,190.99,-6.4470,12.8,0.188,0.003
BRIC_sealed_fb_g0,191.49,-6.4510,12.7,0.188,0.003
BRIC_sealed_fb_g0,191.99,-6.4560,12.6,0.188,0.003
BRIC_sealed_fb_g0,192.49,-6.4600,12.5,0.188,0.003
BRIC_sealed_fb_g0,192.99,-6.4650,12.4,0.188,0.003
BRIC_sealed_fb_g0,193.49,-6.4690,12.3,0.188,0.003
BRIC_sealed_fb_g0,193.99,-6.4730,12.2,0.188,0.003
BRIC_sealed_fb_g0,194.49,-6.4780,12.1,0.188,0.003
BRIC_sealed_fb_g0,194.99,-6.4820,12.0,0.188,0.003
BRIC_sealed_fb_g0,195.49,-6.4860,11.9,0.188,0.003
BRIC_sealed_fb_g0,195.99,-6.4900,11.8,0.188,0.003
BRIC_sealed_fb_g0,196.49,-6.4940,11.7,0.188,0.003
BRIC_sealed_fb_g0,196.99,-6.4980,11.7,0.188,0.003
BRIC_sealed_fb_g0,197.49,-6.5030,11.6,0.188,0.003
BRIC_sealed_fb_g0,197.99,-6.5070,11.5,0.188,0.003
BRIC_sealed_fb_g0,198.49,-6.5110,11.4,0.188,0.003
BRIC_sealed_fb_g0,198.99,-6.5150,11.3,0.188,0.003
BRIC_sealed_fb_g0,199.49,-6.5190,11.2,0.188,0.003
BRIC_sealed_fb_g0,199.99,-6.5220,11.1,0.188,0.003
BRIC_sealed_fb_g0,200.49,-6.5260,11.0,0.188,0.003
BRIC_sealed_fb_g0,200.99,-6.5300,10.9,0.188,0.003
BRIC_sealed_fb_g0,201.49,-6.5340,10.9,0.188,0.003
BRIC_sealed_fb_g0,201.99,-6.5380,10.8,0.188,0.003
BRIC_sealed_fb_g0,202.49,-6.5420,10.7,0.188,0.003
BRIC_sealed_fb_g0,202.99,-6.5450,10.6,0.188,0.003
BRIC_sealed_fb_g0,203.49,-6.5490,10.5,0.188,0.003
BRIC_sealed_fb_g0,203.99,-6.5530,10.4,0.188,0.003
BRIC_sealed_fb_g0,204.49,-6.5560,10.4,0.188,0.003
BRIC_sealed_fb_g0,204.99,-6.5600,10.3,0.188,0.002
BRIC_sealed_fb_g0,205.49,-6.5640,10.2,0.188,0.002
BRIC_sealed_fb_g0,205.99,-6.5670,10.1,0.188,0.002
BRIC_sealed_fb_g0,206.49,-6.5710,10.0,0.188,0.002
BRIC_sealed_fb_g0,206.99,-6.5740,10.0,0.188,0.002
BRIC_sealed_fb_g0,207.49,-6.5780,9.9,0.188,0.002
BRIC_sealed_fb_g0,207.99,-6.5810,9.8,0.188,0.002
BRIC_sealed_fb_g0,208.49,-6.5850,9.7,0.188,0.002
BRIC_sealed_fb_g0,208.99,-6.5880,9.7,0.188,0.002
BRIC_sealed_fb_g0,209.49,-6.5910,9.6,0.188,0.002
BRIC_sealed_fb_g0,209.99,-6.5950,9.5,0.188,0.002
BRIC_sealed_fb_g0,210.49,-6.5980,9.4,0.188,0.002
BRIC_sealed_fb_g0,210.99,-6.6010,9.4,0.188,0.002
BRIC_sealed_fb_g0,211.49,-6.6050,9.3,0.188,0.002
BRIC_sealed_fb_g0,211.99,-6.6080,9.2,0.188,0.002
BRIC_sealed_fb_g0,212.49,-6.6110,9.1,0.189,0.002
BRIC_sealed_fb_g0,212.99,-6.6140,9.1,0.188,0.002
BRIC_sealed_fb_g0,213.49,-6.6170,9.0,0.188,0.002
BRIC_sealed_fb_g0,213.99,-6.6200,8.9,0.188,0.002
BRIC_sealed_fb_g0,214.49,-6.6240,8.9,0.188,0.002
BRIC_sealed_fb_g0,214.99,-6.6270,8.8,0.188,0.002
BRIC_sealed_fb_g0,215.49,-6.6300,8.7,0.188,0.002
BRIC_sealed_fb_g0,215.99,-6.6330,8.6,0.188,0.002
BRIC_sealed_fb_g0,216.49,-6.6360,8.6,0.188,0.002
BRIC_sealed_fb_g0,216.99,-6.6390,8.5,0.188,0.002
BRIC_sealed_fb_g0,217.49,-6.6420,8.4,0.188,0.002
BRIC_sealed_fb_g0,217.99,-6.6450,8.4,0.188,0.002
BRIC_sealed_fb_g0,218.49,-6.6480,8.3,0.188,0.002
BRIC_sealed_fb_g0,218.99,-6.6500,8.2,0.188,0.002
BRIC_sealed_fb_g0,219.49,-6.6530,8.2,0.188,0.002
BRIC_sealed_fb_g0,219.99,-6.6560,8.1,0.188,0.002
BRIC_sealed_fb_g0,220.49,-6.6590,8.1,0.188,0.002
BRIC_sealed_fb_g0,220.99,-6.6620,8.0,0.188,0.002
BRIC_sealed_fb_g0,221.49,-6.6650,7.9,0.188,0.002
BRIC_sealed_fb_g0,221.99,-6.6670,7.9,0.188,0.002
BRIC_sealed_fb_g0,222.49,-6.6700,7.8,0.188,0.002
BRIC_sealed_fb_g0,222.99,-6.6730,7.7,0.188,0.002
BRIC_sealed_fb_g0,223.49,-6.6750,7.7,0.188,0.002
BRIC_sealed_fb_g0,223.99,-6.6780,7.6,0.188,0.002
BRIC_sealed_fb_g0,224.49,-6.6810,7.6,0.188,0.002
BRIC_sealed_fb_g0,224.99,-6.6830,7.5,0.188,0.002
BRIC_sealed_fb_g0,225.49,-6.6860,7.4,0.188,0.002
BRIC_sealed_fb_g0,225.99,-6.6890,7.4,0.188,0.002
BRIC_sealed_fb_g0,226.49,-6.6910,7.3,0.188,0.002
BRIC_sealed_fb_g0,226.99,-6.6940,7.3,0.188,0.002
BRIC_sealed_fb_g0,227.49,-6.6960,7.2,0.188,0.002
BRIC_sealed_fb_g0,227.99,-6.6990,7.1,0.188,0.002
BRIC_sealed_fb_g0,228.49,-6.7010,7.1,0.188,0.002
BRIC_sealed_fb_g0,228.99,-6.7040,7.0,0.188,0.002
BRIC_sealed_fb_g0,229.49,-6.7060,7.0,0.188,0.002
BRIC_sealed_fb_g0,229.99,-6.7080,6.9,0.188,0.002
BRIC_sealed_fb_g0,230.49,-6.7110,6.9,0.188,0.002
BRIC_sealed_fb_g0,230.99,-6.7130,6.8,0.188,0.002
BRIC_sealed_fb_g0,231.49,-6.7160,6.8,0.188,0.002
BRIC_sealed_fb_g0,231.99,-6.7180,6.7,0.188,0.002
BRIC_sealed_fb_g0,232.49,-6.7200,6.6,0.188,0.002
BRIC_sealed_fb_g0,232.99,-6.7230,6.6,0.188,0.002
BRIC_sealed_fb_g0,233.49,-6.7250,6.5,0.188,0.002
BRIC_sealed_fb_g0,233.99,-6.7270,6.5,0.188,0.002
BRIC_sealed_fb_g0,234.49,-6.7290,6.4,0.188,0.002
BRIC_sealed_fb_g0,234.99,-6.7320,6.4,0.188,0.002
BRIC_sealed_fb_g0,235.49,-6.7340,6.3,0.188,0.002
BRIC_sealed_fb_g0,235.99,-6.7360,6.3,0.188,0.001
BRIC_sealed_fb_g0,236.49,-6.7380,6.2,0.188,0.001
BRIC_sealed_fb_g0,236.99,-6.7400,6.2,0.188,0.001
BRIC_sealed_fb_g0,237.49,-6.7430,6.1,0.188,0.001
BRIC_sealed_fb_g0,237.99,-6.7450,6.1,0.188,0.001
BRIC_sealed_fb_g0,238.49,-6.7470,6.0,0.188,0.001
BRIC_sealed_fb_g0,238.99,-6.7490,6.0,0.188,0.001
BRIC_sealed_fb_g0,239.49,-6.7510,5.9,0.188,0.001
BRIC_sealed_fb_g0,239.99,-6.7530,5.9,0.187,0.001
BRIC_sealed_fb_g0,240.49,-6.7550,5.8,0.187,0.001
BRIC_sealed_fb_g0,240.99,-6.7570,5.8,0.187,0.001
BRIC_sealed_fb_g0,241.49,-6.7590,5.7,0.187,0.001
BRIC_sealed_fb_g0,241.99,-6.7610,5.7,0.187,0.001
BRIC_sealed_fb_g0,242.49,-6.7630,5.6,0.187,0.001
BRIC_sealed_fb_g0,242.99,-6.7650,5.6,0.186,0.001
BRIC_sealed_fb_g0,243.49,-6.7670,5.6,0.186,0.001
BRIC_sealed_fb_g0,243.99,-6.7690,5.5,0.186,0.001
BRIC_sealed_fb_g0,244.49,-6.7710,5.5,0.186,0.001
BRIC_sealed_fb_g0,244.99,-6.7720,5.4,0.186,0.001
BRIC_sealed_fb_g0,245.49,-6.7740,5.4,0.186,0.001
BRIC_sealed_fb_g0,245.99,-6.7760,5.3,0.186,0.001
BRIC_sealed_fb_g0,246.49,-6.7780,5.3,0.186,0.001
BRIC_sealed_fb_g0,246.99,-6.7800,5.3,0.186,0.001
BRIC_sealed_fb_g0,247.49,-6.7820,5.2,0.186,0.001
BRIC_sealed_fb_g0,247.99,-6.7840,5.2,0.186,0.001
BRIC_sealed_fb_g0,248.49,-6.7850,5.1,0.187,0.001
BRIC_sealed_fb_g0,248.99,-6.7870,5.1,0.187,0.001
BRIC_sealed_fb_g0,249.49,-6.7890,5.0,0.187,0.001
BRIC_sealed_fb_g0,249.99,-6.7910,5.0,0.187,0.001
BRIC_sealed_fb_g0,250.48,-6.7930,5.0,0.187,0.001
BRIC_sealed_fb_g0,250.98,-6.7940,4.9,0.187,0.001
BRIC_sealed_fb_g0,251.48,-6.7960,4.9,0.188,0.001
BRIC_sealed_fb_g0,251.98,-6.7980,4.8,0.188,0.001
BRIC_sealed_fb_g0,252.48,-6.8000,4.8,0.188,0.001
BRIC_sealed_fb_g0,252.98,-6.8010,4.8,0.188,0.001
BRIC_sealed_fb_g0,253.48,-6.8030,4.7,0.189,0.001
BRIC_sealed_fb_g0,253.98,-6.8050,4.7,0.189,0.001
BRIC_sealed_fb_g0,254.48,-6.8060,4.6,0.189,0.001
BRIC_sealed_fb_g0,254.98,-6.8080,4.6,0.189,0.001
BRIC_sealed_fb_g0,255.48,-6.8100,4.6,0.189,0.001
BRIC_sealed_fb_g0,255.98,-6.8110,4.5,0.189,0.001
BRIC_sealed_fb_g0,256.48,-6.8130,4.5,0.189,0.001
BRIC_sealed_fb_g0,256.98,-6.8150,4.5,0.189,0.001
BRIC_sealed_fb_g0,257.48,-6.8160,4.4,0.189,0.001
BRIC_sealed_fb_g0,257.98,-6.8180,4.4,0.189,0.001
BRIC_sealed_fb_g0,258.48,-6.8190,4.3,0.189,0.001
BRIC_sealed_fb_g0,258.98,-6.8210,4.3,0.189,0.001
BRIC_sealed_fb_g0,259.48,-6.8220,4.3,0.189,0.001
BRIC_sealed_fb_g0,259.98,-6.8240,4.2,0.189,0.001
BRIC_sealed_fb_g0,260.48,-6.8250,4.2,0.189,0.001
BRIC_sealed_fb_g0,260.98,-6.8270,4.2,0.189,0.001
BRIC_sealed_fb_g0,261.48,-6.8280,4.1,0.189,0.001
BRIC_sealed_fb_g0,261.98,-6.8300,4.1,0.189,0.001
BRIC_sealed_fb_g0,262.48,-6.8310,4.1,0.189,0.001
BRIC_sealed_fb_g0,262.98,-6.8330,4.0,0.189,0.001
BRIC_sealed_fb_g0,263.48,-6.8340,4.0,0.188,0.001
BRIC_sealed_fb_g0,263.98,-6.8360,4.0,0.188,0.001
BRIC_sealed_fb_g0,264.48,-6.8370,3.9,0.188,0.001
BRIC_sealed_fb_g0,264.98,-6.8380,3.9,0.188,0.001
BRIC_sealed_fb_g0,265.48,-6.8400,3.9,0.188,0.001
BRIC_sealed_fb_g0,265.98,-6.8410,3.8,0.188,0.001
BRIC_sealed_fb_g0,266.48,-6.8430,3.8,0.188,0.001
BRIC_sealed_fb_g0,266.98,-6.8440,3.8,0.188,0.001
BRIC_sealed_fb_g0,267.48,-6.8450,3.7,0.188,0.001
BRIC_sealed_fb_g0,267.98,-6.8470,3.7,0.188,0.001
BRIC_sealed_fb_g0,268.48,-6.8480,3.7,0.188,0.001
BRIC_sealed_fb_g0,268.98,-6.8490,3.6,0.188,0.001
BRIC_sealed_fb_g0,269.48,-6.8500,3.6,0.188,0.001
BRIC_sealed_fb_g0,269.98,-6.8520,3.6,0.188,0.001
BRIC_sealed_fb_g0,270.48,-6.8530,3.5,0.188,0.001
BRIC_sealed_fb_g0,270.98,-6.8540,3.5,0.188,0.001
BRIC_sealed_fb_g0,271.48,-6.8560,3.5,0.188,0.001
BRIC_sealed_fb_g0,271.98,-6.8570,3.5,0.188,0.001
BRIC_sealed_fb_g0,272.48,-6.8580,3.4,0.189,0.001
BRIC_sealed_fb_g0,272.98,-6.8590,3.4,0.189,0.001
BRIC_sealed_fb_g0,273.48,-6.8610,3.4,0.189,0.001
BRIC_sealed_fb_g0,273.98,-6.8620,3.3,0.189,0.001
BRIC_sealed_fb_g0,274.48,-6.8630,3.3,0.189,0.001
BRIC_sealed_fb_g0,274.98,-6.8640,3.3,0.189,0.001
BRIC_sealed_fb_g0,275.48,-6.8650,3.3,0.189,0.001
BRIC_sealed_fb_g0,275.98,-6.8670,3.2,0.189,0.001
BRIC_sealed_fb_g0,276.48,-6.8680,3.2,0.189,0.001
BRIC_sealed_fb_g0,276.98,-6.8690,3.2,0.189,0.001
BRIC_sealed_fb_g0,277.48,-6.8700,3.1,0.189,0.001
BRIC_sealed_fb_g0,277.98,-6.8710,3.1,0.189,0.001
BRIC_sealed_fb_g0,278.48,-6.8720,3.1,0.189,0.001
BRIC_sealed_fb_g0,278.98,-6.8730,3.1,0.189,0.001
BRIC_sealed_fb_g0,279.48,-6.8750,3.0,0.189,0.001
BRIC_sealed_fb_g0,279.98,-6.8760,3.0,0.189,0.001
BRIC_sealed_fb_g0,280.48,-6.8770,3.0,0.189,0.001
BRIC_sealed_fb_g0,280.98,-6.8780,3.0,0.189,0.001
BRIC_sealed_fb_g0,281.48,-6.8790,2.9,0.189,0.001
BRIC_sealed_fb_g0,281.98,-6.8800,2.9,0.189,0.001
BRIC_sealed_fb_g0,282.48,-6.8810,2.9,0.189,0.001
BRIC_sealed_fb_g0,282.98,-6.8820,2.9,0.189,0.001
BRIC_sealed_fb_g0,283.48,-6.8830,2.8,0.189,0.001
BRIC_sealed_fb_g0,283.98,-6.8840,2.8,0.189,0.001
BRIC_sealed_fb_g0,284.48,-6.8850,2.8,0.189,0.001
BRIC_sealed_fb_g0,284.98,-6.8860,2.8,0.189,0.001
BRIC_sealed_fb_g0,285.48,-6.8870,2.7,0.189,0.001
BRIC_sealed_fb_g0,285.98,-6.8880,2.7,0.189,0.001
BRIC_sealed_fb_g0,286.48,-6.8890,2.7,0.189,0.001
BRIC_sealed_fb_g0,286.98,-6.8900,2.7,0.189,0.001
BRIC_sealed_fb_g0,287.48,-6.8910,2.6,0.189,0.001
BRIC_sealed_fb_g0,287.98,-6.8920,2.6,0.189,0.001
BRIC_sealed_fb_g0,288.48,-6.8930,2.6,0.189,0.001
BRIC_sealed_fb_g0,288.98,-6.8940,2.6,0.189,0.001
BRIC_sealed_fb_g0,289.48,-6.8950,2.5,0.189,0.001
BRIC_sealed_fb_g0,289.98,-6.8960,2.5,0.189,0.001
BRIC_sealed_fb_g0,290.48,-6.8970,2.5,0.189,0.001
BRIC_sealed_fb_g0,290.98,-6.8970,2.5,0.189,0.001
BRIC_sealed_fb_g0,291.48,-6.8980,2.5,0.189,0.001
BRIC_sealed_fb_g0,291.98,-6.8990,2.4,0.189,0.001
BRIC_sealed_fb_g0,292.48,-6.9000,2.4,0.189,0.001
BRIC_sealed_fb_g0,292.98,-6.9010,2.4,0.189,0.001
BRIC_sealed_fb_g0,293.48,-6.9020,2.4,0.189,0.001
BRIC_sealed_fb_g0,293.98,-6.9030,2.4,0.189,0.001
BRIC_sealed_fb_g0,294.48,-6.9040,2.3,0.189,0.001
BRIC_sealed_fb_g0,294.98,-6.9040,2.3,0.189,0.001
BRIC_sealed_fb_g0,295.48,-6.9050,2.3,0.189,0.001
BRIC_sealed_fb_g0,295.98,-6.9060,2.3,0.189,0.001
BRIC_sealed_fb_g0,296.48,-6.9070,2.3,0.189,0.001
BRIC_sealed_fb_g0,296.98,-6.9080,2.2,0.189,0.001
BRIC_sealed_fb_g0,297.48,-6.9090,2.2,0.189,0.001
BRIC_sealed_fb_g0,297.98,-6.9090,2.2,0.189,0.001
BRIC_sealed_fb_g0,298.48,-6.9100,2.2,0.189,0.001
BRIC_sealed_fb_g0,298.98,-6.9110,2.2,0.189,0.001
BRIC_sealed_fb_g0,299.48,-6.9120,2.1,0.189,0.000
BRIC_sealed_fb_g0,299.98,-6.9130,2.1,0.189,0.000
BRIC_sealed_fb_g0,300.48,-6.9130,2.1,0.189,0.000
BRIC_sealed_fb_g0,300.98,-6.9140,2.1,0.189,0.000
BRIC_sealed_fb_g0,301.48,-6.9150,2.1,0.189,0.000
BRIC_sealed_fb_g0,301.98,-6.9160,2.1,0.189,0.000
BRIC_sealed_fb_g0,302.48,-6.9160,2.0,0.189,0.000
BRIC_sealed_fb_g0,302.98,-6.9170,2.0,0.189,0.000
BRIC_sealed_fb_g0,303.48,-6.9180,2.0,0.189,0.000
BRIC_sealed_fb_g0,303.98,-6.9180,2.0,0.189,0.000
BRIC_sealed_fb_g0,304.48,-6.9190,2.0,0.189,0.000
BRIC_sealed_fb_g0,304.98,-6.9200,1.9,0.189,0.000
BRIC_sealed_fb_g0,305.48,-6.9210,1.9,0.189,0.000
BRIC_sealed_fb_g0,305.98,-6.9210,1.9,0.189,0.000
BRIC_sealed_fb_g0,306.48,-6.9220,1.9,0.189,0.000
BRIC_sealed_fb_g0,306.98,-6.9230,1.9,0.189,0.000
BRIC_sealed_fb_g0,307.48,-6.9230,1.9,0.189,0.000
BRIC_sealed_fb_g0,307.98,-6.9240,1.8,0.189,0.000
BRIC_sealed_fb_g0,308.48,-6.9250,1.8,0.189,0.000
BRIC_sealed_fb_g0,308.98,-6.9250,1.8,0.189,0.000
BRIC_sealed_fb_g0,309.48,-6.9260,1.8,0.189,0.000
BRIC_sealed_fb_g0,309.98,-6.9270,1.8,0.189,0.000
BRIC_sealed_fb_g0,310.48,-6.9270,1.8,0.189,0.000
BRIC_sealed_fb_g0,310.98,-6.9280,1.7,0.189,0.000
BRIC_sealed_fb_g0,311.48,-6.9290,1.7,0.189,0.000
BRIC_sealed_fb_g0,311.98,-6.9290,1.7,0.189,0.000
BRIC_sealed_fb_g0,312.48,-6.9300,1.7,0.189,0.000
BRIC_sealed_fb_g0,312.98,-6.9310,1.7,0.189,0.000
BRIC_sealed_fb_g0,313.48,-6.9310,1.7,0.189,0.000
BRIC_sealed_fb_g0,313.98,-6.9320,1.7,0.189,0.000
BRIC_sealed_fb_g0,314.48,-6.9320,1.6,0.189,0.000
BRIC_sealed_fb_g0,314.98,-6.9330,1.6,0.189,0.000
BRIC_sealed_fb_g0,315.48,-6.9340,1.6,0.189,0.000
BRIC_sealed_fb_g0,315.98,-6.9340,1.6,0.189,0.000
BRIC_sealed_fb_g0,316.48,-6.9350,1.6,0.189,0.000
BRIC_sealed_fb_g0,316.98,-6.9350,1.6,0.189,0.000
BRIC_sealed_fb_g0,317.48,-6.9360,1.6,0.189,0.000
BRIC_sealed_fb_g0,317.98,-6.9360,1.5,0.189,0.000
BRIC_sealed_fb_g0,318.48,-6.9370,1.5,0.189,0.000
BRIC_sealed_fb_g0,318.98,-6.9380,1.5,0.189,0.000
BRIC_sealed_fb_g0,319.48,-6.9380,1.5,0.189,0.000
BRIC_sealed_fb_g0,319.98,-6.9390,1.5,0.189,0.000
BRIC_sealed_fb_g0,320.48,-6.9390,1.5,0.189,0.000
BRIC_sealed_fb_g0,320.98,-6.9400,1.5,0.189,0.000
BRIC_sealed_fb_g0,321.48,-6.9400,1.5,0.189,0.000
BRIC_sealed_fb_g0,321.98,-6.9410,1.4,0.189,0.000
BRIC_sealed_fb_g0,322.48,-6.9410,1.4,0.189,0.000
BRIC_sealed_fb_g0,322.98,-6.9420,1.4,0.189,0.000
BRIC_sealed_fb_g0,323.48,-6.9420,1.4,0.189,0.000
BRIC_sealed_fb_g0,323.98,-6.9430,1.4,0.189,0.000
BRIC_sealed_fb_g0,324.48,-6.9430,1.4,0.189,0.000
BRIC_sealed_fb_g0,324.98,-6.9440,1.4,0.189,0.000
BRIC_sealed_fb_g0,325.48,-6.9440,1.4,0.189,0.000
BRIC_sealed_fb_g0,325.98,-6.9450,1.3,0.189,0.000
BRIC_sealed_fb_g0,326.48,-6.9450,1.3,0.189,0.000
BRIC_sealed_fb_g0,326.98,-6.9460,1.3,0.189,0.000
BRIC_sealed_fb_g0,327.48,-6.9460,1.3,0.189,0.000
BRIC_sealed_fb_g0,327.98,-6.9470,1.3,0.189,0.000
BRIC_sealed_fb_g0,328.48,-6.9470,1.3,0.189,0.000
BRIC_sealed_fb_g0,328.98,-6.9480,1.3,0.189,0.000
BRIC_sealed_fb_g0,329.48,-6.9480,1.3,0.189,0.000
BRIC_sealed_fb_g0,329.98,-6.9490,1.3,0.189,0.000
BRIC_sealed_fb_g0,330.48,-6.9490,1.2,0.189,0.000
BRIC_sealed_fb_g0,330.98,-6.9490,1.2,0.189,0.000
BRIC_sealed_fb_g0,331.48,-6.9500,1.2,0.189,0.000
BRIC_sealed_fb_g0,331.98,-6.9500,1.2,0.189,0.000
BRIC_sealed_fb_g0,332.48,-6.9510,1.2,0.189,0.000
BRIC_sealed_fb_g0,332.98,-6.9510,1.2,0.189,0.000
BRIC_sealed_fb_g0,333.48,-6.9520,1.2,0.189,0.000
BRIC_sealed_fb_g0,333.98,-6.9520,1.2,0.189,0.000
BRIC_sealed_fb_g0,334.48,-6.9520,1.2,0.189,0.000
BRIC_sealed_fb_g0,334.98,-6.9530,1.1,0.189,0.000
BRIC_sealed_fb_g0,335.48,-6.9530,1.1,0.189,0.000
BRIC_sealed_fb_g0,335.98,-6.9540,1.1,0.189,0.000
BRIC_sealed_fb_g0,336.48,-6.9540,1.1,0.189,0.000
BRIC_sealed_fb_g0,336.98,-6.9550,1.1,0.189,0.000
BRIC_sealed_fb_g0,337.48,-6.9550,1.1,0.189,0.000
BRIC_sealed_fb_g0,337.98,-6.9550,1.1,0.189,0.000
BRIC_sealed_fb_g0,338.48,-6.9560,1.1,0.189,0.000
BRIC_sealed_fb_g0,338.98,-6.9560,1.1,0.189,0.000
BRIC_sealed_fb_g0,339.48,-6.9560,1.1,0.189,0.000
BRIC_sealed_fb_g0,339.98,-6.9570,1.1,0.189,0.000
BRIC_sealed_fb_g0,340.48,-6.9570,1.0,0.189,0.000
BRIC_sealed_fb_g0,340.98,-6.9580,1.0,0.189,0.000
BRIC_sealed_fb_g0,341.48,-6.9580,1.0,0.189,0.000
BRIC_sealed_fb_g0,341.98,-6.9580,1.0,0.189,0.000
BRIC_sealed_fb_g0,342.48,-6.9590,1.0,0.189,0.000
BRIC_sealed_fb_g0,342.98,-6.9590,1.0,0.189,0.000
BRIC_sealed_fb_g0,343.48,-6.9590,1.0,0.189,0.000
BRIC_sealed_fb_g0,343.98,-6.9600,1.0,0.189,0.000
BRIC_sealed_fb_g0,344.48,-6.9600,1.0,0.189,0.000
BRIC_sealed_fb_g0,344.98,-6.9600,1.0,0.189,0.000
BRIC_sealed_fb_g0,345.48,-6.9610,1.0,0.189,0.000
BRIC_sealed_fb_g0,345.98,-6.9610,0.9,0.189,0.000
BRIC_sealed_fb_g0,346.48,-6.9620,0.9,0.189,0.000
BRIC_sealed_fb_g0,346.98,-6.9620,0.9,0.189,0.000
BRIC_sealed_fb_g0,347.48,-6.9620,0.9,0.189,0.000
BRIC_sealed_fb_g0,347.98,-6.9630,0.9,0.189,0.000
BRIC_sealed_fb_g0,348.48,-6.9630,0.9,0.189,0.000
BRIC_sealed_fb_g0,348.98,-6.9630,0.9,0.189,0.000
BRIC_sealed_fb_g0,349.48,-6.9640,0.9,0.189,0.000
BRIC_sealed_fb_g0,349.98,-6.9640,0.9,0.189,0.000
BRIC_sealed_fb_g0,350.48,-6.9640,0.9,0.189,0.000
BRIC_sealed_fb_g0,350.98,-6.9640,0.9,0.189,0.000
BRIC_sealed_fb_g0,351.48,-6.9650,0.9,0.188,0.000
BRIC_sealed_fb_g0,351.98,-6.9650,0.9,0.188,0.000
BRIC_sealed_fb_g0,352.48,-6.9650,0.8,0.188,0.000
BRIC_sealed_fb_g0,352.98,-6.9660,0.8,0.188,0.000
BRIC_sealed_fb_g0,353.48,-6.9660,0.8,0.188,0.000
BRIC_sealed_fb_g0,353.98,-6.9660,0.8,0.187,0.000
BRIC_sealed_fb_g0,354.48,-6.9660,0.8,0.187,0.000
BRIC_sealed_fb_g0,354.98,-6.9670,0.8,0.187,0.000
BRIC_sealed_fb_g0,355.48,-6.9670,0.8,0.187,0.000
BRIC_sealed_fb_g0,355.98,-6.9670,0.8,0.187,0.000
BRIC_sealed_fb_g0,356.48,-6.9680,0.8,0.187,0.000
BRIC_sealed_fb_g0,356.98,-6.9680,0.8,0.187,0.000
BRIC_sealed_fb_g0,357.48,-6.9680,0.8,0.187,0.000
BRIC_sealed_fb_g0,357.98,-6.9680,0.8,0.186,0.000
BRIC_sealed_fb_g0,358.48,-6.9690,0.8,0.186,0.000
BRIC_sealed_fb_g0,358.98,-6.9690,0.8,0.186,0.000
BRIC_sealed_fb_g0,359.48,-6.9690,0.7,0.186,0.000
BRIC_sealed_fb_g0,359.98,-6.9690,0.7,0.186,0.000
BRIC_sealed_fb_g0,360.48,-6.9700,0.7,0.186,0.000
BRIC_sealed_fb_g0,360.98,-6.9700,0.7,0.186,0.000
BRIC_sealed_fb_g0,361.48,-6.9700,0.7,0.186,0.000
BRIC_sealed_fb_g0,361.98,-6.9700,0.7,0.186,0.000
BRIC_sealed_fb_g0,362.48,-6.9710,0.7,0.187,0.000
BRIC_sealed_fb_g0,362.98,-6.9710,0.7,0.187,0.000
BRIC_sealed_fb_g0,363.48,-6.9710,0.7,0.186,0.000
BRIC_sealed_fb_g0,363.98,-6.9710,0.7,0.186,0.000
BRIC_sealed_fb_g0,364.48,-6.9720,0.7,0.186,0.000
BRIC_sealed_fb_g0,364.98,-6.9720,0.7,0.186,0.000
BRIC_sealed_fb_g0,365.48,-6.9720,0.7,0.187,0.000
BRIC_sealed_fb_g0,365.98,-6.9720,0.7,0.187,0.000
BRIC_sealed_fb_g0,366.48,-6.9730,0.7,0.187,0.000
BRIC_sealed_fb_g0,366.98,-6.9730,0.7,0.187,0.000
BRIC_sealed_fb_g0,367.48,-6.9730,0.7,0.187,0.000
BRIC_sealed_fb_g0,367.98,-6.9730,0.7,0.187,0.000
BRIC_sealed_fb_g0,368.48,-6.9740,0.6,0.187,0.000
BRIC_sealed_fb_g0,368.98,-6.9740,0.6,0.186,0.000
BRIC_sealed_fb_g0,369.48,-6.9740,0.6,0.186,0.000
BRIC_sealed_fb_g0,369.98,-6.9740,0.6,0.186,0.000
BRIC_sealed_fb_g0,370.48,-6.9740,0.6,0.186,0.000
BRIC_sealed_fb_g0,370.98,-6.9750,0.6,0.186,0.000
BRIC_sealed_fb_g0,371.48,-6.9750,0.6,0.186,0.000
BRIC_sealed_fb_g0,371.98,-6.9750,0.6,0.186,0.000
BRIC_sealed_fb_g0,372.48,-6.9750,0.6,0.186,0.000
BRIC_sealed_fb_g0,372.98,-6.9750,0.6,0.186,0.000
BRIC_sealed_fb_g0,373.48,-6.9760,0.6,0.186,0.000
BRIC_sealed_fb_g0,373.98,-6.9760,0.6,0.185,0.000
BRIC_sealed_fb_g0,374.48,-6.9760,0.6,0.185,0.000
BRIC_sealed_fb_g0,374.98,-6.9760,0.6,0.185,0.000
BRIC_sealed_fb_g0,375.48,-6.9760,0.6,NaN,0.000
BRIC_sealed_fb_g0,375.98,-6.9770,0.6,NaN,0.000
BRIC_sealed_fb_g0,376.48,-6.9770,0.6,NaN,0.000
BRIC_sealed_fb_g0,376.98,-6.9770,0.6,NaN,0.000
BRIC_sealed_fb_g0,377.48,-6.9770,0.6,NaN,0.000
BRIC_sealed_fb_g0,377.98,-6.9770,0.6,NaN,0.000
BRIC_sealed_fb_g0,378.48,-6.9770,0.5,NaN,0.000
BRIC_sealed_fb_g0,378.98,-6.9780,0.5,NaN,0.000
BRIC_sealed_fb_g0,379.48,-6.9780,0.5,NaN,0.000
BRIC_sealed_fb_g0,379.98,-6.9780,0.5,NaN,0.000
BRIC_sealed_fb_g0,380.48,-6.9780,0.5,NaN,0.000
BRIC_sealed_fb_g0,380.98,-6.9780,0.5,NaN,0.000
BRIC_sealed_fb_g0,381.48,-6.9790,0.5,NaN,0.000
BRIC_sealed_fb_g0,381.98,-6.9790,0.5,NaN,0.000
BRIC_sealed_fb_g0,382.48,-6.9790,0.5,NaN,0.000
BRIC_sealed_fb_g0,382.98,-6.9790,0.5,NaN,0.000
BRIC_sealed_fb_g0,383.48,-6.9790,0.5,NaN,0.000
BRIC_sealed_fb_g0,383.98,-6.9790,0.5,NaN,0.000
BRIC_sealed_fb_g0,384.48,-6.9790,0.5,NaN,0.000
BRIC_sealed_fb_g0,384.98,-6.9800,0.5,NaN,0.000
BRIC_sealed_fb_g0,385.48,-6.9800,0.5,NaN,0.000
BRIC_sealed_fb_g0,385.98,-6.9800,0.5,NaN,0.000
BRIC_sealed_fb_g0,386.48,-6.9800,0.5,NaN,0.000
BRIC_sealed_fb_g0,386.98,-6.9800,0.5,NaN,0.000
BRIC_sealed_fb_g0,387.48,-6.9800,0.5,NaN,0.000
BRIC_sealed_fb_g0,387.98,-6.9810,0.5,NaN,0.000
BRIC_sealed_fb_g0,388.48,-6.9810,0.5,NaN,0.000
BRIC_sealed_fb_g0,388.98,-6.9810,0.5,NaN,0.000
BRIC_sealed_fb_g0,389.48,-6.9810,0.5,NaN,0.000
BRIC_sealed_fb_g0,389.98,-6.9810,0.5,NaN,0.000
BRIC_sealed_fb_g0,390.48,-6.9810,0.5,NaN,0.000
BRIC_sealed_fb_g0,390.98,-6.9810,0.5,NaN,0.000
BRIC_sealed_fb_g0,391.48,-6.9810,0.5,NaN,0.000
BRIC_sealed_fb_g0,391.98,-6.9820,0.4,NaN,0.000
BRIC_sealed_fb_g0,392.48,-6.9820,0.4,NaN,0.000
BRIC_sealed_fb_g0,392.98,-6.9820,0.4,NaN,0.000
BRIC_sealed_fb_g0,393.48,-6.9820,0.4,NaN,0.000
BRIC_sealed_fb_g0,393.98,-6.9820,0.4,NaN,0.000
BRIC_sealed_fb_g0,394.48,-6.9820,0.4,NaN,0.000
BRIC_sealed_fb_g0,394.98,-6.9820,0.4,NaN,0.000
BRIC_sealed_fb_g0,395.48,-6.9820,0.4,NaN,0.000
BRIC_sealed_fb_g0,395.98,-6.9830,0.4,NaN,0.000
BRIC_sealed_fb_g0,396.48,-6.9830,0.4,NaN,0.000
BRIC_sealed_fb_g0,396.98,-6.9830,0.4,NaN,0.000
BRIC_sealed_fb_g0,397.48,-6.9830,0.4,NaN,0.000
BRIC_sealed_fb_g0,397.98,-6.9830,0.4,NaN,0.000
BRIC_sealed_fb_g0,398.48,-6.9830,0.4,NaN,0.000
BRIC_sealed_fb_g0,398.98,-6.9830,0.4,NaN,0.000
BRIC_sealed_fb_g0,399.48,-6.9830,0.4,NaN,0.000
BRIC_sealed_fb_g0,399.98,-6.9830,0.4,NaN,0.000
BRIC_sealed_fb_g0,400.48,-6.9830,0.4,NaN,0.000
BRIC_sealed_fb_g0,400.98,-6.9840,0.4,NaN,0.000
BRIC_sealed_fb_g0,401.48,-6.9840,0.4,NaN,0.000
BRIC_sealed_fb_g0,401.98,-6.9840,0.4,NaN,0.000
BRIC_sealed_fb_g0,402.48,-6.9840,0.4,NaN,0.000
BRIC_sealed_fb_g0,402.98,-6.9840,0.4,NaN,0.000
BRIC_sealed_fb_g0,403.48,-6.9840,0.4,NaN,0.000
BRIC_sealed_fb_g0,403.98,-6.9840,0.4,NaN,0.000
BRIC_sealed_fb_g0,404.48,-6.9840,0.4,NaN,0.000
BRIC_sealed_fb_g0,404.98,-6.9840,0.4,NaN,0.000
BRIC_sealed_fb_g0,405.48,-6.9840,0.4,NaN,0.000
BRIC_sealed_fb_g0,405.98,-6.9840,0.4,NaN,0.000
BRIC_sealed_fb_g0,406.48,-6.9850,0.4,NaN,0.000
BRIC_sealed_fb_g0,406.98,-6.9850,0.4,NaN,0.000
BRIC_sealed_fb_g0,407.48,-6.9850,0.4,NaN,0.000
BRIC_sealed_fb_g0,407.98,-6.9850,0.4,NaN,0.000
BRIC_sealed_fb_g0,408.48,-6.9850,0.4,NaN,0.000
BRIC_sealed_fb_g0,408.98,-6.9850,0.4,NaN,0.000
BRIC_sealed_fb_g0,409.48,-6.9850,0.4,NaN,0.000
BRIC_sealed_fb_g0,409.98,-6.9850,0.4,NaN,0.000
BRIC_sealed_fb_g0,410.48,-6.9850,0.4,NaN,0.000
BRIC_sealed_fb_g0,410.98,-6.9850,0.4,NaN,0.000
BRIC_sealed_fb_g0,411.48,-6.9850,0.4,NaN,0.000
BRIC_sealed_fb_g0,411.98,-6.9850,0.4,NaN,0.000
BRIC_sealed_fb_g0,412.48,-6.9850,0.4,NaN,0.000
BRIC_sealed_fb_g0,412.98,-6.9850,0.3,NaN,0.000
BRIC_sealed_fb_g0,413.48,-6.9850,0.3,NaN,0.000
BRIC_sealed_fb_g0,413.98,-6.9850,0.3,NaN,0.000
BRIC_sealed_fb_g0,414.48,-6.9860,0.3,NaN,0.000
BRIC_sealed_fb_g0,414.98,-6.9860,0.3,NaN,0.000
BRIC_sealed_fb_g0,415.20,-6.9860,0.3,NaN,0.000
CARA_taped_fb_g1,0.50,-0.0110,98.5,0.724,0.690
CARA_taped_fb_g1,1.00,-0.0190,97.6,0.469,0.444
CARA_taped_fb_g1,1.50,-0.0240,97.0,0.385,0.363
CARA_taped_fb_g1,2.00,-0.0280,96.6,0.339,0.319
CARA_taped_fb_g1,2.50,-0.0310,96.3,0.313,0.295
CARA_taped_fb_g1,3.00,-0.0330,96.1,0.297,0.279
CARA_taped_fb_g1,3.50,-0.0340,95.9,0.287,0.270
CARA_taped_fb_g1,4.00,-0.0350,95.8,0.280,0.263
CARA_taped_fb_g1,4.50,-0.0360,95.8,0.276,0.259
CARA_taped_fb_g1,5.00,-0.0370,95.7,0.273,0.256
CARA_taped_fb_g1,5.50,-0.0370,95.7,0.270,0.254
CARA_taped_fb_g1,6.00,-0.0380,95.6,0.269,0.252
CARA_taped_fb_g1,6.50,-0.0380,95.6,0.268,0.251
CARA_taped_fb_g1,7.00,-0.0380,95.6,0.267,0.251
CARA_taped_fb_g1,7.50,-0.0380,95.6,0.267,0.250
CARA_taped_fb_g1,8.00,-0.0380,95.6,0.266,0.250
CARA_taped_fb_g1,8.50,-0.0380,95.6,0.266,0.250
CARA_taped_fb_g1,9.00,-0.0380,95.6,0.266,0.249
CARA_taped_fb_g1,9.50,-0.0380,95.6,0.266,0.249
CARA_taped_fb_g1,10.00,-0.0380,95.6,0.266,0.249
CARA_taped_fb_g1,10.50,-0.0380,95.6,0.266,0.249
CARA_taped_fb_g1,11.00,-0.0380,95.6,0.266,0.249
CARA_taped_fb_g1,11.50,-0.0380,95.6,0.266,0.249
CARA_taped_fb_g1,12.00,-0.0380,95.6,0.266,0.249
CARA_taped_fb_g1,12.50,-0.0380,95.6,0.266,0.249
CARA_taped_fb_g1,13.00,-0.0390,95.6,0.266,0.249
CARA_taped_fb_g1,13.50,-0.0390,95.6,0.266,0.249
CARA_taped_fb_g1,14.00,-0.0390,95.6,0.266,0.249
CARA_taped_fb_g1,14.50,-0.0390,95.6,0.266,0.249
CARA_taped_fb_g1,15.00,-0.0390,95.6,0.266,0.249
CARA_taped_fb_g1,15.50,-0.0390,95.6,0.266,0.249
CARA_taped_fb_g1,16.00,-0.0390,95.6,0.266,0.249
CARA_taped_fb_g1,16.50,-0.0390,95.6,0.266,0.249
CARA_taped_fb_g1,17.00,-0.0390,95.6,0.266,0.249
CARA_taped_fb_g1,17.50,-0.0390,95.6,0.266,0.249
CARA_taped_fb_g1,18.00,-0.0390,95.6,0.266,0.249
CARA_taped_fb_g1,18.50,-0.0390,95.6,0.266,0.249
CARA_taped_fb_g1,19.00,-0.0390,95.6,0.266,0.249
CARA_taped_fb_g1,19.50,-0.0390,95.6,0.266,0.249
CARA_taped_fb_g1,20.00,-0.0390,95.6,0.266,0.249
CARA_taped_fb_g1,20.50,-0.0390,95.6,0.266,0.249
CARA_taped_fb_g1,21.00,-0.0390,95.6,0.266,0.249
CARA_taped_fb_g1,21.50,-0.0390,95.6,0.266,0.249
CARA_taped_fb_g1,22.00,-0.0390,95.6,0.266,0.249
CARA_taped_fb_g1,22.50,-0.0390,95.6,0.266,0.249
CARA_taped_fb_g1,23.00,-0.0390,95.6,0.266,0.249
CARA_taped_fb_g1,23.50,-0.0390,95.6,0.266,0.249
CARA_taped_fb_g1,24.00,-0.0390,95.6,0.266,0.249
CARA_taped_fb_g1,24.50,-0.0390,95.6,0.266,0.249
CARA_taped_fb_g1,25.00,-0.0390,95.6,0.266,0.249
CARA_taped_fb_g1,25.50,-0.0390,95.6,0.266,0.249
CARA_taped_fb_g1,26.00,-0.0390,95.6,0.266,0.249
CARA_taped_fb_g1,26.50,-0.0390,95.6,0.266,0.249
CARA_taped_fb_g1,27.00,-0.0390,95.6,0.266,0.249
CARA_taped_fb_g1,27.50,-0.0390,95.6,0.266,0.249
CARA_taped_fb_g1,28.00,-0.0390,95.6,0.266,0.249
CARA_taped_fb_g1,28.50,-0.0390,95.6,0.266,0.249
CARA_taped_fb_g1,29.00,-0.0390,95.6,0.266,0.249
CARA_taped_fb_g1,29.50,-0.0390,95.6,0.266,0.249
CARA_taped_fb_g1,30.00,-0.0390,95.6,0.266,0.249
CARA_taped_fb_g1,30.50,-0.0390,95.6,0.266,0.249
CARA_taped_fb_g1,31.00,-0.0390,95.6,0.266,0.249
CARA_taped_fb_g1,31.50,-0.0390,95.6,0.266,0.249
CARA_taped_fb_g1,32.00,-0.0390,95.6,0.266,0.249
CARA_taped_fb_g1,32.50,-0.0390,95.6,0.266,0.249
CARA_taped_fb_g1,33.00,-0.0390,95.6,0.266,0.249
CARA_taped_fb_g1,33.50,-0.0390,95.6,0.266,0.249
CARA_taped_fb_g1,34.00,-0.0390,95.6,0.266,0.249
CARA_taped_fb_g1,34.50,-0.0390,95.6,0.266,0.249
CARA_taped_fb_g1,35.00,-0.0390,95.6,0.266,0.249
CARA_taped_fb_g1,35.50,-0.0390,95.6,0.266,0.249
CARA_taped_fb_g1,36.00,-0.0390,95.6,0.266,0.249
CARA_taped_fb_g1,36.50,-0.0390,95.6,0.266,0.249
CARA_taped_fb_g1,37.00,-0.0390,95.6,0.266,0.249
CARA_taped_fb_g1,37.50,-0.0390,95.6,0.266,0.249
CARA_taped_fb_g1,38.00,-0.0390,95.6,0.266,0.249
CARA_taped_fb_g1,38.50,-0.0390,95.6,0.266,0.249
CARA_taped_fb_g1,39.00,-0.0390,95.6,0.266,0.249
CARA_taped_fb_g1,39.50,-0.0390,95.6,0.266,0.249
CARA_taped_fb_g1,40.00,-0.0390,95.6,0.266,0.249
CARA_taped_fb_g1,40.50,-0.0390,95.6,0.266,0.249
CARA_taped_fb_g1,41.00,-0.0390,95.6,0.266,0.249
CARA_taped_fb_g1,41.50,-0.0390,95.6,0.266,0.249
CARA_taped_fb_g1,42.00,-0.0390,95.6,0.266,0.249
CARA_taped_fb_g1,42.50,-0.0390,95.6,0.266,0.249
CARA_taped_fb_g1,43.00,-0.0390,95.6,0.266,0.249
CARA_taped_fb_g1,43.50,-0.0390,95.6,0.266,0.249
CARA_taped_fb_g1,44.00,-0.0390,95.6,0.266,0.249
CARA_taped_fb_g1,44.50,-0.0390,95.6,0.266,0.249
CARA_taped_fb_g1,45.00,-0.0390,95.6,0.266,0.249
CARA_taped_fb_g1,45.50,-0.0390,95.6,0.266,0.249
CARA_taped_fb_g1,46.00,-0.0390,95.6,0.266,0.249
CARA_taped_fb_g1,46.50,-0.0390,95.6,0.266,0.249
CARA_taped_fb_g1,47.00,-0.0390,95.6,0.266,0.249
CARA_taped_fb_g1,47.50,-0.0390,95.6,0.266,0.249
CARA_taped_fb_g1,48.00,-0.0390,95.6,0.266,0.249
CARA_taped_fb_g1,48.50,-0.0390,95.6,0.266,0.249
CARA_taped_fb_g1,49.00,-0.0390,95.6,0.266,0.249
CARA_taped_fb_g1,49.50,-0.0390,95.6,0.266,0.249
CARA_taped_fb_g1,50.00,-0.0390,95.6,0.266,0.249
CARA_taped_fb_g1,50.50,-0.0390,95.6,0.266,0.249
CARA_taped_fb_g1,51.00,-0.0390,95.6,0.266,0.249
CARA_taped_fb_g1,51.50,-0.0390,95.6,0.266,0.249
CARA_taped_fb_g1,51.90,-0.0390,95.6,0.266,0.249
CARA_taped_fb_g0,0.50,-0.0110,98.4,0.718,0.684
CARA_taped_fb_g0,1.00,-0.0210,97.4,0.441,0.417
CARA_taped_fb_g0,1.50,-0.0290,96.6,0.342,0.322
CARA_taped_fb_g0,2.00,-0.0360,96.0,0.293,0.274
CARA_taped_fb_g0,2.50,-0.0420,95.6,0.263,0.246
CARA_taped_fb_g0,3.00,-0.0470,95.2,0.244,0.227
CARA_taped_fb_g0,3.50,-0.0510,94.9,0.231,0.214
CARA_taped_fb_g0,4.00,-0.0550,94.7,0.222,0.205
CARA_taped_fb_g0,4.50,-0.0580,94.5,0.215,0.199
CARA_taped_fb_g0,5.00,-0.0600,94.3,0.210,0.194
CARA_taped_fb_g0,5.50,-0.0630,94.2,0.206,0.190
CARA_taped_fb_g0,6.00,-0.0640,94.1,0.203,0.187
CARA_taped_fb_g0,6.50,-0.0660,94.1,0.201,0.185
CARA_taped_fb_g0,7.00,-0.0670,94.0,0.199,0.183
CARA_taped_fb_g0,7.50,-0.0680,94.0,0.198,0.182
CARA_taped_fb_g0,8.00,-0.0690,93.9,0.197,0.181
CARA_taped_fb_g0,8.50,-0.0700,93.9,0.196,0.180
CARA_taped_fb_g0,9.00,-0.0710,93.9,0.195,0.179
CARA_taped_fb_g0,9.50,-0.0710,93.8,0.195,0.178
CARA_taped_fb_g0,10.00,-0.0720,93.8,0.194,0.178
CARA_taped_fb_g0,10.50,-0.0720,93.8,0.194,0.178
CARA_taped_fb_g0,11.00,-0.0720,93.8,0.194,0.177
CARA_taped_fb_g0,11.50,-0.0730,93.8,0.193,0.177
CARA_taped_fb_g0,12.00,-0.0730,93.8,0.193,0.177
CARA_taped_fb_g0,12.50,-0.0730,93.8,0.193,0.177
CARA_taped_fb_g0,13.00,-0.0730,93.8,0.193,0.176
CARA_taped_fb_g0,13.50,-0.0730,93.8,0.193,0.176
CARA_taped_fb_g0,14.00,-0.0730,93.8,0.193,0.176
CARA_taped_fb_g0,14.50,-0.0740,93.8,0.193,0.176
CARA_taped_fb_g0,15.00,-0.0740,93.8,0.193,0.176
CARA_taped_fb_g0,15.50,-0.0740,93.8,0.193,0.176
CARA_taped_fb_g0,16.00,-0.0740,93.7,0.193,0.176
CARA_taped_fb_g0,16.50,-0.0740,93.7,0.193,0.176
CARA_taped_fb_g0,17.00,-0.0740,93.7,0.193,0.176
CARA_taped_fb_g0,17.50,-0.0740,93.7,0.193,0.176
CARA_taped_fb_g0,18.00,-0.0740,93.7,0.193,0.176
CARA_taped_fb_g0,18.50,-0.0740,93.7,0.192,0.176
CARA_taped_fb_g0,19.00,-0.0740,93.7,0.192,0.176
CARA_taped_fb_g0,19.50,-0.0740,93.7,0.192,0.176
CARA_taped_fb_g0,20.00,-0.0740,93.7,0.192,0.176
CARA_taped_fb_g0,20.50,-0.0740,93.7,0.192,0.176
CARA_taped_fb_g0,21.00,-0.0740,93.7,0.192,0.176
CARA_taped_fb_g0,21.50,-0.0740,93.7,0.192,0.176
CARA_taped_fb_g0,22.00,-0.0740,93.7,0.192,0.176
CARA_taped_fb_g0,22.50,-0.0740,93.7,0.192,0.176
CARA_taped_fb_g0,23.00,-0.0740,93.7,0.192,0.176
CARA_taped_fb_g0,23.50,-0.0740,93.7,0.192,0.176
CARA_taped_fb_g0,24.00,-0.0740,93.7,0.192,0.176
CARA_taped_fb_g0,24.50,-0.0740,93.7,0.192,0.176
CARA_taped_fb_g0,25.00,-0.0740,93.7,0.192,0.176
CARA_taped_fb_g0,25.50,-0.0740,93.7,0.192,0.176
CARA_taped_fb_g0,26.00,-0.0740,93.7,0.192,0.176
CARA_taped_fb_g0,26.50,-0.0740,93.7,0.192,0.176
CARA_taped_fb_g0,27.00,-0.0740,93.7,0.192,0.176
CARA_taped_fb_g0,27.50,-0.0740,93.7,0.192,0.176
CARA_taped_fb_g0,28.00,-0.0740,93.7,0.192,0.176
CARA_taped_fb_g0,28.50,-0.0740,93.7,0.192,0.176
CARA_taped_fb_g0,29.00,-0.0740,93.7,0.192,0.176
CARA_taped_fb_g0,29.50,-0.0740,93.7,0.192,0.176
CARA_taped_fb_g0,30.00,-0.0740,93.7,0.192,0.176
CARA_taped_fb_g0,30.50,-0.0740,93.7,0.192,0.176
CARA_taped_fb_g0,31.00,-0.0740,93.7,0.192,0.176
CARA_taped_fb_g0,31.50,-0.0740,93.7,0.192,0.176
CARA_taped_fb_g0,32.00,-0.0740,93.7,0.192,0.176
CARA_taped_fb_g0,32.50,-0.0740,93.7,0.192,0.176
CARA_taped_fb_g0,33.00,-0.0740,93.7,0.192,0.176
CARA_taped_fb_g0,33.50,-0.0740,93.7,0.192,0.176
CARA_taped_fb_g0,34.00,-0.0740,93.7,0.192,0.176
CARA_taped_fb_g0,34.50,-0.0740,93.7,0.192,0.176
CARA_taped_fb_g0,35.00,-0.0740,93.7,0.192,0.176
CARA_taped_fb_g0,35.50,-0.0740,93.7,0.192,0.176
CARA_taped_fb_g0,36.00,-0.0740,93.7,0.192,0.176
CARA_taped_fb_g0,36.50,-0.0740,93.7,0.192,0.176
CARA_taped_fb_g0,37.00,-0.0740,93.7,0.192,0.176
CARA_taped_fb_g0,37.50,-0.0740,93.7,0.192,0.176
CARA_taped_fb_g0,38.00,-0.0740,93.7,0.192,0.176
CARA_taped_fb_g0,38.50,-0.0740,93.7,0.192,0.176
CARA_taped_fb_g0,39.00,-0.0740,93.7,0.192,0.176
CARA_taped_fb_g0,39.50,-0.0740,93.7,0.192,0.176
CARA_taped_fb_g0,40.00,-0.0740,93.7,0.192,0.176
CARA_taped_fb_g0,40.50,-0.0740,93.7,0.192,0.176
CARA_taped_fb_g0,41.00,-0.0740,93.7,0.192,0.176
CARA_taped_fb_g0,41.50,-0.0740,93.7,0.192,0.176
CARA_taped_fb_g0,42.00,-0.0740,93.7,0.192,0.176
CARA_taped_fb_g0,42.50,-0.0740,93.7,0.192,0.176
CARA_taped_fb_g0,43.00,-0.0740,93.7,0.192,0.176
CARA_taped_fb_g0,43.50,-0.0740,93.7,0.192,0.176
CARA_taped_fb_g0,44.00,-0.0740,93.7,0.192,0.176
CARA_taped_fb_g0,44.50,-0.0740,93.7,0.192,0.176
CARA_taped_fb_g0,45.00,-0.0740,93.7,0.192,0.176
CARA_taped_fb_g0,45.50,-0.0740,93.7,0.192,0.176
CARA_taped_fb_g0,46.00,-0.0740,93.7,0.192,0.176
CARA_taped_fb_g0,46.50,-0.0740,93.7,0.192,0.176
CARA_taped_fb_g0,47.00,-0.0740,93.7,0.192,0.176
CARA_taped_fb_g0,47.50,-0.0740,93.7,0.192,0.176
CARA_taped_fb_g0,48.00,-0.0740,93.7,0.192,0.176
CARA_taped_fb_g0,48.50,-0.0740,93.7,0.192,0.176
CARA_taped_fb_g0,49.00,-0.0740,93.7,0.192,0.176
CARA_taped_fb_g0,49.50,-0.0740,93.7,0.192,0.176
CARA_taped_fb_g0,50.00,-0.0740,93.7,0.192,0.176
CARA_taped_fb_g0,50.50,-0.0740,93.7,0.192,0.176
CARA_taped_fb_g0,51.00,-0.0740,93.7,0.192,0.176
CARA_taped_fb_g0,51.50,-0.0740,93.7,0.192,0.176
CARA_taped_fb_g0,51.90,-0.0740,93.7,0.192,0.176
BRIC_sealed_nofb_g1,0.50,-0.0350,NaN,0.805,0.685
BRIC_sealed_nofb_g1,1.00,-0.0700,NaN,0.514,0.420
BRIC_sealed_nofb_g1,1.50,-0.1050,NaN,0.416,0.327
BRIC_sealed_nofb_g1,2.00,-0.1390,NaN,0.370,0.280
BRIC_sealed_nofb_g1,2.50,-0.1740,NaN,0.345,0.251
BRIC_sealed_nofb_g1,3.00,-0.2090,NaN,0.331,0.231
BRIC_sealed_nofb_g1,3.50,-0.2440,NaN,0.321,0.216
BRIC_sealed_nofb_g1,4.00,-0.2790,NaN,0.315,0.204
BRIC_sealed_nofb_g1,4.50,-0.3140,NaN,0.311,0.194
BRIC_sealed_nofb_g1,5.00,-0.3480,NaN,0.308,0.185
BRIC_sealed_nofb_g1,5.50,-0.3830,NaN,0.305,0.177
BRIC_sealed_nofb_g1,6.00,-0.4180,NaN,0.304,0.170
BRIC_sealed_nofb_g1,6.50,-0.4530,NaN,0.302,0.163
BRIC_sealed_nofb_g1,7.00,-0.4880,NaN,0.301,0.157
BRIC_sealed_nofb_g1,7.50,-0.5230,NaN,0.300,0.152
BRIC_sealed_nofb_g1,8.00,-0.5580,NaN,0.299,0.147
BRIC_sealed_nofb_g1,8.50,-0.5920,NaN,0.299,0.142
BRIC_sealed_nofb_g1,9.00,-0.6270,NaN,0.298,0.138
BRIC_sealed_nofb_g1,9.50,-0.6620,NaN,0.298,0.134
BRIC_sealed_nofb_g1,10.00,-0.6970,NaN,0.297,0.130
BRIC_sealed_nofb_g1,10.50,-0.7320,NaN,0.296,0.126
BRIC_sealed_nofb_g1,11.00,-0.7670,NaN,0.296,0.123
BRIC_sealed_nofb_g1,11.50,-0.8020,NaN,0.295,0.120
BRIC_sealed_nofb_g1,12.00,-0.8360,NaN,0.295,0.116
BRIC_sealed_nofb_g1,12.50,-0.8710,NaN,0.294,0.114
BRIC_sealed_nofb_g1,13.00,-0.9060,NaN,0.294,0.111
BRIC_sealed_nofb_g1,13.50,-0.9410,NaN,0.293,0.108
BRIC_sealed_nofb_g1,14.00,-0.9760,NaN,0.293,0.106
BRIC_sealed_nofb_g1,14.50,-1.0110,NaN,0.292,0.103
BRIC_sealed_nofb_g1,15.00,-1.0460,NaN,0.292,0.101
BRIC_sealed_nofb_g1,15.50,-1.0800,NaN,0.291,0.099
BRIC_sealed_nofb_g1,16.00,-1.1150,NaN,0.291,0.096
BRIC_sealed_nofb_g1,16.50,-1.1500,NaN,0.290,0.094
BRIC_sealed_nofb_g1,17.00,-1.1850,NaN,0.290,0.093
BRIC_sealed_nofb_g1,17.50,-1.2200,NaN,0.289,0.091
BRIC_sealed_nofb_g1,18.00,-1.2550,NaN,0.289,0.089
BRIC_sealed_nofb_g1,18.50,-1.2890,NaN,0.289,0.087
BRIC_sealed_nofb_g1,19.00,-1.3240,NaN,0.288,0.085
BRIC_sealed_nofb_g1,19.50,-1.3590,NaN,0.288,0.084
BRIC_sealed_nofb_g1,20.00,-1.3940,NaN,0.287,0.082
BRIC_sealed_nofb_g1,20.50,-1.4290,NaN,0.287,0.081
BRIC_sealed_nofb_g1,21.00,-1.4640,NaN,0.286,0.079
BRIC_sealed_nofb_g1,21.50,-1.4990,NaN,0.286,0.078
BRIC_sealed_nofb_g1,22.00,-1.5330,NaN,0.286,0.077
BRIC_sealed_nofb_g1,22.50,-1.5680,NaN,0.285,0.075
BRIC_sealed_nofb_g1,23.00,-1.6030,NaN,0.285,0.074
BRIC_sealed_nofb_g1,23.50,-1.6380,NaN,0.284,0.073
BRIC_sealed_nofb_g1,24.00,-1.6730,NaN,0.284,0.072
BRIC_sealed_nofb_g1,24.50,-1.7080,NaN,0.284,0.071
BRIC_sealed_nofb_g1,25.00,-1.7430,NaN,0.283,0.070
BRIC_sealed_nofb_g1,25.50,-1.7770,NaN,0.283,0.069
BRIC_sealed_nofb_g1,25.95,-1.8090,NaN,0.283,0.068
