run,buoyancy_species,feedback,t_s,dish_mean_CO2,net_assimilation_pct,g_bl_vs_dish_air,u_max_lattice
noH2O,co2+o2,true,0.50,-0.0350,98.4,0.798,0.00344
noH2O,co2+o2,true,1.00,-0.0690,97.4,0.495,0.00634
noH2O,co2+o2,true,1.50,-0.1020,96.5,0.388,0.00832
noH2O,co2+o2,true,2.00,-0.1360,95.8,0.336,0.00929
noH2O,co2+o2,true,2.50,-0.1690,95.3,0.307,0.00985
noH2O,co2+o2,true,3.00,-0.2020,94.8,0.290,0.01030
noH2O,co2+o2,true,3.50,-0.2350,94.4,0.279,0.01060
noH2O,co2+o2,true,4.00,-0.2680,94.1,0.272,0.01080
noH2O,co2+o2,true,4.50,-0.3010,93.8,0.268,0.01090
noH2O,co2+o2,true,5.00,-0.3340,93.5,0.265,0.01100
noH2O,co2+o2,true,5.50,-0.3660,93.3,0.264,0.01100
noH2O,co2+o2,true,6.00,-0.3990,93.0,0.263,0.01110
noH2O,co2+o2,true,6.50,-0.4310,92.7,0.262,0.01110
noH2O,co2+o2,true,7.00,-0.4630,92.5,0.262,0.01110
noH2O,co2+o2,true,7.50,-0.4950,92.3,0.261,0.01110
noH2O,co2+o2,true,8.00,-0.5280,92.0,0.261,0.01110
noH2O,co2+o2,true,8.50,-0.5600,91.8,0.261,0.01100
noH2O,co2+o2,true,9.00,-0.5910,91.5,0.261,0.01100
noH2O,co2+o2,true,9.50,-0.6230,91.3,0.261,0.01100
noH2O,co2+o2,true,10.00,-0.6550,91.0,0.261,0.01100
noH2O,co2+o2,true,10.50,-0.6870,90.8,0.261,0.01100
noH2O,co2+o2,true,11.00,-0.7180,90.6,0.261,0.01100
noH2O,co2+o2,true,11.50,-0.7500,90.3,0.260,0.01100
noH2O,co2+o2,true,12.00,-0.7810,90.1,0.260,0.01090
noH2O,co2+o2,true,12.50,-0.8130,89.8,0.260,0.01090
noH2O,co2+o2,true,13.00,-0.8440,89.6,0.260,0.01090
noH2O,co2+o2,true,13.50,-0.8750,89.3,0.260,0.01090
noH2O,co2+o2,true,14.00,-0.9060,89.1,0.260,0.01090
noH2O,co2+o2,true,14.50,-0.9370,88.8,0.260,0.01090
noH2O,co2+o2,true,15.00,-0.9680,88.6,0.260,0.01090
noH2O,co2+o2,true,15.50,-0.9990,88.3,0.260,0.01080
noH2O,co2+o2,true,16.00,-1.0300,88.1,0.260,0.01080
noH2O,co2+o2,true,16.50,-1.0600,87.8,0.260,0.01080
noH2O,co2+o2,true,17.00,-1.0910,87.6,0.260,0.01080
noH2O,co2+o2,true,17.50,-1.1210,87.3,0.260,0.01080
noH2O,co2+o2,true,18.00,-1.1520,87.1,0.260,0.01080
noH2O,co2+o2,true,18.50,-1.1820,86.8,0.260,0.01070
noH2O,co2+o2,true,19.00,-1.2120,86.6,0.259,0.01070
noH2O,co2+o2,true,19.50,-1.2420,86.3,0.259,0.01070
noH2O,co2+o2,true,20.00,-1.2720,86.1,0.259,0.01070
noH2O,co2+o2,true,20.50,-1.3020,85.8,0.259,0.01070
noH2O,co2+o2,true,21.00,-1.3320,85.6,0.259,0.01070
noH2O,co2+o2,true,21.50,-1.3620,85.3,0.259,0.01060
noH2O,co2+o2,true,22.00,-1.3920,85.0,0.259,0.01060
noH2O,co2+o2,true,22.50,-1.4210,84.8,0.259,0.01060
noH2O,co2+o2,true,23.00,-1.4510,84.5,0.259,0.01060
noH2O,co2+o2,true,23.50,-1.4800,84.3,0.259,0.01060
noH2O,co2+o2,true,24.00,-1.5090,84.0,0.259,0.01060
noH2O,co2+o2,true,24.50,-1.5390,83.8,0.259,0.01050
noH2O,co2+o2,true,25.00,-1.5680,83.5,0.259,0.01050
noH2O,co2+o2,true,25.50,-1.5970,83.2,0.259,0.01050
noH2O,co2+o2,true,26.00,-1.6260,83.0,0.258,0.01050
noH2O,co2+o2,true,26.50,-1.6550,82.7,0.258,0.01050
noH2O,co2+o2,true,27.00,-1.6840,82.5,0.258,0.01040
noH2O,co2+o2,true,27.50,-1.7120,82.2,0.258,0.01040
noH2O,co2+o2,true,28.00,-1.7410,81.9,0.258,0.01040
noH2O,co2+o2,true,28.50,-1.7690,81.7,0.258,0.01040
noH2O,co2+o2,true,29.00,-1.7980,81.4,0.258,0.01040
noH2O,co2+o2,true,29.50,-1.8260,81.1,0.258,0.01040
noH2O,co2+o2,true,30.00,-1.8540,80.9,0.258,0.01030
noH2O,co2+o2,true,30.50,-1.8820,80.6,0.258,0.01030
noH2O,co2+o2,true,31.00,-1.9110,80.4,0.258,0.01030
noH2O,co2+o2,true,31.50,-1.9380,80.1,0.258,0.01030
noH2O,co2+o2,true,32.00,-1.9660,79.8,0.257,0.01030
noH2O,co2+o2,true,32.50,-1.9940,79.6,0.257,0.01020
noH2O,co2+o2,true,33.00,-2.0220,79.3,0.257,0.01020
noH2O,co2+o2,true,33.50,-2.0490,79.0,0.257,0.01020
noH2O,co2+o2,true,34.00,-2.0770,78.8,0.257,0.01020
noH2O,co2+o2,true,34.50,-2.1040,78.5,0.257,0.01020
noH2O,co2+o2,true,35.00,-2.1320,78.2,0.257,0.01010
noH2O,co2+o2,true,35.50,-2.1590,78.0,0.257,0.01010
noH2O,co2+o2,true,36.00,-2.1860,77.7,0.257,0.01010
noH2O,co2+o2,true,36.50,-2.2130,77.4,0.257,0.01010
noH2O,co2+o2,true,37.00,-2.2400,77.2,0.257,0.01010
noH2O,co2+o2,true,37.50,-2.2670,76.9,0.257,0.01000
noH2O,co2+o2,true,38.00,-2.2940,76.6,0.256,0.01000
noH2O,co2+o2,true,38.50,-2.3200,76.4,0.256,0.01000
noH2O,co2+o2,true,39.00,-2.3470,76.1,0.256,0.00999
noH2O,co2+o2,true,39.50,-2.3730,75.8,0.256,0.00997
noH2O,co2+o2,true,40.00,-2.4000,75.6,0.256,0.00995
noH2O,co2+o2,true,40.50,-2.4260,75.3,0.256,0.00993
noH2O,co2+o2,true,41.00,-2.4520,75.0,0.256,0.00991
noH2O,co2+o2,true,41.50,-2.4780,74.7,0.256,0.00989
noH2O,co2+o2,true,42.00,-2.5040,74.5,0.256,0.00987
noH2O,co2+o2,true,42.50,-2.5300,74.2,0.256,0.00985
noH2O,co2+o2,true,43.00,-2.5560,73.9,0.256,0.00983
noH2O,co2+o2,true,43.50,-2.5820,73.7,0.255,0.00981
noH2O,co2+o2,true,44.00,-2.6070,73.4,0.255,0.00979
noH2O,co2+o2,true,44.50,-2.6330,73.1,0.255,0.00977
noH2O,co2+o2,true,45.00,-2.6580,72.9,0.255,0.00975
noH2O,co2+o2,true,45.50,-2.6840,72.6,0.255,0.00973
noH2O,co2+o2,true,46.00,-2.7090,72.3,0.255,0.00971
noH2O,co2+o2,true,46.50,-2.7340,72.0,0.255,0.00969
noH2O,co2+o2,true,47.00,-2.7590,71.8,0.255,0.00967
noH2O,co2+o2,true,47.50,-2.7840,71.5,0.255,0.00965
noH2O,co2+o2,true,48.00,-2.8090,71.2,0.255,0.00963
noH2O,co2+o2,true,48.50,-2.8340,70.9,0.254,0.00961
noH2O,co2+o2,true,49.00,-2.8580,70.7,0.254,0.00959
noH2O,co2+o2,true,49.50,-2.8830,70.4,0.254,0.00957
noH2O,co2+o2,true,50.00,-2.9070,70.1,0.254,0.00955
noH2O,co2+o2,true,50.50,-2.9320,69.8,0.254,0.00953
noH2O,co2+o2,true,51.00,-2.9560,69.6,0.254,0.00951
noH2O,co2+o2,true,51.50,-2.9800,69.3,0.254,0.00949
noH2O,co2+o2,true,52.00,-3.0040,69.0,0.254,0.00947
noH2O,co2+o2,true,52.50,-3.0280,68.8,0.254,0.00945
noH2O,co2+o2,true,53.00,-3.0520,68.5,0.254,0.00943
noH2O,co2+o2,true,53.50,-3.0760,68.2,0.253,0.00941
noH2O,co2+o2,true,54.00,-3.1000,67.9,0.253,0.00939
noH2O,co2+o2,true,54.50,-3.1230,67.7,0.253,0.00937
noH2O,co2+o2,true,55.00,-3.1470,67.4,0.253,0.00935
noH2O,co2+o2,true,55.50,-3.1700,67.1,0.253,0.00933
noH2O,co2+o2,true,56.00,-3.1940,66.8,0.253,0.00931
noH2O,co2+o2,true,56.50,-3.2170,66.6,0.253,0.00928
noH2O,co2+o2,true,57.00,-3.2400,66.3,0.253,0.00926
noH2O,co2+o2,true,57.50,-3.2630,66.0,0.253,0.00924
noH2O,co2+o2,true,58.00,-3.2860,65.7,0.253,0.00922
noH2O,co2+o2,true,58.50,-3.3090,65.5,0.252,0.00920
noH2O,co2+o2,true,59.00,-3.3320,65.2,0.252,0.00918
noH2O,co2+o2,true,59.50,-3.3550,64.9,0.252,0.00915
noH2O,co2+o2,true,60.00,-3.3770,64.6,0.252,0.00913
noH2O,co2+o2,true,60.50,-3.4000,64.4,0.252,0.00911
noH2O,co2+o2,true,61.00,-3.4220,64.1,0.252,0.00909
noH2O,co2+o2,true,61.50,-3.4440,63.8,0.252,0.00907
noH2O,co2+o2,true,62.00,-3.4660,63.5,0.252,0.00905
noH2O,co2+o2,true,62.50,-3.4890,63.3,0.251,0.00903
noH2O,co2+o2,true,63.00,-3.5110,63.0,0.251,0.00900
noH2O,co2+o2,true,63.50,-3.5320,62.7,0.251,0.00898
noH2O,co2+o2,true,64.00,-3.5540,62.4,0.251,0.00896
noH2O,co2+o2,true,64.50,-3.5760,62.2,0.251,0.00894
noH2O,co2+o2,true,65.00,-3.5980,61.9,0.251,0.00892
noH2O,co2+o2,true,65.50,-3.6190,61.6,0.251,0.00889
noH2O,co2+o2,true,66.00,-3.6410,61.3,0.251,0.00887
noH2O,co2+o2,true,66.50,-3.6620,61.1,0.251,0.00885
noH2O,co2+o2,true,67.00,-3.6830,60.8,0.250,0.00883
noH2O,co2+o2,true,67.50,-3.7040,60.5,0.250,0.00880
noH2O,co2+o2,true,68.00,-3.7250,60.2,0.250,0.00878
noH2O,co2+o2,true,68.50,-3.7460,60.0,0.250,0.00876
noH2O,co2+o2,true,69.00,-3.7670,59.7,0.250,0.00874
noH2O,co2+o2,true,69.50,-3.7880,59.4,0.250,0.00871
noH2O,co2+o2,true,70.00,-3.8080,59.1,0.250,0.00869
noH2O,co2+o2,true,70.50,-3.8290,58.9,0.250,0.00867
noH2O,co2+o2,true,71.00,-3.8490,58.6,0.249,0.00865
noH2O,co2+o2,true,71.50,-3.8700,58.3,0.249,0.00862
noH2O,co2+o2,true,72.00,-3.8900,58.1,0.249,0.00860
noH2O,co2+o2,true,72.50,-3.9100,57.8,0.249,0.00858
noH2O,co2+o2,true,73.00,-3.9300,57.5,0.249,0.00856
noH2O,co2+o2,true,73.50,-3.9500,57.2,0.249,0.00853
noH2O,co2+o2,true,74.00,-3.9700,57.0,0.249,0.00851
noH2O,co2+o2,true,74.50,-3.9900,56.7,0.248,0.00849
noH2O,co2+o2,true,75.00,-4.0100,56.4,0.248,0.00846
noH2O,co2+o2,true,75.50,-4.0290,56.2,0.248,0.00844
noH2O,co2+o2,true,76.00,-4.0490,55.9,0.248,0.00842
noH2O,co2+o2,true,76.50,-4.0680,55.6,0.248,0.00840
noH2O,co2+o2,true,77.00,-4.0880,55.3,0.248,0.00837
noH2O,co2+o2,true,77.50,-4.1070,55.1,0.248,0.00835
noH2O,co2+o2,true,78.00,-4.1260,54.8,0.248,0.00833
noH2O,co2+o2,true,78.50,-4.1450,54.5,0.247,0.00830
noH2O,co2+o2,true,79.00,-4.1640,54.3,0.247,0.00828
noH2O,co2+o2,true,79.50,-4.1830,54.0,0.247,0.00825
noH2O,co2+o2,true,80.00,-4.2020,53.7,0.247,0.00823
noH2O,co2+o2,true,80.50,-4.2200,53.5,0.247,0.00821
noH2O,co2+o2,true,81.00,-4.2390,53.2,0.247,0.00818
noH2O,co2+o2,true,81.50,-4.2570,52.9,0.247,0.00816
noH2O,co2+o2,true,82.00,-4.2760,52.7,0.246,0.00813
noH2O,co2+o2,true,82.50,-4.2940,52.4,0.246,0.00811
noH2O,co2+o2,true,83.00,-4.3120,52.1,0.246,0.00809
noH2O,co2+o2,true,83.49,-4.3300,51.9,0.246,0.00806
noH2O,co2+o2,true,83.99,-4.3480,51.6,0.246,0.00804
noH2O,co2+o2,true,84.49,-4.3660,51.3,0.246,0.00801
noH2O,co2+o2,true,84.99,-4.3840,51.1,0.246,0.00799
noH2O,co2+o2,true,85.49,-4.4020,50.8,0.245,0.00797
noH2O,co2+o2,true,85.99,-4.4200,50.5,0.245,0.00794
noH2O,co2+o2,true,86.49,-4.4370,50.3,0.245,0.00792
noH2O,co2+o2,true,86.99,-4.4550,50.0,0.245,0.00789
noH2O,co2+o2,true,87.49,-4.4720,49.8,0.245,0.00787
noH2O,co2+o2,true,87.99,-4.4890,49.5,0.245,0.00785
noH2O,co2+o2,true,88.49,-4.5070,49.2,0.245,0.00782
noH2O,co2+o2,true,88.99,-4.5240,49.0,0.244,0.00780
noH2O,co2+o2,true,89.49,-4.5410,48.7,0.244,0.00777
noH2O,co2+o2,true,89.99,-4.5580,48.5,0.244,0.00775
noH2O,co2+o2,true,90.49,-4.5750,48.2,0.244,0.00773
noH2O,co2+o2,true,90.99,-4.5910,47.9,0.244,0.00770
noH2O,co2+o2,true,91.49,-4.6080,47.7,0.244,0.00768
noH2O,co2+o2,true,91.99,-4.6250,47.4,0.244,0.00765
noH2O,co2+o2,true,92.49,-4.6410,47.2,0.243,0.00763
noH2O,co2+o2,true,92.99,-4.6570,46.9,0.243,0.00761
noH2O,co2+o2,true,93.49,-4.6740,46.7,0.243,0.00758
noH2O,co2+o2,true,93.99,-4.6900,46.4,0.243,0.00756
noH2O,co2+o2,true,94.49,-4.7060,46.1,0.243,0.00753
noH2O,co2+o2,true,94.99,-4.7220,45.9,0.243,0.00751
noH2O,co2+o2,true,95.49,-4.7380,45.6,0.242,0.00749
noH2O,co2+o2,true,95.99,-4.7540,45.4,0.242,0.00746
noH2O,co2+o2,true,96.49,-4.7700,45.1,0.242,0.00744
noH2O,co2+o2,true,96.99,-4.7850,44.9,0.242,0.00741
noH2O,co2+o2,true,97.49,-4.8010,44.6,0.242,0.00739
noH2O,co2+o2,true,97.99,-4.8160,44.4,0.242,0.00736
noH2O,co2+o2,true,98.49,-4.8320,44.1,0.241,0.00734
noH2O,co2+o2,true,98.99,-4.8470,43.9,0.241,0.00731
noH2O,co2+o2,true,99.49,-4.8620,43.6,0.241,0.00729
noH2O,co2+o2,true,99.99,-4.8780,43.4,0.241,0.00726
noH2O,co2+o2,true,100.49,-4.8930,43.1,0.241,0.00724
noH2O,co2+o2,true,100.99,-4.9080,42.9,0.241,0.00721
noH2O,co2+o2,true,101.49,-4.9230,42.6,0.241,0.00719
noH2O,co2+o2,true,101.99,-4.9370,42.4,0.240,0.00717
noH2O,co2+o2,true,102.49,-4.9520,42.2,0.240,0.00714
noH2O,co2+o2,true,102.99,-4.9670,41.9,0.240,0.00712
noH2O,co2+o2,true,103.49,-4.9810,41.7,0.240,0.00709
noH2O,co2+o2,true,103.99,-4.9960,41.4,0.240,0.00707
noH2O,co2+o2,true,104.49,-5.0100,41.2,0.239,0.00704
noH2O,co2+o2,true,104.99,-5.0240,40.9,0.239,0.00702
noH2O,co2+o2,true,105.49,-5.0390,40.7,0.239,0.00699
noH2O,co2+o2,true,105.99,-5.0530,40.5,0.239,0.00697
noH2O,co2+o2,true,106.49,-5.0670,40.2,0.239,0.00695
noH2O,co2+o2,true,106.99,-5.0810,40.0,0.239,0.00692
noH2O,co2+o2,true,107.49,-5.0950,39.7,0.238,0.00690
noH2O,co2+o2,true,107.99,-5.1090,39.5,0.238,0.00687
noH2O,co2+o2,true,108.49,-5.1220,39.3,0.238,0.00685
noH2O,co2+o2,true,108.99,-5.1360,39.0,0.238,0.00683
noH2O,co2+o2,true,109.49,-5.1490,38.8,0.238,0.00680
noH2O,co2+o2,true,109.99,-5.1630,38.6,0.238,0.00678
noH2O,co2+o2,true,110.49,-5.1760,38.3,0.237,0.00675
noH2O,co2+o2,true,110.99,-5.1900,38.1,0.237,0.00673
noH2O,co2+o2,true,111.49,-5.2030,37.9,0.237,0.00670
noH2O,co2+o2,true,111.99,-5.2160,37.6,0.237,0.00668
noH2O,co2+o2,true,112.49,-5.2290,37.4,0.237,0.00665
noH2O,co2+o2,true,112.99,-5.2420,37.2,0.237,0.00663
noH2O,co2+o2,true,113.49,-5.2550,37.0,0.236,0.00661
noH2O,co2+o2,true,113.99,-5.2680,36.7,0.236,0.00658
noH2O,co2+o2,true,114.49,-5.2810,36.5,0.236,0.00656
noH2O,co2+o2,true,114.99,-5.2930,36.3,0.236,0.00654
noH2O,co2+o2,true,115.49,-5.3060,36.0,0.236,0.00652
noH2O,co2+o2,true,115.99,-5.3190,35.8,0.236,0.00650
noH2O,co2+o2,true,116.49,-5.3310,35.6,0.235,0.00648
noH2O,co2+o2,true,116.99,-5.3430,35.4,0.235,0.00646
noH2O,co2+o2,true,117.49,-5.3560,35.2,0.235,0.00644
noH2O,co2+o2,true,117.99,-5.3680,34.9,0.235,0.00642
noH2O,co2+o2,true,118.49,-5.3800,34.7,0.235,0.00641
noH2O,co2+o2,true,118.99,-5.3920,34.5,0.234,0.00639
noH2O,co2+o2,true,119.49,-5.4040,34.3,0.234,0.00637
noH2O,co2+o2,true,119.99,-5.4160,34.1,0.234,0.00635
noH2O,co2+o2,true,120.49,-5.4280,33.8,0.234,0.00633
noH2O,co2+o2,true,120.99,-5.4400,33.6,0.234,0.00631
noH2O,co2+o2,true,121.49,-5.4510,33.4,0.234,0.00629
noH2O,co2+o2,true,121.99,-5.4630,33.2,0.233,0.00627
noH2O,co2+o2,true,122.49,-5.4750,33.0,0.233,0.00625
noH2O,co2+o2,true,122.99,-5.4860,32.8,0.233,0.00623
noH2O,co2+o2,true,123.49,-5.4970,32.6,0.233,0.00622
noH2O,co2+o2,true,123.99,-5.5090,32.3,0.233,0.00620
noH2O,co2+o2,true,124.49,-5.5200,32.1,0.232,0.00618
noH2O,co2+o2,true,124.99,-5.5310,31.9,0.232,0.00616
noH2O,co2+o2,true,125.49,-5.5420,31.7,0.232,0.00614
noH2O,co2+o2,true,125.99,-5.5530,31.5,0.232,0.00612
noH2O,co2+o2,true,126.49,-5.5640,31.3,0.232,0.00610
noH2O,co2+o2,true,126.99,-5.5750,31.1,0.232,0.00608
noH2O,co2+o2,true,127.49,-5.5860,30.9,0.231,0.00606
noH2O,co2+o2,true,127.99,-5.5970,30.7,0.231,0.00604
noH2O,co2+o2,true,128.49,-5.6070,30.5,0.231,0.00602
noH2O,co2+o2,true,128.99,-5.6180,30.3,0.231,0.00600
noH2O,co2+o2,true,129.49,-5.6280,30.1,0.231,0.00598
noH2O,co2+o2,true,129.99,-5.6390,29.9,0.230,0.00596
noH2O,co2+o2,true,130.49,-5.6490,29.7,0.230,0.00594
noH2O,co2+o2,true,130.99,-5.6590,29.5,0.230,0.00592
noH2O,co2+o2,true,131.49,-5.6700,29.3,0.230,0.00590
noH2O,co2+o2,true,131.99,-5.6800,29.1,0.230,0.00588
noH2O,co2+o2,true,132.49,-5.6900,28.9,0.230,0.00586
noH2O,co2+o2,true,132.99,-5.7000,28.7,0.229,0.00584
noH2O,co2+o2,true,133.49,-5.7100,28.5,0.229,0.00582
noH2O,co2+o2,true,133.99,-5.7200,28.3,0.229,0.00580
noH2O,co2+o2,true,134.49,-5.7300,28.1,0.229,0.00578
noH2O,co2+o2,true,134.99,-5.7390,27.9,0.229,0.00577
noH2O,co2+o2,true,135.49,-5.7490,27.7,0.228,0.00575
noH2O,co2+o2,true,135.99,-5.7590,27.6,0.228,0.00573
noH2O,co2+o2,true,136.49,-5.7680,27.4,0.228,0.00571
noH2O,co2+o2,true,136.99,-5.7780,27.2,0.228,0.00569
noH2O,co2+o2,true,137.49,-5.7870,27.0,0.228,0.00567
noH2O,co2+o2,true,137.99,-5.7970,26.8,0.227,0.00565
noH2O,co2+o2,true,138.49,-5.8060,26.6,0.227,0.00563
noH2O,co2+o2,true,138.99,-5.8150,26.4,0.227,0.00561
noH2O,co2+o2,true,139.49,-5.8240,26.3,0.227,0.00559
noH2O,co2+o2,true,139.99,-5.8330,26.1,0.227,0.00557
noH2O,co2+o2,true,140.49,-5.8420,25.9,0.226,0.00555
noH2O,co2+o2,true,140.99,-5.8510,25.7,0.226,0.00553
noH2O,co2+o2,true,141.49,-5.8600,25.5,0.226,0.00551
noH2O,co2+o2,true,141.99,-5.8690,25.4,0.226,0.00549
noH2O,co2+o2,true,142.49,-5.8780,25.2,0.226,0.00547
noH2O,co2+o2,true,142.99,-5.8870,25.0,0.225,0.00545
noH2O,co2+o2,true,143.49,-5.8960,24.8,0.225,0.00543
noH2O,co2+o2,true,143.99,-5.9040,24.6,0.225,0.00541
noH2O,co2+o2,true,144.49,-5.9130,24.5,0.225,0.00539
noH2O,co2+o2,true,144.99,-5.9210,24.3,0.225,0.00537
noH2O,co2+o2,true,145.49,-5.9300,24.1,0.225,0.00535
noH2O,co2+o2,true,145.99,-5.9380,24.0,0.224,0.00533
noH2O,co2+o2,true,146.49,-5.9460,23.8,0.224,0.00531
noH2O,co2+o2,true,146.99,-5.9550,23.6,0.224,0.00529
noH2O,co2+o2,true,147.49,-5.9630,23.5,0.224,0.00527
noH2O,co2+o2,true,147.99,-5.9710,23.3,0.224,0.00525
noH2O,co2+o2,true,148.49,-5.9790,23.1,0.223,0.00522
noH2O,co2+o2,true,148.99,-5.9870,23.0,0.223,0.00520
noH2O,co2+o2,true,149.49,-5.9950,22.8,0.223,0.00518
noH2O,co2+o2,true,149.99,-6.0030,22.6,0.223,0.00516
noH2O,co2+o2,true,150.49,-6.0110,22.5,0.223,0.00514
noH2O,co2+o2,true,150.99,-6.0190,22.3,0.222,0.00512
noH2O,co2+o2,true,151.49,-6.0260,22.1,0.222,0.00511
noH2O,co2+o2,true,151.99,-6.0340,22.0,0.222,0.00509
noH2O,co2+o2,true,152.49,-6.0420,21.8,0.222,0.00507
noH2O,co2+o2,true,152.99,-6.0490,21.7,0.222,0.00505
noH2O,co2+o2,true,153.49,-6.0570,21.5,0.221,0.00503
noH2O,co2+o2,true,153.99,-6.0640,21.3,0.221,0.00501
noH2O,co2+o2,true,154.49,-6.0720,21.2,0.221,0.00499
noH2O,co2+o2,true,154.99,-6.0790,21.0,0.221,0.00497
noH2O,co2+o2,true,155.49,-6.0860,20.9,0.221,0.00495
noH2O,co2+o2,true,155.99,-6.0940,20.7,0.220,0.00493
noH2O,co2+o2,true,156.49,-6.1010,20.6,0.220,0.00491
noH2O,co2+o2,true,156.99,-6.1080,20.4,0.220,0.00489
noH2O,co2+o2,true,157.49,-6.1150,20.3,0.220,0.00487
noH2O,co2+o2,true,157.99,-6.1220,20.1,0.220,0.00485
noH2O,co2+o2,true,158.49,-6.1290,20.0,0.219,0.00483
noH2O,co2+o2,true,158.99,-6.1360,19.8,0.219,0.00481
noH2O,co2+o2,true,159.49,-6.1430,19.7,0.219,0.00479
noH2O,co2+o2,true,159.99,-6.1500,19.5,0.219,0.00477
noH2O,co2+o2,true,160.49,-6.1570,19.4,0.219,0.00475
noH2O,co2+o2,true,160.99,-6.1640,19.2,0.219,0.00473
noH2O,co2+o2,true,161.49,-6.1700,19.1,0.218,0.00471
noH2O,co2+o2,true,161.99,-6.1770,19.0,0.218,0.00469
noH2O,co2+o2,true,162.49,-6.1840,18.8,0.218,0.00467
noH2O,co2+o2,true,162.99,-6.1900,18.7,0.218,0.00465
noH2O,co2+o2,true,163.49,-6.1970,18.5,0.218,0.00463
noH2O,co2+o2,true,163.99,-6.2030,18.4,0.217,0.00461
noH2O,co2+o2,true,164.49,-6.2100,18.3,0.217,0.00459
noH2O,co2+o2,true,164.99,-6.2160,18.1,0.217,0.00457
noH2O,co2+o2,true,165.49,-6.2220,18.0,0.217,0.00455
noH2O,co2+o2,true,165.99,-6.2290,17.9,0.217,0.00453
noH2O,co2+o2,true,166.49,-6.2350,17.7,0.217,0.00451
noH2O,co2+o2,true,166.99,-6.2410,17.6,0.216,0.00449
noH2O,co2+o2,true,167.49,-6.2470,17.4,0.216,0.00447
noH2O,co2+o2,true,167.99,-6.2530,17.3,0.216,0.00445
noH2O,co2+o2,true,168.49,-6.2590,17.2,0.216,0.00443
noH2O,co2+o2,true,168.99,-6.2650,17.1,0.216,0.00441
noH2O,co2+o2,true,169.49,-6.2710,16.9,0.215,0.00439
noH2O,co2+o2,true,169.99,-6.2770,16.8,0.215,0.00437
noH2O,co2+o2,true,170.49,-6.2830,16.7,0.215,0.00435
noH2O,co2+o2,true,170.99,-6.2890,16.5,0.215,0.00433
noH2O,co2+o2,true,171.49,-6.2950,16.4,0.215,0.00431
noH2O,co2+o2,true,171.99,-6.3010,16.3,0.215,0.00429
noH2O,co2+o2,true,172.49,-6.3060,16.2,0.214,0.00427
noH2O,co2+o2,true,172.99,-6.3120,16.0,0.214,0.00425
noH2O,co2+o2,true,173.49,-6.3180,15.9,0.214,0.00423
noH2O,co2+o2,true,173.99,-6.3230,15.8,0.214,0.00421
noH2O,co2+o2,true,174.49,-6.3290,15.7,0.214,0.00419
noH2O,co2+o2,true,174.99,-6.3340,15.5,0.214,0.00417
noH2O,co2+o2,true,175.49,-6.3400,15.4,0.213,0.00415
noH2O,co2+o2,true,175.99,-6.3450,15.3,0.213,0.00413
noH2O,co2+o2,true,176.49,-6.3500,15.2,0.213,0.00411
noH2O,co2+o2,true,176.99,-6.3560,15.1,0.213,0.00409
noH2O,co2+o2,true,177.49,-6.3610,15.0,0.213,0.00407
noH2O,co2+o2,true,177.99,-6.3660,14.8,0.213,0.00405
noH2O,co2+o2,true,178.49,-6.3710,14.7,0.212,0.00403
noH2O,co2+o2,true,178.99,-6.3770,14.6,0.212,0.00401
noH2O,co2+o2,true,179.49,-6.3820,14.5,0.212,0.00399
noH2O,co2+o2,true,179.99,-6.3870,14.4,0.212,0.00397
noH2O,co2+o2,true,180.49,-6.3920,14.3,0.212,0.00396
noH2O,co2+o2,true,180.99,-6.3970,14.2,0.211,0.00394
noH2O,co2+o2,true,181.49,-6.4020,14.0,0.211,0.00392
noH2O,co2+o2,true,181.99,-6.4070,13.9,0.211,0.00390
noH2O,co2+o2,true,182.49,-6.4120,13.8,0.211,0.00388
noH2O,co2+o2,true,182.99,-6.4170,13.7,0.211,0.00386
noH2O,co2+o2,true,183.49,-6.4210,13.6,0.211,0.00384
noH2O,co2+o2,true,183.99,-6.4260,13.5,0.210,0.00382
noH2O,co2+o2,true,184.49,-6.4310,13.4,0.210,0.00380
noH2O,co2+o2,true,184.99,-6.4360,13.3,0.210,0.00378
noH2O,co2+o2,true,185.49,-6.4400,13.2,0.210,0.00376
noH2O,co2+o2,true,185.99,-6.4450,13.1,0.210,0.00374
noH2O,co2+o2,true,186.49,-6.4490,13.0,0.210,0.00372
noH2O,co2+o2,true,186.99,-6.4540,12.9,0.209,0.00370
noH2O,co2+o2,true,187.49,-6.4580,12.8,0.209,0.00368
noH2O,co2+o2,true,187.99,-6.4630,12.7,0.209,0.00366
noH2O,co2+o2,true,188.49,-6.4670,12.6,0.209,0.00364
noH2O,co2+o2,true,188.99,-6.4720,12.5,0.209,0.00363
noH2O,co2+o2,true,189.49,-6.4760,12.4,0.209,0.00361
noH2O,co2+o2,true,189.99,-6.4800,12.3,0.208,0.00359
noH2O,co2+o2,true,190.49,-6.4850,12.2,0.208,0.00357
noH2O,co2+o2,true,190.99,-6.4890,12.1,0.208,0.00355
noH2O,co2+o2,true,191.49,-6.4930,12.0,0.208,0.00353
noH2O,co2+o2,true,191.99,-6.4970,11.9,0.208,0.00351
noH2O,co2+o2,true,192.49,-6.5020,11.8,0.208,0.00349
noH2O,co2+o2,true,192.99,-6.5060,11.7,0.208,0.00347
noH2O,co2+o2,true,193.49,-6.5100,11.6,0.207,0.00345
noH2O,co2+o2,true,193.99,-6.5140,11.5,0.207,0.00344
noH2O,co2+o2,true,194.49,-6.5180,11.4,0.207,0.00342
noH2O,co2+o2,true,194.99,-6.5220,11.3,0.207,0.00340
noH2O,co2+o2,true,195.49,-6.5260,11.2,0.207,0.00338
noH2O,co2+o2,true,195.99,-6.5300,11.1,0.207,0.00336
noH2O,co2+o2,true,196.49,-6.5340,11.1,0.206,0.00334
noH2O,co2+o2,true,196.99,-6.5380,11.0,0.206,0.00332
noH2O,co2+o2,true,197.49,-6.5410,10.9,0.206,0.00330
noH2O,co2+o2,true,197.99,-6.5450,10.8,0.206,0.00329
noH2O,co2+o2,true,198.49,-6.5490,10.7,0.206,0.00327
noH2O,co2+o2,true,198.99,-6.5530,10.6,0.206,0.00325
noH2O,co2+o2,true,199.49,-6.5560,10.5,0.206,0.00323
noH2O,co2+o2,true,199.99,-6.5600,10.4,0.205,0.00321
noH2O,co2+o2,true,200.49,-6.5640,10.4,0.205,0.00319
noH2O,co2+o2,true,200.99,-6.5670,10.3,0.205,0.00318
noH2O,co2+o2,true,201.49,-6.5710,10.2,0.205,0.00316
noH2O,co2+o2,true,201.99,-6.5750,10.1,0.205,0.00314
noH2O,co2+o2,true,202.49,-6.5780,10.0,0.205,0.00312
noH2O,co2+o2,true,202.99,-6.5820,10.0,0.205,0.00310
noH2O,co2+o2,true,203.49,-6.5850,9.9,0.204,0.00308
noH2O,co2+o2,true,203.99,-6.5890,9.8,0.204,0.00307
noH2O,co2+o2,true,204.49,-6.5920,9.7,0.204,0.00305
noH2O,co2+o2,true,204.99,-6.5950,9.6,0.204,0.00303
noH2O,co2+o2,true,205.49,-6.5990,9.6,0.204,0.00301
noH2O,co2+o2,true,205.99,-6.6020,9.5,0.204,0.00300
noH2O,co2+o2,true,206.49,-6.6050,9.4,0.204,0.00298
noH2O,co2+o2,true,206.99,-6.6090,9.3,0.203,0.00296
noH2O,co2+o2,true,207.49,-6.6120,9.3,0.203,0.00294
noH2O,co2+o2,true,207.99,-6.6150,9.2,0.203,0.00293
noH2O,co2+o2,true,208.49,-6.6180,9.1,0.203,0.00291
noH2O,co2+o2,true,208.99,-6.6220,9.0,0.203,0.00289
noH2O,co2+o2,true,209.49,-6.6250,9.0,0.203,0.00287
noH2O,co2+o2,true,209.99,-6.6280,8.9,0.203,0.00286
noH2O,co2+o2,true,210.49,-6.6310,8.8,0.203,0.00284
noH2O,co2+o2,true,210.99,-6.6340,8.7,0.202,0.00282
noH2O,co2+o2,true,211.49,-6.6370,8.7,0.202,0.00281
noH2O,co2+o2,true,211.99,-6.6400,8.6,0.202,0.00279
noH2O,co2+o2,true,212.49,-6.6430,8.5,0.202,0.00277
noH2O,co2+o2,true,212.99,-6.6460,8.5,0.202,0.00275
noH2O,co2+o2,true,213.49,-6.6490,8.4,0.202,0.00274
noH2O,co2+o2,true,213.99,-6.6520,8.3,0.202,0.00272
noH2O,co2+o2,true,214.49,-6.6550,8.3,0.202,0.00270
noH2O,co2+o2,true,214.99,-6.6580,8.2,0.201,0.00269
noH2O,co2+o2,true,215.49,-6.6610,8.1,0.201,0.00267
noH2O,co2+o2,true,215.99,-6.6630,8.1,0.201,0.00266
noH2O,co2+o2,true,216.49,-6.6660,8.0,0.201,0.00264
noH2O,co2+o2,true,216.99,-6.6690,7.9,0.201,0.00262
noH2O,co2+o2,true,217.49,-6.6720,7.9,0.201,0.00261
noH2O,co2+o2,true,217.99,-6.6740,7.8,0.201,0.00259
noH2O,co2+o2,true,218.49,-6.6770,7.7,0.201,0.00257
noH2O,co2+o2,true,218.99,-6.6800,7.7,0.200,0.00256
noH2O,co2+o2,true,219.49,-6.6830,7.6,0.200,0.00254
noH2O,co2+o2,true,219.99,-6.6850,7.5,0.200,0.00253
noH2O,co2+o2,true,220.49,-6.6880,7.5,0.200,0.00251
noH2O,co2+o2,true,220.99,-6.6900,7.4,0.200,0.00249
noH2O,co2+o2,true,221.49,-6.6930,7.4,0.200,0.00248
noH2O,co2+o2,true,221.99,-6.6960,7.3,0.200,0.00246
noH2O,co2+o2,true,222.49,-6.6980,7.2,0.200,0.00245
noH2O,co2+o2,true,222.99,-6.7010,7.2,0.200,0.00243
noH2O,co2+o2,true,223.49,-6.7030,7.1,0.199,0.00242
noH2O,co2+o2,true,223.99,-6.7060,7.1,0.199,0.00240
noH2O,co2+o2,true,224.49,-6.7080,7.0,0.199,0.00238
noH2O,co2+o2,true,224.99,-6.7110,6.9,0.199,0.00237
noH2O,co2+o2,true,225.49,-6.7130,6.9,0.199,0.00235
noH2O,co2+o2,true,225.99,-6.7150,6.8,0.199,0.00234
noH2O,co2+o2,true,226.49,-6.7180,6.8,0.199,0.00232
noH2O,co2+o2,true,226.99,-6.7200,6.7,0.199,0.00231
noH2O,co2+o2,true,227.49,-6.7220,6.7,0.199,0.00229
noH2O,co2+o2,true,227.99,-6.7250,6.6,0.199,0.00228
noH2O,co2+o2,true,228.49,-6.7270,6.6,0.198,0.00226
noH2O,co2+o2,true,228.99,-6.7290,6.5,0.198,0.00225
noH2O,co2+o2,true,229.49,-6.7320,6.4,0.198,0.00223
noH2O,co2+o2,true,229.99,-6.7340,6.4,0.198,0.00222
noH2O,co2+o2,true,230.49,-6.7360,6.3,0.198,0.00220
noH2O,co2+o2,true,230.99,-6.7380,6.3,0.198,0.00219
noH2O,co2+o2,true,231.49,-6.7410,6.2,0.198,0.00217
noH2O,co2+o2,true,231.99,-6.7430,6.2,0.198,0.00216
noH2O,co2+o2,true,232.49,-6.7450,6.1,0.198,0.00214
noH2O,co2+o2,true,232.99,-6.7470,6.1,0.198,0.00213
noH2O,co2+o2,true,233.49,-6.7490,6.0,0.197,0.00211
noH2O,co2+o2,true,233.99,-6.7510,6.0,0.197,0.00210
noH2O,co2+o2,true,234.49,-6.7530,5.9,0.197,0.00209
noH2O,co2+o2,true,234.99,-6.7550,5.9,0.197,0.00207
noH2O,co2+o2,true,235.49,-6.7580,5.8,0.197,0.00206
noH2O,co2+o2,true,235.99,-6.7600,5.8,0.197,0.00204
noH2O,co2+o2,true,236.49,-6.7620,5.7,0.197,0.00203
noH2O,co2+o2,true,236.99,-6.7640,5.7,0.197,0.00201
noH2O,co2+o2,true,237.49,-6.7660,5.6,0.197,0.00200
noH2O,co2+o2,true,237.99,-6.7680,5.6,0.197,0.00199
noH2O,co2+o2,true,238.49,-6.7700,5.6,0.197,0.00197
noH2O,co2+o2,true,238.99,-6.7710,5.5,0.197,0.00196
noH2O,co2+o2,true,239.49,-6.7730,5.5,0.196,0.00194
noH2O,co2+o2,true,239.99,-6.7750,5.4,0.196,0.00193
noH2O,co2+o2,true,240.49,-6.7770,5.4,0.196,0.00192
noH2O,co2+o2,true,240.99,-6.7790,5.3,0.196,0.00190
noH2O,co2+o2,true,241.49,-6.7810,5.3,0.196,0.00189
noH2O,co2+o2,true,241.99,-6.7830,5.2,0.196,0.00188
noH2O,co2+o2,true,242.49,-6.7850,5.2,0.196,0.00186
noH2O,co2+o2,true,242.99,-6.7860,5.2,0.196,0.00185
noH2O,co2+o2,true,243.49,-6.7880,5.1,0.196,0.00183
noH2O,co2+o2,true,243.99,-6.7900,5.1,0.196,0.00182
noH2O,co2+o2,true,244.49,-6.7920,5.0,0.196,0.00181
noH2O,co2+o2,true,244.99,-6.7940,5.0,0.196,0.00180
noH2O,co2+o2,true,245.49,-6.7950,4.9,0.196,0.00178
noH2O,co2+o2,true,245.99,-6.7970,4.9,0.196,0.00177
noH2O,co2+o2,true,246.49,-6.7990,4.9,0.196,0.00176
noH2O,co2+o2,true,246.99,-6.8010,4.8,0.195,0.00174
noH2O,co2+o2,true,247.49,-6.8020,4.8,0.195,0.00173
noH2O,co2+o2,true,247.99,-6.8040,4.7,0.195,0.00172
noH2O,co2+o2,true,248.49,-6.8060,4.7,0.195,0.00170
noH2O,co2+o2,true,248.99,-6.8070,4.7,0.195,0.00169
noH2O,co2+o2,true,249.49,-6.8090,4.6,0.195,0.00168
noH2O,co2+o2,true,249.99,-6.8110,4.6,0.195,0.00167
noH2O,co2+o2,true,250.48,-6.8120,4.5,0.195,0.00165
noH2O,co2+o2,true,250.85,-6.8130,4.5,0.195,0.00165
H2Oonly,h2o,true,0.50,-0.0350,98.4,0.800,0.00969
H2Oonly,h2o,true,1.00,-0.0690,97.4,0.507,0.01590
H2Oonly,h2o,true,1.50,-0.1020,96.7,0.411,0.01790
H2Oonly,h2o,true,2.00,-0.1360,96.1,0.366,0.01920
H2Oonly,h2o,true,2.50,-0.1690,95.6,0.343,0.01980
H2Oonly,h2o,true,3.00,-0.2030,95.3,0.331,0.02020
H2Oonly,h2o,true,3.50,-0.2360,95.0,0.324,0.02030
H2Oonly,h2o,true,4.00,-0.2690,94.7,0.319,0.02040
H2Oonly,h2o,true,4.50,-0.3020,94.4,0.316,0.02040
H2Oonly,h2o,true,5.00,-0.3350,94.2,0.314,0.02050
H2Oonly,h2o,true,5.50,-0.3670,93.9,0.313,0.02050
H2Oonly,h2o,true,6.00,-0.4000,93.7,0.312,0.02050
H2Oonly,h2o,true,6.50,-0.4330,93.4,0.312,0.02050
H2Oonly,h2o,true,7.00,-0.4650,93.2,0.312,0.02050
H2Oonly,h2o,true,7.50,-0.4980,92.9,0.311,0.02050
H2Oonly,h2o,true,8.00,-0.5300,92.7,0.311,0.02050
H2Oonly,h2o,true,8.50,-0.5620,92.4,0.311,0.02050
H2Oonly,h2o,true,9.00,-0.5940,92.2,0.311,0.02050
H2Oonly,h2o,true,9.50,-0.6270,92.0,0.311,0.02050
H2Oonly,h2o,true,10.00,-0.6590,91.7,0.311,0.02050
H2Oonly,h2o,true,10.50,-0.6900,91.5,0.311,0.02050
H2Oonly,h2o,true,11.00,-0.7220,91.2,0.311,0.02050
H2Oonly,h2o,true,11.50,-0.7540,91.0,0.311,0.02060
H2Oonly,h2o,true,12.00,-0.7860,90.7,0.311,0.02060
H2Oonly,h2o,true,12.50,-0.8170,90.5,0.311,0.02060
H2Oonly,h2o,true,13.00,-0.8490,90.2,0.311,0.02060
H2Oonly,h2o,true,13.50,-0.8800,90.0,0.312,0.02060
H2Oonly,h2o,true,14.00,-0.9120,89.8,0.312,0.02060
H2Oonly,h2o,true,14.50,-0.9430,89.5,0.312,0.02060
H2Oonly,h2o,true,15.00,-0.9740,89.3,0.312,0.02060
H2Oonly,h2o,true,15.50,-1.0050,89.0,0.312,0.02060
H2Oonly,h2o,true,16.00,-1.0360,88.8,0.312,0.02060
H2Oonly,h2o,true,16.50,-1.0670,88.5,0.312,0.02060
H2Oonly,h2o,true,17.00,-1.0980,88.3,0.312,0.02060
H2Oonly,h2o,true,17.50,-1.1280,88.0,0.312,0.02060
H2Oonly,h2o,true,18.00,-1.1590,87.8,0.312,0.02060
H2Oonly,h2o,true,18.50,-1.1900,87.5,0.312,0.02060
H2Oonly,h2o,true,19.00,-1.2200,87.3,0.312,0.02060
H2Oonly,h2o,true,19.50,-1.2500,87.0,0.312,0.02060
H2Oonly,h2o,true,20.00,-1.2810,86.8,0.313,0.02060
H2Oonly,h2o,true,20.50,-1.3110,86.5,0.313,0.02060
H2Oonly,h2o,true,21.00,-1.3410,86.2,0.313,0.02070
H2Oonly,h2o,true,21.50,-1.3710,86.0,0.313,0.02070
H2Oonly,h2o,true,22.00,-1.4010,85.7,0.313,0.02070
H2Oonly,h2o,true,22.50,-1.4310,85.5,0.313,0.02070
H2Oonly,h2o,true,23.00,-1.4600,85.2,0.313,0.02070
H2Oonly,h2o,true,23.50,-1.4900,85.0,0.313,0.02070
H2Oonly,h2o,true,24.00,-1.5200,84.7,0.313,0.02070
H2Oonly,h2o,true,24.50,-1.5490,84.5,0.313,0.02070
H2Oonly,h2o,true,25.00,-1.5790,84.2,0.313,0.02070
H2Oonly,h2o,true,25.50,-1.6080,83.9,0.314,0.02070
H2Oonly,h2o,true,26.00,-1.6370,83.7,0.314,0.02070
H2Oonly,h2o,true,26.50,-1.6660,83.4,0.314,0.02070
H2Oonly,h2o,true,27.00,-1.6950,83.2,0.314,0.02070
H2Oonly,h2o,true,27.50,-1.7240,82.9,0.314,0.02070
H2Oonly,h2o,true,28.00,-1.7530,82.7,0.314,0.02070
H2Oonly,h2o,true,28.50,-1.7820,82.4,0.314,0.02070
H2Oonly,h2o,true,29.00,-1.8100,82.1,0.314,0.02070
H2Oonly,h2o,true,29.50,-1.8390,81.9,0.314,0.02070
H2Oonly,h2o,true,30.00,-1.8670,81.6,0.314,0.02070
H2Oonly,h2o,true,30.50,-1.8960,81.3,0.315,0.02080
H2Oonly,h2o,true,31.00,-1.9240,81.1,0.315,0.02080
H2Oonly,h2o,true,31.50,-1.9520,80.8,0.315,0.02080
H2Oonly,h2o,true,32.00,-1.9800,80.6,0.315,0.02080
H2Oonly,h2o,true,32.50,-2.0080,80.3,0.315,0.02080
H2Oonly,h2o,true,33.00,-2.0360,80.0,0.315,0.02080
H2Oonly,h2o,true,33.50,-2.0640,79.8,0.315,0.02080
H2Oonly,h2o,true,34.00,-2.0920,79.5,0.315,0.02080
H2Oonly,h2o,true,34.50,-2.1200,79.2,0.315,0.02080
H2Oonly,h2o,true,35.00,-2.1470,79.0,0.316,0.02080
H2Oonly,h2o,true,35.50,-2.1750,78.7,0.316,0.02080
H2Oonly,h2o,true,36.00,-2.2020,78.4,0.316,0.02080
H2Oonly,h2o,true,36.50,-2.2290,78.2,0.316,0.02080
H2Oonly,h2o,true,37.00,-2.2570,77.9,0.316,0.02080
H2Oonly,h2o,true,37.50,-2.2840,77.6,0.316,0.02080
H2Oonly,h2o,true,38.00,-2.3110,77.4,0.316,0.02080
H2Oonly,h2o,true,38.50,-2.3380,77.1,0.316,0.02080
H2Oonly,h2o,true,39.00,-2.3640,76.8,0.316,0.02080
H2Oonly,h2o,true,39.50,-2.3910,76.6,0.317,0.02090
H2Oonly,h2o,true,40.00,-2.4180,76.3,0.317,0.02090
H2Oonly,h2o,true,40.50,-2.4440,76.0,0.317,0.02090
H2Oonly,h2o,true,41.00,-2.4710,75.8,0.317,0.02090
H2Oonly,h2o,true,41.50,-2.4970,75.5,0.317,0.02090
H2Oonly,h2o,true,42.00,-2.5230,75.2,0.317,0.02090
H2Oonly,h2o,true,42.50,-2.5500,75.0,0.317,0.02090
H2Oonly,h2o,true,43.00,-2.5760,74.7,0.318,0.02090
H2Oonly,h2o,true,43.50,-2.6020,74.4,0.318,0.02090
H2Oonly,h2o,true,44.00,-2.6280,74.1,0.318,0.02090
H2Oonly,h2o,true,44.50,-2.6530,73.9,0.318,0.02090
H2Oonly,h2o,true,45.00,-2.6790,73.6,0.318,0.02090
H2Oonly,h2o,true,45.50,-2.7050,73.3,0.318,0.02090
H2Oonly,h2o,true,46.00,-2.7300,73.1,0.318,0.02090
H2Oonly,h2o,true,46.50,-2.7560,72.8,0.318,0.02090
H2Oonly,h2o,true,47.00,-2.7810,72.5,0.319,0.02090
H2Oonly,h2o,true,47.50,-2.8060,72.2,0.319,0.02090
H2Oonly,h2o,true,48.00,-2.8310,72.0,0.319,0.02090
H2Oonly,h2o,true,48.50,-2.8560,71.7,0.319,0.02090
H2Oonly,h2o,true,49.00,-2.8810,71.4,0.319,0.02100
H2Oonly,h2o,true,49.50,-2.9060,71.1,0.319,0.02100
H2Oonly,h2o,true,50.00,-2.9310,70.9,0.319,0.02100
H2Oonly,h2o,true,50.50,-2.9550,70.6,0.320,0.02100
H2Oonly,h2o,true,51.00,-2.9800,70.3,0.320,0.02100
H2Oonly,h2o,true,51.50,-3.0040,70.1,0.320,0.02100
H2Oonly,h2o,true,52.00,-3.0290,69.8,0.320,0.02100
H2Oonly,h2o,true,52.50,-3.0530,69.5,0.320,0.02100
H2Oonly,h2o,true,53.00,-3.0770,69.2,0.320,0.02100
H2Oonly,h2o,true,53.50,-3.1010,69.0,0.320,0.02100
H2Oonly,h2o,true,54.00,-3.1250,68.7,0.321,0.02100
H2Oonly,h2o,true,54.50,-3.1490,68.4,0.321,0.02100
H2Oonly,h2o,true,55.00,-3.1730,68.1,0.321,0.02100
H2Oonly,h2o,true,55.50,-3.1970,67.9,0.321,0.02100
H2Oonly,h2o,true,56.00,-3.2200,67.6,0.321,0.02100
H2Oonly,h2o,true,56.50,-3.2440,67.3,0.321,0.02100
H2Oonly,h2o,true,57.00,-3.2670,67.0,0.322,0.02100
H2Oonly,h2o,true,57.50,-3.2910,66.8,0.322,0.02100
H2Oonly,h2o,true,58.00,-3.3140,66.5,0.322,0.02100
H2Oonly,h2o,true,58.50,-3.3370,66.2,0.322,0.02100
H2Oonly,h2o,true,59.00,-3.3600,65.9,0.322,0.02110
H2Oonly,h2o,true,59.50,-3.3830,65.7,0.322,0.02110
H2Oonly,h2o,true,60.00,-3.4060,65.4,0.322,0.02110
H2Oonly,h2o,true,60.50,-3.4290,65.1,0.323,0.02110
H2Oonly,h2o,true,61.00,-3.4510,64.8,0.323,0.02110
H2Oonly,h2o,true,61.50,-3.4740,64.6,0.323,0.02110
H2Oonly,h2o,true,62.00,-3.4960,64.3,0.323,0.02110
H2Oonly,h2o,true,62.50,-3.5190,64.0,0.323,0.02110
H2Oonly,h2o,true,63.00,-3.5410,63.7,0.323,0.02110
H2Oonly,h2o,true,63.50,-3.5630,63.4,0.324,0.02110
H2Oonly,h2o,true,64.00,-3.5850,63.2,0.324,0.02110
H2Oonly,h2o,true,64.50,-3.6070,62.9,0.324,0.02110
H2Oonly,h2o,true,65.00,-3.6290,62.6,0.324,0.02110
H2Oonly,h2o,true,65.50,-3.6510,62.3,0.324,0.02110
H2Oonly,h2o,true,66.00,-3.6720,62.1,0.324,0.02110
H2Oonly,h2o,true,66.50,-3.6940,61.8,0.324,0.02110
H2Oonly,h2o,true,67.00,-3.7150,61.5,0.325,0.02110
H2Oonly,h2o,true,67.50,-3.7370,61.2,0.325,0.02110
H2Oonly,h2o,true,68.00,-3.7580,61.0,0.325,0.02110
H2Oonly,h2o,true,68.50,-3.7790,60.7,0.325,0.02110
H2Oonly,h2o,true,69.00,-3.8000,60.4,0.325,0.02110
H2Oonly,h2o,true,69.50,-3.8210,60.1,0.325,0.02120
H2Oonly,h2o,true,70.00,-3.8420,59.9,0.326,0.02120
H2Oonly,h2o,true,70.50,-3.8630,59.6,0.326,0.02120
H2Oonly,h2o,true,71.00,-3.8840,59.3,0.326,0.02120
H2Oonly,h2o,true,71.50,-3.9040,59.1,0.326,0.02120
H2Oonly,h2o,true,72.00,-3.9250,58.8,0.326,0.02120
H2Oonly,h2o,true,72.50,-3.9450,58.5,0.326,0.02120
H2Oonly,h2o,true,73.00,-3.9660,58.2,0.327,0.02120
H2Oonly,h2o,true,73.50,-3.9860,58.0,0.327,0.02120
H2Oonly,h2o,true,74.00,-4.0060,57.7,0.327,0.02120
H2Oonly,h2o,true,74.50,-4.0260,57.4,0.327,0.02120
H2Oonly,h2o,true,75.00,-4.0460,57.1,0.327,0.02120
H2Oonly,h2o,true,75.50,-4.0660,56.9,0.327,0.02120
H2Oonly,h2o,true,76.00,-4.0860,56.6,0.328,0.02120
H2Oonly,h2o,true,76.50,-4.1050,56.3,0.328,0.02120
H2Oonly,h2o,true,77.00,-4.1250,56.1,0.328,0.02120
H2Oonly,h2o,true,77.50,-4.1440,55.8,0.328,0.02120
H2Oonly,h2o,true,78.00,-4.1640,55.5,0.328,0.02120
H2Oonly,h2o,true,78.50,-4.1830,55.2,0.328,0.02120
H2Oonly,h2o,true,79.00,-4.2020,55.0,0.329,0.02120
H2Oonly,h2o,true,79.50,-4.2210,54.7,0.329,0.02120
H2Oonly,h2o,true,80.00,-4.2400,54.4,0.329,0.02120
H2Oonly,h2o,true,80.50,-4.2590,54.2,0.329,0.02120
H2Oonly,h2o,true,81.00,-4.2780,53.9,0.329,0.02130
H2Oonly,h2o,true,81.50,-4.2970,53.6,0.329,0.02130
H2Oonly,h2o,true,82.00,-4.3150,53.3,0.330,0.02130
H2Oonly,h2o,true,82.50,-4.3340,53.1,0.330,0.02130
H2Oonly,h2o,true,83.00,-4.3520,52.8,0.330,0.02130
H2Oonly,h2o,true,83.49,-4.3710,52.5,0.330,0.02130
H2Oonly,h2o,true,83.99,-4.3890,52.3,0.330,0.02130
H2Oonly,h2o,true,84.49,-4.4070,52.0,0.330,0.02130
H2Oonly,h2o,true,84.99,-4.4250,51.7,0.331,0.02130
H2Oonly,h2o,true,85.49,-4.4430,51.5,0.331,0.02130
H2Oonly,h2o,true,85.99,-4.4610,51.2,0.331,0.02130
H2Oonly,h2o,true,86.49,-4.4790,50.9,0.331,0.02130
H2Oonly,h2o,true,86.99,-4.4970,50.7,0.331,0.02130
H2Oonly,h2o,true,87.49,-4.5140,50.4,0.331,0.02130
H2Oonly,h2o,true,87.99,-4.5320,50.1,0.332,0.02130
H2Oonly,h2o,true,88.49,-4.5490,49.9,0.332,0.02130
H2Oonly,h2o,true,88.99,-4.5670,49.6,0.332,0.02130
H2Oonly,h2o,true,89.49,-4.5840,49.4,0.332,0.02130
H2Oonly,h2o,true,89.99,-4.6010,49.1,0.332,0.02130
H2Oonly,h2o,true,90.49,-4.6180,48.8,0.332,0.02130
H2Oonly,h2o,true,90.99,-4.6350,48.6,0.333,0.02130
H2Oonly,h2o,true,91.49,-4.6520,48.3,0.333,0.02130
H2Oonly,h2o,true,91.99,-4.6690,48.0,0.333,0.02130
H2Oonly,h2o,true,92.49,-4.6860,47.8,0.333,0.02130
H2Oonly,h2o,true,92.99,-4.7020,47.5,0.333,0.02130
H2Oonly,h2o,true,93.49,-4.7190,47.3,0.333,0.02130
H2Oonly,h2o,true,93.99,-4.7350,47.0,0.334,0.02140
H2Oonly,h2o,true,94.49,-4.7520,46.7,0.334,0.02140
H2Oonly,h2o,true,94.99,-4.7680,46.5,0.334,0.02140
H2Oonly,h2o,true,95.49,-4.7840,46.2,0.334,0.02140
H2Oonly,h2o,true,95.99,-4.8000,46.0,0.334,0.02140
H2Oonly,h2o,true,96.49,-4.8160,45.7,0.334,0.02140
H2Oonly,h2o,true,96.99,-4.8320,45.5,0.334,0.02140
H2Oonly,h2o,true,97.49,-4.8480,45.2,0.335,0.02140
H2Oonly,h2o,true,97.99,-4.8630,45.0,0.335,0.02140
H2Oonly,h2o,true,98.49,-4.8790,44.7,0.335,0.02140
H2Oonly,h2o,true,98.99,-4.8950,44.4,0.335,0.02140
H2Oonly,h2o,true,99.49,-4.9100,44.2,0.335,0.02140
H2Oonly,h2o,true,99.99,-4.9250,43.9,0.335,0.02140
H2Oonly,h2o,true,100.49,-4.9410,43.7,0.336,0.02140
H2Oonly,h2o,true,100.99,-4.9560,43.4,0.336,0.02140
H2Oonly,h2o,true,101.49,-4.9710,43.2,0.336,0.02140
H2Oonly,h2o,true,101.99,-4.9860,42.9,0.336,0.02140
H2Oonly,h2o,true,102.49,-5.0010,42.7,0.336,0.02140
H2Oonly,h2o,true,102.99,-5.0160,42.4,0.336,0.02140
H2Oonly,h2o,true,103.49,-5.0300,42.2,0.337,0.02140
H2Oonly,h2o,true,103.99,-5.0450,42.0,0.337,0.02140
H2Oonly,h2o,true,104.49,-5.0600,41.7,0.337,0.02140
H2Oonly,h2o,true,104.99,-5.0740,41.5,0.337,0.02140
H2Oonly,h2o,true,105.49,-5.0880,41.2,0.337,0.02140
H2Oonly,h2o,true,105.99,-5.1030,41.0,0.337,0.02140
H2Oonly,h2o,true,106.49,-5.1170,40.7,0.338,0.02140
H2Oonly,h2o,true,106.99,-5.1310,40.5,0.338,0.02140
H2Oonly,h2o,true,107.49,-5.1450,40.2,0.338,0.02140
H2Oonly,h2o,true,107.99,-5.1590,40.0,0.338,0.02140
H2Oonly,h2o,true,108.49,-5.1730,39.8,0.338,0.02140
H2Oonly,h2o,true,108.99,-5.1870,39.5,0.338,0.02140
H2Oonly,h2o,true,109.49,-5.2010,39.3,0.339,0.02140
H2Oonly,h2o,true,109.99,-5.2140,39.0,0.339,0.02140
H2Oonly,h2o,true,110.49,-5.2280,38.8,0.339,0.02150
H2Oonly,h2o,true,110.99,-5.2410,38.6,0.339,0.02150
H2Oonly,h2o,true,111.49,-5.2550,38.3,0.339,0.02150
H2Oonly,h2o,true,111.99,-5.2680,38.1,0.340,0.02150
H2Oonly,h2o,true,112.49,-5.2810,37.9,0.340,0.02150
H2Oonly,h2o,true,112.99,-5.2940,37.6,0.340,0.02150
H2Oonly,h2o,true,113.49,-5.3080,37.4,0.340,0.02150
H2Oonly,h2o,true,113.99,-5.3210,37.2,0.340,0.02150
H2Oonly,h2o,true,114.49,-5.3330,36.9,0.340,0.02150
H2Oonly,h2o,true,114.99,-5.3460,36.7,0.341,0.02150
H2Oonly,h2o,true,115.49,-5.3590,36.5,0.341,0.02150
H2Oonly,h2o,true,115.99,-5.3720,36.2,0.341,0.02150
H2Oonly,h2o,true,116.49,-5.3840,36.0,0.341,0.02150
H2Oonly,h2o,true,116.99,-5.3970,35.8,0.341,0.02150
H2Oonly,h2o,true,117.49,-5.4090,35.5,0.341,0.02150
H2Oonly,h2o,true,117.99,-5.4220,35.3,0.342,0.02150
H2Oonly,h2o,true,118.49,-5.4340,35.1,0.342,0.02150
H2Oonly,h2o,true,118.99,-5.4460,34.9,0.342,0.02150
H2Oonly,h2o,true,119.49,-5.4580,34.6,0.342,0.02150
H2Oonly,h2o,true,119.99,-5.4700,34.4,0.342,0.02150
H2Oonly,h2o,true,120.49,-5.4820,34.2,0.342,0.02150
H2Oonly,h2o,true,120.99,-5.4940,34.0,0.343,0.02150
H2Oonly,h2o,true,121.49,-5.5060,33.8,0.343,0.02150
H2Oonly,h2o,true,121.99,-5.5180,33.5,0.343,0.02150
H2Oonly,h2o,true,122.49,-5.5290,33.3,0.343,0.02150
H2Oonly,h2o,true,122.99,-5.5410,33.1,0.343,0.02150
H2Oonly,h2o,true,123.49,-5.5520,32.9,0.343,0.02150
H2Oonly,h2o,true,123.99,-5.5640,32.7,0.344,0.02150
H2Oonly,h2o,true,124.49,-5.5750,32.5,0.344,0.02150
H2Oonly,h2o,true,124.99,-5.5860,32.2,0.344,0.02150
H2Oonly,h2o,true,125.49,-5.5980,32.0,0.344,0.02150
H2Oonly,h2o,true,125.99,-5.6090,31.8,0.344,0.02150
H2Oonly,h2o,true,126.49,-5.6200,31.6,0.344,0.02150
H2Oonly,h2o,true,126.99,-5.6310,31.4,0.345,0.02150
H2Oonly,h2o,true,127.49,-5.6420,31.2,0.345,0.02150
H2Oonly,h2o,true,127.99,-5.6530,31.0,0.345,0.02150
H2Oonly,h2o,true,128.49,-5.6630,30.8,0.345,0.02150
H2Oonly,h2o,true,128.99,-5.6740,30.6,0.345,0.02150
H2Oonly,h2o,true,129.49,-5.6850,30.3,0.345,0.02150
H2Oonly,h2o,true,129.99,-5.6950,30.1,0.346,0.02150
H2Oonly,h2o,true,130.49,-5.7060,29.9,0.346,0.02150
H2Oonly,h2o,true,130.99,-5.7160,29.7,0.346,0.02150
H2Oonly,h2o,true,131.49,-5.7260,29.5,0.346,0.02150
H2Oonly,h2o,true,131.99,-5.7370,29.3,0.346,0.02150
H2Oonly,h2o,true,132.49,-5.7470,29.1,0.347,0.02150
H2Oonly,h2o,true,132.99,-5.7570,28.9,0.347,0.02150
H2Oonly,h2o,true,133.49,-5.7670,28.7,0.347,0.02150
H2Oonly,h2o,true,133.99,-5.7770,28.5,0.347,0.02150
H2Oonly,h2o,true,134.49,-5.7870,28.3,0.347,0.02150
H2Oonly,h2o,true,134.99,-5.7970,28.1,0.347,0.02160
H2Oonly,h2o,true,135.49,-5.8060,27.9,0.348,0.02160
H2Oonly,h2o,true,135.99,-5.8160,27.7,0.348,0.02160
H2Oonly,h2o,true,136.49,-5.8260,27.5,0.348,0.02160
H2Oonly,h2o,true,136.99,-5.8350,27.4,0.348,0.02160
H2Oonly,h2o,true,137.49,-5.8450,27.2,0.348,0.02160
H2Oonly,h2o,true,137.99,-5.8540,27.0,0.348,0.02160
H2Oonly,h2o,true,138.49,-5.8640,26.8,0.349,0.02160
H2Oonly,h2o,true,138.99,-5.8730,26.6,0.349,0.02160
H2Oonly,h2o,true,139.49,-5.8820,26.4,0.349,0.02160
H2Oonly,h2o,true,139.99,-5.8910,26.2,0.349,0.02160
H2Oonly,h2o,true,140.49,-5.9000,26.0,0.349,0.02160
H2Oonly,h2o,true,140.99,-5.9090,25.8,0.350,0.02160
H2Oonly,h2o,true,141.49,-5.9180,25.7,0.350,0.02160
H2Oonly,h2o,true,141.99,-5.9270,25.5,0.350,0.02160
H2Oonly,h2o,true,142.49,-5.9360,25.3,0.350,0.02160
H2Oonly,h2o,true,142.99,-5.9450,25.1,0.350,0.02160
H2Oonly,h2o,true,143.49,-5.9540,24.9,0.351,0.02160
H2Oonly,h2o,true,143.99,-5.9620,24.8,0.351,0.02160
H2Oonly,h2o,true,144.49,-5.9710,24.6,0.351,0.02160
H2Oonly,h2o,true,144.99,-5.9790,24.4,0.351,0.02160
H2Oonly,h2o,true,145.49,-5.9880,24.2,0.351,0.02160
H2Oonly,h2o,true,145.99,-5.9960,24.0,0.352,0.02160
H2Oonly,h2o,true,146.49,-6.0050,23.9,0.352,0.02160
H2Oonly,h2o,true,146.99,-6.0130,23.7,0.352,0.02160
H2Oonly,h2o,true,147.49,-6.0210,23.5,0.352,0.02160
H2Oonly,h2o,true,147.99,-6.0290,23.3,0.352,0.02160
H2Oonly,h2o,true,148.49,-6.0370,23.2,0.352,0.02160
H2Oonly,h2o,true,148.99,-6.0450,23.0,0.353,0.02160
H2Oonly,h2o,true,149.49,-6.0530,22.8,0.353,0.02160
H2Oonly,h2o,true,149.99,-6.0610,22.7,0.353,0.02160
H2Oonly,h2o,true,150.49,-6.0690,22.5,0.353,0.02160
H2Oonly,h2o,true,150.99,-6.0770,22.3,0.353,0.02160
H2Oonly,h2o,true,151.49,-6.0850,22.2,0.354,0.02160
H2Oonly,h2o,true,151.99,-6.0920,22.0,0.354,0.02160
H2Oonly,h2o,true,152.49,-6.1000,21.8,0.354,0.02160
H2Oonly,h2o,true,152.99,-6.1080,21.7,0.354,0.02160
H2Oonly,h2o,true,153.49,-6.1150,21.5,0.354,0.02160
H2Oonly,h2o,true,153.99,-6.1230,21.4,0.355,0.02160
H2Oonly,h2o,true,154.49,-6.1300,21.2,0.355,0.02160
H2Oonly,h2o,true,154.99,-6.1370,21.0,0.355,0.02160
H2Oonly,h2o,true,155.49,-6.1450,20.9,0.355,0.02160
H2Oonly,h2o,true,155.99,-6.1520,20.7,0.355,0.02160
H2Oonly,h2o,true,156.49,-6.1590,20.6,0.356,0.02160
H2Oonly,h2o,true,156.99,-6.1660,20.4,0.356,0.02160
H2Oonly,h2o,true,157.49,-6.1730,20.2,0.356,0.02160
H2Oonly,h2o,true,157.99,-6.1800,20.1,0.356,0.02160
H2Oonly,h2o,true,158.49,-6.1870,19.9,0.357,0.02160
H2Oonly,h2o,true,158.99,-6.1940,19.8,0.357,0.02160
H2Oonly,h2o,true,159.49,-6.2010,19.6,0.357,0.02160
H2Oonly,h2o,true,159.99,-6.2080,19.5,0.357,0.02160
H2Oonly,h2o,true,160.49,-6.2150,19.3,0.358,0.02160
H2Oonly,h2o,true,160.99,-6.2220,19.2,0.358,0.02160
H2Oonly,h2o,true,161.49,-6.2280,19.0,0.358,0.02160
H2Oonly,h2o,true,161.99,-6.2350,18.9,0.358,0.02160
H2Oonly,h2o,true,162.49,-6.2410,18.7,0.359,0.02160
H2Oonly,h2o,true,162.99,-6.2480,18.6,0.359,0.02160
H2Oonly,h2o,true,163.49,-6.2540,18.5,0.359,0.02160
H2Oonly,h2o,true,163.99,-6.2610,18.3,0.359,0.02160
H2Oonly,h2o,true,164.49,-6.2670,18.2,0.360,0.02160
H2Oonly,h2o,true,164.99,-6.2740,18.0,0.360,0.02160
H2Oonly,h2o,true,165.49,-6.2800,17.9,0.360,0.02160
H2Oonly,h2o,true,165.99,-6.2860,17.7,0.360,0.02160
H2Oonly,h2o,true,166.49,-6.2920,17.6,0.361,0.02160
H2Oonly,h2o,true,166.99,-6.2990,17.5,0.361,0.02160
H2Oonly,h2o,true,167.49,-6.3050,17.3,0.361,0.02160
H2Oonly,h2o,true,167.99,-6.3110,17.2,0.361,0.02160
H2Oonly,h2o,true,168.49,-6.3170,17.1,0.362,0.02160
H2Oonly,h2o,true,168.99,-6.3230,16.9,0.362,0.02160
H2Oonly,h2o,true,169.49,-6.3290,16.8,0.362,0.02160
H2Oonly,h2o,true,169.99,-6.3340,16.7,0.362,0.02160
H2Oonly,h2o,true,170.49,-6.3400,16.5,0.363,0.02160
H2Oonly,h2o,true,170.99,-6.3460,16.4,0.363,0.02160
H2Oonly,h2o,true,171.49,-6.3520,16.3,0.363,0.02160
H2Oonly,h2o,true,171.99,-6.3570,16.1,0.364,0.02160
H2Oonly,h2o,true,172.49,-6.3630,16.0,0.364,0.02160
H2Oonly,h2o,true,172.99,-6.3690,15.9,0.364,0.02160
H2Oonly,h2o,true,173.49,-6.3740,15.7,0.364,0.02160
H2Oonly,h2o,true,173.99,-6.3800,15.6,0.365,0.02160
H2Oonly,h2o,true,174.49,-6.3850,15.5,0.365,0.02160
H2Oonly,h2o,true,174.99,-6.3910,15.4,0.365,0.02160
H2Oonly,h2o,true,175.49,-6.3960,15.2,0.366,0.02160
H2Oonly,h2o,true,175.99,-6.4010,15.1,0.366,0.02160
H2Oonly,h2o,true,176.49,-6.4070,15.0,0.366,0.02160
H2Oonly,h2o,true,176.99,-6.4120,14.9,0.366,0.02160
H2Oonly,h2o,true,177.49,-6.4170,14.7,0.367,0.02160
H2Oonly,h2o,true,177.99,-6.4220,14.6,0.367,0.02160
H2Oonly,h2o,true,178.49,-6.4270,14.5,0.367,0.02160
H2Oonly,h2o,true,178.99,-6.4320,14.4,0.368,0.02160
H2Oonly,h2o,true,179.49,-6.4370,14.3,0.368,0.02160
H2Oonly,h2o,true,179.99,-6.4420,14.2,0.368,0.02160
H2Oonly,h2o,true,180.49,-6.4470,14.0,0.369,0.02160
H2Oonly,h2o,true,180.99,-6.4520,13.9,0.369,0.02160
H2Oonly,h2o,true,181.49,-6.4570,13.8,0.369,0.02160
H2Oonly,h2o,true,181.99,-6.4620,13.7,0.370,0.02160
H2Oonly,h2o,true,182.49,-6.4670,13.6,0.370,0.02160
H2Oonly,h2o,true,182.99,-6.4710,13.5,0.370,0.02160
H2Oonly,h2o,true,183.49,-6.4760,13.4,0.371,0.02160
H2Oonly,h2o,true,183.99,-6.4810,13.3,0.371,0.02160
H2Oonly,h2o,true,184.49,-6.4850,13.1,0.371,0.02160
H2Oonly,h2o,true,184.99,-6.4900,13.0,0.372,0.02160
H2Oonly,h2o,true,185.49,-6.4950,12.9,0.372,0.02160
H2Oonly,h2o,true,185.99,-6.4990,12.8,0.372,0.02160
H2Oonly,h2o,true,186.49,-6.5040,12.7,0.373,0.02160
H2Oonly,h2o,true,186.99,-6.5080,12.6,0.373,0.02160
H2Oonly,h2o,true,187.49,-6.5120,12.5,0.373,0.02160
H2Oonly,h2o,true,187.99,-6.5170,12.4,0.374,0.02160
H2Oonly,h2o,true,188.49,-6.5210,12.3,0.374,0.02160
H2Oonly,h2o,true,188.99,-6.5250,12.2,0.374,0.02160
H2Oonly,h2o,true,189.49,-6.5300,12.1,0.375,0.02160
H2Oonly,h2o,true,189.99,-6.5340,12.0,0.375,0.02160
H2Oonly,h2o,true,190.49,-6.5380,11.9,0.376,0.02160
H2Oonly,h2o,true,190.99,-6.5420,11.8,0.376,0.02160
H2Oonly,h2o,true,191.49,-6.5460,11.7,0.376,0.02160
H2Oonly,h2o,true,191.99,-6.5500,11.6,0.377,0.02160
H2Oonly,h2o,true,192.49,-6.5540,11.5,0.377,0.02160
H2Oonly,h2o,true,192.99,-6.5580,11.4,0.377,0.02160
H2Oonly,h2o,true,193.49,-6.5620,11.3,0.378,0.02160
H2Oonly,h2o,true,193.99,-6.5660,11.2,0.378,0.02160
H2Oonly,h2o,true,194.49,-6.5700,11.1,0.379,0.02160
H2Oonly,h2o,true,194.99,-6.5740,11.0,0.379,0.02160
H2Oonly,h2o,true,195.49,-6.5780,10.9,0.380,0.02160
H2Oonly,h2o,true,195.99,-6.5820,10.8,0.380,0.02160
H2Oonly,h2o,true,196.49,-6.5850,10.8,0.380,0.02160
H2Oonly,h2o,true,196.99,-6.5890,10.7,0.381,0.02160
H2Oonly,h2o,true,197.49,-6.5930,10.6,0.381,0.02160
H2Oonly,h2o,true,197.99,-6.5970,10.5,0.382,0.02160
H2Oonly,h2o,true,198.49,-6.6000,10.4,0.382,0.02160
H2Oonly,h2o,true,198.99,-6.6040,10.3,0.383,0.02160
H2Oonly,h2o,true,199.49,-6.6070,10.2,0.383,0.02160
H2Oonly,h2o,true,199.99,-6.6110,10.1,0.383,0.02160
H2Oonly,h2o,true,200.49,-6.6150,10.0,0.384,0.02160
H2Oonly,h2o,true,200.99,-6.6180,10.0,0.384,0.02160
H2Oonly,h2o,true,201.49,-6.6210,9.9,0.385,0.02160
H2Oonly,h2o,true,201.99,-6.6250,9.8,0.385,0.02160
H2Oonly,h2o,true,202.49,-6.6280,9.7,0.386,0.02160
H2Oonly,h2o,true,202.99,-6.6320,9.6,0.386,0.02160
H2Oonly,h2o,true,203.49,-6.6350,9.5,0.387,0.02160
H2Oonly,h2o,true,203.99,-6.6380,9.5,0.387,0.02160
H2Oonly,h2o,true,204.49,-6.6420,9.4,0.388,0.02160
H2Oonly,h2o,true,204.99,-6.6450,9.3,0.388,0.02160
H2Oonly,h2o,true,205.49,-6.6480,9.2,0.389,0.02160
H2Oonly,h2o,true,205.99,-6.6510,9.1,0.389,0.02160
H2Oonly,h2o,true,206.49,-6.6540,9.1,0.390,0.02160
H2Oonly,h2o,true,206.99,-6.6580,9.0,0.390,0.02160
H2Oonly,h2o,true,207.49,-6.6610,8.9,0.391,0.02160
H2Oonly,h2o,true,207.99,-6.6640,8.8,0.391,0.02150
H2Oonly,h2o,true,208.49,-6.6670,8.8,0.392,0.02150
H2Oonly,h2o,true,208.99,-6.6700,8.7,0.393,0.02150
H2Oonly,h2o,true,209.49,-6.6730,8.6,0.393,0.02150
H2Oonly,h2o,true,209.99,-6.6760,8.5,0.394,0.02150
H2Oonly,h2o,true,210.49,-6.6790,8.5,0.394,0.02150
H2Oonly,h2o,true,210.99,-6.6820,8.4,0.395,0.02150
H2Oonly,h2o,true,211.49,-6.6850,8.3,0.395,0.02150
H2Oonly,h2o,true,211.99,-6.6880,8.2,0.396,0.02150
H2Oonly,h2o,true,212.49,-6.6910,8.2,0.397,0.02150
H2Oonly,h2o,true,212.99,-6.6930,8.1,0.397,0.02150
H2Oonly,h2o,true,213.49,-6.6960,8.0,0.398,0.02150
H2Oonly,h2o,true,213.99,-6.6990,8.0,0.399,0.02140
H2Oonly,h2o,true,214.49,-6.7020,7.9,0.399,0.02140
H2Oonly,h2o,true,214.99,-6.7040,7.8,0.400,0.02140
H2Oonly,h2o,true,215.49,-6.7070,7.8,0.401,0.02140
H2Oonly,h2o,true,215.99,-6.7100,7.7,0.401,0.02140
H2Oonly,h2o,true,216.49,-6.7130,7.6,0.402,0.02140
H2Oonly,h2o,true,216.99,-6.7150,7.6,0.403,0.02140
H2Oonly,h2o,true,217.49,-6.7180,7.5,0.403,0.02150
H2Oonly,h2o,true,217.99,-6.7200,7.4,0.404,0.02150
H2Oonly,h2o,true,218.49,-6.7230,7.4,0.405,0.02150
H2Oonly,h2o,true,218.99,-6.7260,7.3,0.405,0.02160
H2Oonly,h2o,true,219.49,-6.7280,7.2,0.406,0.02160
H2Oonly,h2o,true,219.99,-6.7310,7.2,0.407,0.02160
H2Oonly,h2o,true,220.49,-6.7330,7.1,0.407,0.02170
H2Oonly,h2o,true,220.99,-6.7360,7.0,0.408,0.02170
H2Oonly,h2o,true,221.49,-6.7380,7.0,0.409,0.02180
H2Oonly,h2o,true,221.99,-6.7400,6.9,0.410,0.02190
H2Oonly,h2o,true,222.49,-6.7430,6.9,0.410,0.02190
H2Oonly,h2o,true,222.99,-6.7450,6.8,0.411,0.02200
H2Oonly,h2o,true,223.49,-6.7480,6.7,0.412,0.02210
H2Oonly,h2o,true,223.99,-6.7500,6.7,0.413,0.02220
H2Oonly,h2o,true,224.49,-6.7520,6.6,0.413,0.02220
H2Oonly,h2o,true,224.99,-6.7540,6.6,0.414,0.02240
H2Oonly,h2o,true,225.49,-6.7570,6.5,0.415,0.02250
H2Oonly,h2o,true,225.99,-6.7590,6.4,0.416,0.02260
H2Oonly,h2o,true,226.49,-6.7610,6.4,0.416,0.02270
H2Oonly,h2o,true,226.99,-6.7630,6.3,0.417,0.02290
H2Oonly,h2o,true,227.49,-6.7660,6.3,0.417,0.02300
H2Oonly,h2o,true,227.99,-6.7680,6.2,0.418,0.02320
H2Oonly,h2o,true,228.49,-6.7700,6.2,0.419,0.02340
H2Oonly,h2o,true,228.99,-6.7720,6.1,0.419,0.02360
H2Oonly,h2o,true,229.49,-6.7740,6.1,0.419,0.02390
H2Oonly,h2o,true,229.99,-6.7760,6.0,0.419,0.02410
H2Oonly,h2o,true,230.49,-6.7780,5.9,0.419,0.02440
H2Oonly,h2o,true,230.99,-6.7810,5.9,0.419,0.02470
H2Oonly,h2o,true,231.49,-6.7830,5.8,0.418,0.02510
H2Oonly,h2o,true,231.99,-6.7850,5.8,0.417,0.02560
H2Oonly,h2o,true,232.49,-6.7870,5.7,0.415,0.02660
H2Oonly,h2o,true,232.99,-6.7890,5.7,0.412,0.02780
H2Oonly,h2o,true,233.49,-6.7910,5.6,0.407,0.02920
H2Oonly,h2o,true,233.99,-6.7930,5.6,0.401,0.03090
H2Oonly,h2o,true,234.49,-6.7940,5.5,0.393,0.03280
H2Oonly,h2o,true,234.99,-6.7960,5.4,0.381,0.03500
H2Oonly,h2o,true,235.49,-6.7980,5.4,0.366,0.03740
H2Oonly,h2o,true,235.99,-6.8000,5.3,0.347,0.04010
H2Oonly,h2o,true,236.49,-6.8020,5.2,0.324,0.04320
H2Oonly,h2o,true,236.99,-6.8040,5.1,0.299,0.04660
H2Oonly,h2o,true,237.49,-6.8050,5.0,0.273,0.05050
H2Oonly,h2o,true,237.99,-6.8070,4.9,0.247,0.05480
H2Oonly,h2o,true,238.49,-6.8090,4.7,0.225,0.05930
H2Oonly,h2o,true,238.99,-6.8100,4.6,0.205,0.06410
H2Oonly,h2o,true,239.49,-6.8120,4.5,0.188,0.06920
H2Oonly,h2o,true,239.99,-6.8140,4.4,0.175,0.07480
H2Oonly,h2o,true,240.49,-6.8150,4.3,0.164,0.08060
H2Oonly,h2o,true,240.99,-6.8170,4.2,0.154,0.08640
H2Oonly,h2o,true,241.49,-6.8180,4.1,0.147,0.09220
H2Oonly,h2o,true,241.99,-6.8190,4.1,0.141,0.09780
H2Oonly,h2o,true,242.49,-6.8210,4.0,0.135,0.10300
H2Oonly,h2o,true,242.99,-6.8220,3.9,0.131,0.10800
H2Oonly,h2o,true,243.49,-6.8240,3.9,0.127,0.11300
H2Oonly,h2o,true,243.99,-6.8250,3.8,0.124,0.11800
H2Oonly,h2o,true,244.49,-6.8260,3.8,0.121,0.12300
H2Oonly,h2o,true,244.99,-6.8280,3.7,0.119,0.12700
H2Oonly,h2o,true,245.49,-6.8290,3.7,0.116,0.13100
H2Oonly,h2o,true,245.99,-6.8300,3.6,0.114,0.13500
H2Oonly,h2o,true,246.49,-6.8310,3.6,0.113,0.13900
H2Oonly,h2o,true,246.99,-6.8330,3.5,0.111,0.14200
H2Oonly,h2o,true,247.49,-6.8340,3.5,0.110,0.14600
H2Oonly,h2o,true,247.99,-6.8350,3.5,0.109,0.14900
H2Oonly,h2o,true,248.49,-6.8360,3.4,0.107,0.15200
H2Oonly,h2o,true,248.99,-6.8370,3.4,0.106,0.15500
H2Oonly,h2o,true,249.49,-6.8390,3.3,0.105,0.15800
H2Oonly,h2o,true,249.99,-6.8400,3.3,0.104,0.16100
H2Oonly,h2o,true,250.48,-6.8410,3.3,0.103,0.16300
H2Oonly,h2o,true,250.85,-6.8420,3.3,0.103,0.16500
constflux,h2o+co2+o2,false,0.50,-0.0350,NaN,0.805,0.01310
constflux,h2o+co2+o2,false,1.00,-0.0700,NaN,0.516,0.01940
constflux,h2o+co2+o2,false,1.50,-0.1050,NaN,0.419,0.02130
constflux,h2o+co2+o2,false,2.00,-0.1390,NaN,0.375,0.02260
constflux,h2o+co2+o2,false,2.50,-0.1740,NaN,0.353,0.02320
constflux,h2o+co2+o2,false,3.00,-0.2090,NaN,0.339,0.02340
constflux,h2o+co2+o2,false,3.50,-0.2440,NaN,0.331,0.02360
constflux,h2o+co2+o2,false,4.00,-0.2790,NaN,0.326,0.02380
constflux,h2o+co2+o2,false,4.50,-0.3140,NaN,0.322,0.02390
constflux,h2o+co2+o2,false,5.00,-0.3480,NaN,0.319,0.02390
constflux,h2o+co2+o2,false,5.50,-0.3830,NaN,0.318,0.02400
constflux,h2o+co2+o2,false,6.00,-0.4180,NaN,0.317,0.02400
constflux,h2o+co2+o2,false,6.50,-0.4530,NaN,0.316,0.02400
constflux,h2o+co2+o2,false,7.00,-0.4880,NaN,0.315,0.02410
constflux,h2o+co2+o2,false,7.50,-0.5230,NaN,0.315,0.02410
constflux,h2o+co2+o2,false,8.00,-0.5580,NaN,0.315,0.02410
constflux,h2o+co2+o2,false,8.50,-0.5920,NaN,0.315,0.02410
constflux,h2o+co2+o2,false,9.00,-0.6270,NaN,0.315,0.02420
constflux,h2o+co2+o2,false,9.50,-0.6620,NaN,0.315,0.02420
constflux,h2o+co2+o2,false,10.00,-0.6970,NaN,0.315,0.02420
constflux,h2o+co2+o2,false,10.50,-0.7320,NaN,0.315,0.02420
constflux,h2o+co2+o2,false,11.00,-0.7670,NaN,0.315,0.02430
constflux,h2o+co2+o2,false,11.50,-0.8020,NaN,0.315,0.02430
constflux,h2o+co2+o2,false,12.00,-0.8360,NaN,0.315,0.02430
constflux,h2o+co2+o2,false,12.50,-0.8710,NaN,0.315,0.02440
constflux,h2o+co2+o2,false,13.00,-0.9060,NaN,0.315,0.02440
constflux,h2o+co2+o2,false,13.50,-0.9410,NaN,0.315,0.02440
constflux,h2o+co2+o2,false,14.00,-0.9760,NaN,0.315,0.02450
constflux,h2o+co2+o2,false,14.50,-1.0110,NaN,0.315,0.02450
constflux,h2o+co2+o2,false,15.00,-1.0460,NaN,0.315,0.02450
constflux,h2o+co2+o2,false,15.50,-1.0800,NaN,0.316,0.02460
constflux,h2o+co2+o2,false,16.00,-1.1150,NaN,0.316,0.02460
constflux,h2o+co2+o2,false,16.50,-1.1500,NaN,0.316,0.02470
constflux,h2o+co2+o2,false,17.00,-1.1850,NaN,0.316,0.02470
constflux,h2o+co2+o2,false,17.50,-1.2200,NaN,0.316,0.02480
constflux,h2o+co2+o2,false,18.00,-1.2550,NaN,0.317,0.02480
constflux,h2o+co2+o2,false,18.50,-1.2890,NaN,0.317,0.02490
constflux,h2o+co2+o2,false,19.00,-1.3240,NaN,0.317,0.02490
constflux,h2o+co2+o2,false,19.50,-1.3590,NaN,0.318,0.02500
constflux,h2o+co2+o2,false,20.00,-1.3940,NaN,0.318,0.02500
constflux,h2o+co2+o2,false,20.50,-1.4290,NaN,0.319,0.02510
constflux,h2o+co2+o2,false,21.00,-1.4640,NaN,0.319,0.02520
constflux,h2o+co2+o2,false,21.50,-1.4990,NaN,0.320,0.02520
constflux,h2o+co2+o2,false,22.00,-1.5330,NaN,0.320,0.02530
constflux,h2o+co2+o2,false,22.50,-1.5680,NaN,0.321,0.02530
constflux,h2o+co2+o2,false,23.00,-1.6030,NaN,0.322,0.02540
constflux,h2o+co2+o2,false,23.50,-1.6380,NaN,0.323,0.02550
constflux,h2o+co2+o2,false,24.00,-1.6730,NaN,0.323,0.02560
constflux,h2o+co2+o2,false,24.50,-1.7080,NaN,0.324,0.02560
constflux,h2o+co2+o2,false,25.00,-1.7430,NaN,0.325,0.02570
constflux,h2o+co2+o2,false,25.50,-1.7770,NaN,0.326,0.02580
constflux,h2o+co2+o2,false,26.00,-1.8120,NaN,0.328,0.02580
constflux,h2o+co2+o2,false,26.50,-1.8470,NaN,0.329,0.02590
constflux,h2o+co2+o2,false,27.00,-1.8820,NaN,0.330,0.02600
constflux,h2o+co2+o2,false,27.50,-1.9170,NaN,0.331,0.02610
constflux,h2o+co2+o2,false,28.00,-1.9520,NaN,0.333,0.02610
constflux,h2o+co2+o2,false,28.50,-1.9860,NaN,0.335,0.02620
constflux,h2o+co2+o2,false,29.00,-2.0210,NaN,0.336,0.02630
constflux,h2o+co2+o2,false,29.50,-2.0560,NaN,0.338,0.02640
constflux,h2o+co2+o2,false,30.00,-2.0910,NaN,0.340,0.02640
constflux,h2o+co2+o2,false,30.50,-2.1260,NaN,0.342,0.02650
constflux,h2o+co2+o2,false,31.00,-2.1610,NaN,0.344,0.02660
constflux,h2o+co2+o2,false,31.50,-2.1960,NaN,0.346,0.02670
constflux,h2o+co2+o2,false,32.00,-2.2300,NaN,0.348,0.02670
constflux,h2o+co2+o2,false,32.50,-2.2650,NaN,0.350,0.02680
constflux,h2o+co2+o2,false,33.00,-2.3000,NaN,0.353,0.02680
constflux,h2o+co2+o2,false,33.50,-2.3350,NaN,0.355,0.02690
constflux,h2o+co2+o2,false,34.00,-2.3700,NaN,0.358,0.02700
constflux,h2o+co2+o2,false,34.50,-2.4050,NaN,0.360,0.02700
constflux,h2o+co2+o2,false,35.00,-2.4400,NaN,0.363,0.02710
constflux,h2o+co2+o2,false,35.50,-2.4740,NaN,0.365,0.02710
constflux,h2o+co2+o2,false,36.00,-2.5090,NaN,0.368,0.02710
constflux,h2o+co2+o2,false,36.50,-2.5440,NaN,0.371,0.02720
constflux,h2o+co2+o2,false,37.00,-2.5790,NaN,0.373,0.02720
constflux,h2o+co2+o2,false,37.50,-2.6140,NaN,0.376,0.02730
constflux,h2o+co2+o2,false,38.00,-2.6490,NaN,0.379,0.02730
constflux,h2o+co2+o2,false,38.50,-2.6840,NaN,0.381,0.02730
constflux,h2o+co2+o2,false,39.00,-2.7180,NaN,0.384,0.02730
constflux,h2o+co2+o2,false,39.50,-2.7530,NaN,0.387,0.02740
constflux,h2o+co2+o2,false,40.00,-2.7880,NaN,0.389,0.02740
constflux,h2o+co2+o2,false,40.50,-2.8230,NaN,0.392,0.02740
constflux,h2o+co2+o2,false,41.00,-2.8580,NaN,0.394,0.02740
constflux,h2o+co2+o2,false,41.50,-2.8930,NaN,0.397,0.02750
constflux,h2o+co2+o2,false,42.00,-2.9280,NaN,0.399,0.02750
constflux,h2o+co2+o2,false,42.50,-2.9620,NaN,0.401,0.02750
constflux,h2o+co2+o2,false,43.00,-2.9970,NaN,0.404,0.02750
constflux,h2o+co2+o2,false,43.50,-3.0320,NaN,0.406,0.02750
constflux,h2o+co2+o2,false,44.00,-3.0670,NaN,0.408,0.02750
constflux,h2o+co2+o2,false,44.50,-3.1020,NaN,0.410,0.02750
constflux,h2o+co2+o2,false,45.00,-3.1370,NaN,0.412,0.02750
constflux,h2o+co2+o2,false,45.50,-3.1720,NaN,0.414,0.02750
constflux,h2o+co2+o2,false,46.00,-3.2060,NaN,0.416,0.02750
constflux,h2o+co2+o2,false,46.50,-3.2410,NaN,0.417,0.02760
constflux,h2o+co2+o2,false,47.00,-3.2760,NaN,0.419,0.02760
constflux,h2o+co2+o2,false,47.50,-3.3110,NaN,0.421,0.02760
constflux,h2o+co2+o2,false,48.00,-3.3460,NaN,0.422,0.02760
constflux,h2o+co2+o2,false,48.50,-3.3810,NaN,0.424,0.02760
constflux,h2o+co2+o2,false,49.00,-3.4160,NaN,0.425,0.02760
constflux,h2o+co2+o2,false,49.50,-3.4500,NaN,0.426,0.02760
constflux,h2o+co2+o2,false,50.00,-3.4850,NaN,0.427,0.02760
constflux,h2o+co2+o2,false,50.50,-3.5200,NaN,0.429,0.02760
constflux,h2o+co2+o2,false,51.00,-3.5550,NaN,0.430,0.02760
constflux,h2o+co2+o2,false,51.50,-3.5900,NaN,0.431,0.02760
constflux,h2o+co2+o2,false,52.00,-3.6250,NaN,0.432,0.02760
constflux,h2o+co2+o2,false,52.50,-3.6600,NaN,0.433,0.02760
constflux,h2o+co2+o2,false,53.00,-3.6950,NaN,0.433,0.02760
constflux,h2o+co2+o2,false,53.50,-3.7290,NaN,0.434,0.02760
constflux,h2o+co2+o2,false,54.00,-3.7640,NaN,0.435,0.02760
constflux,h2o+co2+o2,false,54.50,-3.7990,NaN,0.436,0.02760
constflux,h2o+co2+o2,false,55.00,-3.8340,NaN,0.436,0.02760
constflux,h2o+co2+o2,false,55.50,-3.8690,NaN,0.437,0.02760
constflux,h2o+co2+o2,false,56.00,-3.9040,NaN,0.438,0.02760
constflux,h2o+co2+o2,false,56.50,-3.9390,NaN,0.438,0.02760
constflux,h2o+co2+o2,false,57.00,-3.9730,NaN,0.439,0.02760
constflux,h2o+co2+o2,false,57.50,-4.0080,NaN,0.439,0.02760
constflux,h2o+co2+o2,false,58.00,-4.0430,NaN,0.440,0.02760
constflux,h2o+co2+o2,false,58.50,-4.0780,NaN,0.440,0.02760
constflux,h2o+co2+o2,false,59.00,-4.1130,NaN,0.441,0.02760
constflux,h2o+co2+o2,false,59.50,-4.1480,NaN,0.441,0.02760
constflux,h2o+co2+o2,false,60.00,-4.1830,NaN,0.441,0.02760
constflux,h2o+co2+o2,false,60.50,-4.2170,NaN,0.442,0.02760
constflux,h2o+co2+o2,false,61.00,-4.2520,NaN,0.442,0.02760
constflux,h2o+co2+o2,false,61.50,-4.2870,NaN,0.442,0.02760
constflux,h2o+co2+o2,false,62.00,-4.3220,NaN,0.442,0.02760
constflux,h2o+co2+o2,false,62.50,-4.3570,NaN,0.443,0.02760
constflux,h2o+co2+o2,false,63.00,-4.3920,NaN,0.443,0.02760
constflux,h2o+co2+o2,false,63.50,-4.4270,NaN,0.443,0.02760
constflux,h2o+co2+o2,false,64.00,-4.4620,NaN,0.443,0.02760
constflux,h2o+co2+o2,false,64.50,-4.4960,NaN,0.444,0.02760
constflux,h2o+co2+o2,false,65.00,-4.5310,NaN,0.444,0.02760
constflux,h2o+co2+o2,false,65.50,-4.5660,NaN,0.444,0.02760
constflux,h2o+co2+o2,false,66.00,-4.6010,NaN,0.444,0.02760
constflux,h2o+co2+o2,false,66.50,-4.6360,NaN,0.444,0.02760
constflux,h2o+co2+o2,false,67.00,-4.6710,NaN,0.444,0.02760
constflux,h2o+co2+o2,false,67.50,-4.7060,NaN,0.444,0.02760
constflux,h2o+co2+o2,false,68.00,-4.7400,NaN,0.444,0.02760
constflux,h2o+co2+o2,false,68.50,-4.7750,NaN,0.445,0.02760
constflux,h2o+co2+o2,false,69.00,-4.8100,NaN,0.445,0.02760
constflux,h2o+co2+o2,false,69.50,-4.8450,NaN,0.445,0.02760
constflux,h2o+co2+o2,false,70.00,-4.8800,NaN,0.445,0.02760
constflux,h2o+co2+o2,false,70.50,-4.9150,NaN,0.445,0.02760
constflux,h2o+co2+o2,false,71.00,-4.9500,NaN,0.445,0.02760
constflux,h2o+co2+o2,false,71.50,-4.9850,NaN,0.445,0.02760
constflux,h2o+co2+o2,false,72.00,-5.0190,NaN,0.445,0.02760
constflux,h2o+co2+o2,false,72.50,-5.0540,NaN,0.445,0.02760
constflux,h2o+co2+o2,false,73.00,-5.0890,NaN,0.445,0.02760
constflux,h2o+co2+o2,false,73.50,-5.1240,NaN,0.445,0.02770
constflux,h2o+co2+o2,false,74.00,-5.1590,NaN,0.445,0.02770
constflux,h2o+co2+o2,false,74.50,-5.1940,NaN,0.445,0.02770
constflux,h2o+co2+o2,false,75.00,-5.2290,NaN,0.445,0.02770
constflux,h2o+co2+o2,false,75.50,-5.2630,NaN,0.445,0.02770
constflux,h2o+co2+o2,false,76.00,-5.2980,NaN,0.445,0.02770
constflux,h2o+co2+o2,false,76.50,-5.3330,NaN,0.445,0.02770
constflux,h2o+co2+o2,false,77.00,-5.3680,NaN,0.445,0.02770
constflux,h2o+co2+o2,false,77.50,-5.4030,NaN,0.445,0.02770
constflux,h2o+co2+o2,false,78.00,-5.4380,NaN,0.445,0.02770
constflux,h2o+co2+o2,false,78.50,-5.4730,NaN,0.445,0.02770
constflux,h2o+co2+o2,false,79.00,-5.5070,NaN,0.445,0.02770
constflux,h2o+co2+o2,false,79.50,-5.5420,NaN,0.445,0.02770
constflux,h2o+co2+o2,false,80.00,-5.5770,NaN,0.445,0.02770
constflux,h2o+co2+o2,false,80.50,-5.6120,NaN,0.445,0.02770
constflux,h2o+co2+o2,false,81.00,-5.6470,NaN,0.445,0.02770
constflux,h2o+co2+o2,false,81.50,-5.6820,NaN,0.445,0.02770
constflux,h2o+co2+o2,false,82.00,-5.7170,NaN,0.445,0.02770
constflux,h2o+co2+o2,false,82.50,-5.7520,NaN,0.445,0.02770
constflux,h2o+co2+o2,false,83.00,-5.7860,NaN,0.445,0.02770
constflux,h2o+co2+o2,false,83.49,-5.8210,NaN,0.445,0.02770
constflux,h2o+co2+o2,false,83.99,-5.8560,NaN,0.445,0.02770
constflux,h2o+co2+o2,false,84.49,-5.8910,NaN,0.445,0.02770
constflux,h2o+co2+o2,false,84.99,-5.9260,NaN,0.445,0.02770
constflux,h2o+co2+o2,false,85.49,-5.9610,NaN,0.445,0.02770
constflux,h2o+co2+o2,false,85.99,-5.9960,NaN,0.445,0.02770
constflux,h2o+co2+o2,false,86.49,-6.0300,NaN,0.445,0.02770
constflux,h2o+co2+o2,false,86.99,-6.0650,NaN,0.445,0.02770
constflux,h2o+co2+o2,false,87.49,-6.1000,NaN,0.445,0.02770
constflux,h2o+co2+o2,false,87.99,-6.1350,NaN,0.445,0.02770
constflux,h2o+co2+o2,false,88.49,-6.1700,NaN,0.445,0.02770
constflux,h2o+co2+o2,false,88.99,-6.2050,NaN,0.445,0.02770
constflux,h2o+co2+o2,false,89.49,-6.2400,NaN,0.445,0.02770
constflux,h2o+co2+o2,false,89.99,-6.2750,NaN,0.444,0.02770
constflux,h2o+co2+o2,false,90.49,-6.3090,NaN,0.444,0.02770
constflux,h2o+co2+o2,false,90.99,-6.3440,NaN,0.444,0.02770
constflux,h2o+co2+o2,false,91.49,-6.3790,NaN,0.444,0.02770
constflux,h2o+co2+o2,false,91.99,-6.4140,NaN,0.444,0.02770
constflux,h2o+co2+o2,false,92.49,-6.4490,NaN,0.444,0.02770
constflux,h2o+co2+o2,false,92.99,-6.4840,NaN,0.444,0.02770
constflux,h2o+co2+o2,false,93.49,-6.5190,NaN,0.444,0.02770
constflux,h2o+co2+o2,false,93.99,-6.5530,NaN,0.444,0.02770
constflux,h2o+co2+o2,false,94.49,-6.5880,NaN,0.444,0.02770
constflux,h2o+co2+o2,false,94.99,-6.6230,NaN,0.444,0.02770
constflux,h2o+co2+o2,false,95.49,-6.6580,NaN,0.444,0.02770
constflux,h2o+co2+o2,false,95.99,-6.6930,NaN,0.444,0.02770
constflux,h2o+co2+o2,false,96.49,-6.7280,NaN,0.444,0.02770
constflux,h2o+co2+o2,false,96.99,-6.7630,NaN,0.444,0.02770
constflux,h2o+co2+o2,false,97.49,-6.7980,NaN,0.444,0.02770
constflux,h2o+co2+o2,false,97.99,-6.8320,NaN,0.444,0.02770
constflux,h2o+co2+o2,false,98.49,-6.8670,NaN,0.444,0.02770
constflux,h2o+co2+o2,false,98.99,-6.9020,NaN,0.444,0.02770
constflux,h2o+co2+o2,false,99.49,-6.9370,NaN,0.444,0.02770
constflux,h2o+co2+o2,false,99.99,-6.9720,NaN,0.444,0.02770
constflux,h2o+co2+o2,false,100.49,-7.0070,NaN,0.444,0.02770
constflux,h2o+co2+o2,false,100.99,-7.0420,NaN,0.444,0.02770
constflux,h2o+co2+o2,false,101.49,-7.0760,NaN,0.444,0.02770
constflux,h2o+co2+o2,false,101.99,-7.1110,NaN,0.444,0.02770
constflux,h2o+co2+o2,false,102.49,-7.1460,NaN,0.444,0.02770
constflux,h2o+co2+o2,false,102.99,-7.1810,NaN,0.444,0.02770
constflux,h2o+co2+o2,false,103.49,-7.2160,NaN,0.444,0.02770
constflux,h2o+co2+o2,false,103.99,-7.2510,NaN,0.444,0.02770
constflux,h2o+co2+o2,false,104.49,-7.2860,NaN,0.444,0.02770
constflux,h2o+co2+o2,false,104.99,-7.3200,NaN,0.443,0.02770
constflux,h2o+co2+o2,false,105.49,-7.3550,NaN,0.443,0.02770
constflux,h2o+co2+o2,false,105.99,-7.3900,NaN,0.443,0.02770
constflux,h2o+co2+o2,false,106.49,-7.4250,NaN,0.443,0.02770
constflux,h2o+co2+o2,false,106.99,-7.4600,NaN,0.443,0.02770
constflux,h2o+co2+o2,false,107.49,-7.4950,NaN,0.443,0.02770
constflux,h2o+co2+o2,false,107.99,-7.5300,NaN,0.443,0.02770
constflux,h2o+co2+o2,false,108.49,-7.5650,NaN,0.443,0.02770
constflux,h2o+co2+o2,false,108.99,-7.5990,NaN,0.443,0.02770
constflux,h2o+co2+o2,false,109.49,-7.6340,NaN,0.443,0.02770
constflux,h2o+co2+o2,false,109.99,-7.6690,NaN,0.443,0.02770
constflux,h2o+co2+o2,false,110.49,-7.7040,NaN,0.443,0.02770
constflux,h2o+co2+o2,false,110.99,-7.7390,NaN,0.443,0.02770
constflux,h2o+co2+o2,false,111.49,-7.7740,NaN,0.443,0.02770
constflux,h2o+co2+o2,false,111.99,-7.8090,NaN,0.443,0.02770
constflux,h2o+co2+o2,false,112.49,-7.8430,NaN,0.443,0.02770
constflux,h2o+co2+o2,false,112.99,-7.8780,NaN,0.443,0.02770
constflux,h2o+co2+o2,false,113.49,-7.9130,NaN,0.443,0.02770
constflux,h2o+co2+o2,false,113.99,-7.9480,NaN,0.443,0.02770
constflux,h2o+co2+o2,false,114.49,-7.9830,NaN,0.443,0.02770
constflux,h2o+co2+o2,false,114.99,-8.0180,NaN,0.443,0.02770
constflux,h2o+co2+o2,false,115.49,-8.0530,NaN,0.443,0.02770
constflux,h2o+co2+o2,false,115.99,-8.0880,NaN,0.443,0.02770
constflux,h2o+co2+o2,false,116.49,-8.1220,NaN,0.443,0.02770
constflux,h2o+co2+o2,false,116.99,-8.1570,NaN,0.443,0.02770
constflux,h2o+co2+o2,false,117.49,-8.1920,NaN,0.443,0.02770
constflux,h2o+co2+o2,false,117.99,-8.2270,NaN,0.443,0.02770
constflux,h2o+co2+o2,false,118.49,-8.2620,NaN,0.443,0.02770
constflux,h2o+co2+o2,false,118.99,-8.2970,NaN,0.443,0.02770
constflux,h2o+co2+o2,false,119.49,-8.3320,NaN,0.443,0.02770
constflux,h2o+co2+o2,false,119.99,-8.3660,NaN,0.442,0.02770
constflux,h2o+co2+o2,false,120.49,-8.4010,NaN,0.442,0.02770
constflux,h2o+co2+o2,false,120.99,-8.4360,NaN,0.442,0.02770
constflux,h2o+co2+o2,false,121.10,-8.4440,NaN,0.442,0.02770
