case,fan_U,fan_cm_s,u_max,dC_H2O_mean,dC_CO2_mean
earth_1g,,,4.610e-2,0.1280,0.1610
ug_still,0,0,0,0.2400,0.3640
ug_fan,0.005,0.8,8.030e-3,0.1760,0.2280
ug_fan,0.01,1.7,1.580e-2,0.1350,0.1730
ug_fan,0.02,3.3,3.050e-2,0.1010,0.1310
ug_fan,0.03,5.0,4.400e-2,0.0850,0.1100
ug_fan,0.04,6.6,5.690e-2,0.0750,0.0970
ug_fan,0.05,8.3,6.930e-2,0.0680,0.0870
ug_fan,0.07,11.6,9.330e-2,0.0580,0.0750
ug_fan,0.1,16.6,1.290e-1,0.0490,0.0630
ug_fan,0.15,24.9,1.880e-1,0.0410,0.0520
# Earth-equivalent fan speed = 0.012 lattice = 2.0 cm/s
# pressure outlet, 150000 steps; all cases steady (<0.5 % over last ~5 s)
