step,t_s,tau_steps,outlet_age_over_tau,mean_age_over_tau,eps_a,outlet_over_inlet_flux,dC_CO2_mean,g_bl
1445,0.25,1339.5,0.8972,0.4998,1.0004,1.0027,-0.064,2.526
2890,0.50,1374.9,0.9625,0.5214,0.959,1.0033,-0.065,2.472
4335,0.75,1409.9,0.9638,0.5217,0.9584,1.003,-0.066,2.442
5780,1.00,1445.5,0.9638,0.5217,0.9584,1.0027,-0.067,2.413
7225,1.25,1481.7,0.9638,0.5217,0.9585,1.0024,-0.068,2.384
8670,1.50,1518.5,0.9637,0.5216,0.9585,1.0022,-0.068,2.356
10115,1.75,1555.9,0.9637,0.5216,0.9586,1.0019,-0.069,2.329
11560,2.00,1593.9,0.9636,0.5216,0.9586,1.0017,-0.07,2.302
13005,2.25,1632.5,0.9636,0.5215,0.9587,1.0014,-0.071,2.276
14450,2.50,1671.7,0.9635,0.5215,0.9588,1.0012,-0.072,2.25
15895,2.75,1711.6,0.9633,0.5214,0.959,1.001,-0.072,2.225
17340,3.00,1752.1,0.9632,0.5213,0.9591,1.0008,-0.073,2.201
18785,3.25,1793.3,0.9631,0.5212,0.9593,1.0006,-0.074,2.177
20230,3.50,1835.1,0.9629,0.5211,0.9595,1.0004,-0.075,2.153
21675,3.75,1877.6,0.9628,0.521,0.9596,1.0003,-0.076,2.13
23120,4.00,1920.8,0.9626,0.5209,0.9598,1.0001,-0.076,2.107
24565,4.25,1964.7,0.9624,0.5208,0.9601,1,-0.077,2.085
26010,4.50,2009.2,0.9622,0.5207,0.9603,0.9998,-0.078,2.063
27455,4.75,2054.5,0.962,0.5205,0.9605,0.9997,-0.079,2.042
28900,5.00,2100.5,0.9618,0.5204,0.9608,0.9995,-0.08,2.021
30345,5.25,2147.2,0.9616,0.5203,0.9611,0.9994,-0.08,2
31790,5.50,2194.7,0.9614,0.5201,0.9613,0.9993,-0.081,1.98
33235,5.75,2242.9,0.9611,0.5199,0.9616,0.9992,-0.082,1.96
34680,6.00,2291.9,0.9609,0.5198,0.9619,0.999,-0.083,1.941
36125,6.25,2341.6,0.9606,0.5196,0.9623,0.9989,-0.084,1.922
37570,6.50,2392.2,0.9603,0.5194,0.9626,0.9988,-0.085,1.903
39015,6.75,2443.5,0.9601,0.5192,0.9629,0.9987,-0.085,1.884
40460,7.00,2495.6,0.9598,0.5191,0.9633,0.9986,-0.086,1.866
41905,7.25,2548.6,0.9595,0.5189,0.9637,0.9985,-0.087,1.848
43350,7.50,2602.3,0.9592,0.5187,0.964,0.9985,-0.088,1.831
44795,7.75,2656.9,0.9589,0.5184,0.9644,0.9984,-0.089,1.814
46240,8.00,2712.4,0.9585,0.5182,0.9648,0.9983,-0.09,1.797
47685,8.25,2768.7,0.9582,0.518,0.9652,0.9982,-0.09,1.78
49130,8.50,2825.9,0.9579,0.5178,0.9657,0.9981,-0.091,1.764
50575,8.75,2884,0.9575,0.5175,0.9661,0.9981,-0.092,1.747
52020,9.00,2942.9,0.9572,0.5173,0.9666,0.998,-0.093,1.731
53465,9.25,3002.8,0.9568,0.5171,0.967,0.9979,-0.094,1.716
54910,9.50,3063.6,0.9564,0.5168,0.9675,0.9979,-0.095,1.7
56355,9.75,3125.4,0.956,0.5166,0.968,0.9978,-0.096,1.685
57800,10.00,3188.1,0.9557,0.5163,0.9685,0.9978,-0.096,1.67
59245,10.25,3251.7,0.9553,0.516,0.969,0.9977,-0.097,1.656
60690,10.50,3316.4,0.9549,0.5157,0.9695,0.9977,-0.098,1.641
62135,10.75,3382,0.9545,0.5155,0.97,0.9976,-0.099,1.627
63580,11.00,3448.6,0.954,0.5152,0.9705,0.9975,-0.1,1.613
65025,11.25,3516.3,0.9536,0.5149,0.9711,0.9975,-0.101,1.599
66470,11.50,3585,0.9532,0.5146,0.9716,0.9975,-0.102,1.585
67915,11.75,3654.7,0.9527,0.5143,0.9722,0.9974,-0.102,1.572
69360,12.00,3725.6,0.9523,0.514,0.9728,0.9974,-0.103,1.559
70805,12.25,3797.5,0.9518,0.5137,0.9734,0.9973,-0.104,1.546
72250,12.50,3870.5,0.9514,0.5134,0.974,0.9973,-0.105,1.533
73695,12.75,3944.6,0.9509,0.513,0.9746,0.9972,-0.106,1.52
75140,13.00,4019.8,0.9504,0.5127,0.9752,0.9972,-0.107,1.508
76585,13.25,4096.2,0.9499,0.5124,0.9758,0.9972,-0.108,1.495
78030,13.50,4173.8,0.9494,0.5121,0.9765,0.9971,-0.109,1.483
79475,13.75,4252.6,0.9489,0.5117,0.9771,0.9971,-0.109,1.471
80920,14.00,4332.5,0.9484,0.5114,0.9778,0.9971,-0.11,1.459
82365,14.25,4413.7,0.9479,0.511,0.9784,0.997,-0.111,1.448
83810,14.50,4496.1,0.9473,0.5107,0.9791,0.997,-0.112,1.436
85255,14.75,4579.8,0.9468,0.5103,0.9798,0.997,-0.113,1.425
86700,15.00,4664.8,0.9463,0.5099,0.9805,0.997,-0.114,1.414
88145,15.25,4751,0.9457,0.5096,0.9812,0.9969,-0.115,1.403
89590,15.50,4838.6,0.9451,0.5092,0.982,0.9969,-0.116,1.392
91035,15.75,4927.6,0.9445,0.5088,0.9827,0.9969,-0.117,1.381
92480,16.00,5017.8,0.944,0.5084,0.9834,0.9969,-0.118,1.37
93925,16.25,5109.5,0.9434,0.508,0.9842,0.9968,-0.118,1.36
95370,16.50,5202.6,0.9428,0.5076,0.985,0.9968,-0.119,1.349
96815,16.75,5297.1,0.9421,0.5072,0.9857,0.9968,-0.12,1.339
98260,17.00,5393.1,0.9415,0.5068,0.9865,0.9968,-0.121,1.329
99705,17.25,5490.6,0.9409,0.5064,0.9873,0.9967,-0.122,1.319
101150,17.50,5589.5,0.9402,0.506,0.9881,0.9967,-0.123,1.309
102595,17.75,5690,0.9396,0.5056,0.9889,0.9967,-0.124,1.299
104040,18.00,5792,0.9389,0.5052,0.9897,0.9967,-0.125,1.29
105485,18.25,5895.6,0.9382,0.5048,0.9906,0.9967,-0.126,1.28
106930,18.50,6000.8,0.9375,0.5043,0.9914,0.9967,-0.127,1.271
108375,18.75,6107.7,0.9368,0.5039,0.9923,0.9966,-0.128,1.261
109820,19.00,6216.2,0.9361,0.5035,0.9931,0.9966,-0.129,1.252
111265,19.25,6326.3,0.9354,0.503,0.994,0.9966,-0.13,1.243
112710,19.50,6438.2,0.9347,0.5026,0.9949,0.9966,-0.13,1.234
114155,19.75,6551.9,0.9339,0.5021,0.9958,0.9966,-0.131,1.225
115600,20.00,6667.3,0.9332,0.5017,0.9967,0.9966,-0.132,1.216
117045,20.25,6784.5,0.9324,0.5012,0.9976,0.9965,-0.133,1.207
118490,20.50,6903.5,0.9316,0.5007,0.9985,0.9965,-0.134,1.199
119935,20.75,7024.4,0.9308,0.5003,0.9994,0.9965,-0.135,1.19
121380,21.00,7147.2,0.93,0.4998,1.0004,0.9965,-0.136,1.182
122825,21.25,7271.9,0.9292,0.4993,1.0013,0.9965,-0.137,1.174
124270,21.50,7398.6,0.9284,0.4989,1.0023,0.9965,-0.138,1.165
125715,21.75,7527.3,0.9275,0.4984,1.0033,0.9965,-0.139,1.157
127160,22.00,7657.9,0.9267,0.4979,1.0043,0.9964,-0.14,1.149
128605,22.25,7790.6,0.9258,0.4974,1.0052,0.9964,-0.141,1.141
130050,22.50,7925.5,0.9249,0.4969,1.0062,0.9964,-0.142,1.133
131495,22.75,8062.4,0.924,0.4964,1.0073,0.9964,-0.143,1.125
132940,23.00,8201.5,0.9231,0.4959,1.0083,0.9964,-0.144,1.118
134385,23.25,8342.8,0.9222,0.4954,1.0093,0.9964,-0.145,1.11
135830,23.50,8486.3,0.9213,0.4949,1.0103,0.9964,-0.146,1.102
137275,23.75,8632.1,0.9203,0.4944,1.0114,0.9964,-0.147,1.095
138720,24.00,8780.2,0.9194,0.4938,1.0125,0.9964,-0.148,1.087
140165,24.25,8930.6,0.9184,0.4933,1.0135,0.9964,-0.149,1.08
141610,24.50,9083.4,0.9174,0.4928,1.0146,0.9963,-0.15,1.073
143055,24.75,9238.7,0.9164,0.4923,1.0157,0.9963,-0.151,1.066
144500,25.00,9396.3,0.9154,0.4917,1.0168,0.9963,-0.152,1.058
145945,25.25,9556.5,0.9143,0.4912,1.0179,0.9963,-0.153,1.051
147390,25.50,9719.2,0.9133,0.4907,1.019,0.9963,-0.154,1.044
148835,25.75,9884.5,0.9122,0.4901,1.0202,0.9963,-0.155,1.037
150280,26.00,10052.4,0.9111,0.4896,1.0213,0.9963,-0.156,1.03
