NaN,NaN,NaN,NaN,NaN,NaN,NaN,NaN,NaN,NaN,NaN,NaN,NaN,NaN,NaN,NaN,NaN,NaN,NaN,NaN,NaN,NaN,NaN,NaN,NaN,NaN,NaN,NaN,NaN,NaN,NaN,NaN,NaN,NaN,NaN,NaN,NaN,NaN,NaN,NaN,NaN,NaN,NaN,NaN,NaN,NaN,NaN,NaN,NaN,NaN,NaN,NaN,NaN,NaN,NaN,NaN,NaN,NaN,NaN,NaN,NaN,NaN,NaN,NaN,NaN,NaN,NaN,NaN,NaN,NaN,NaN,NaN,NaN,NaN,NaN,NaN,NaN,NaN,NaN,NaN,NaN,NaN,NaN,NaN,NaN,NaN,NaN,NaN,NaN,NaN,NaN,NaN,NaN,NaN,NaN,NaN,NaN,NaN,NaN,NaN,NaN,NaN,NaN,NaN,NaN,NaN,NaN,NaN,NaN,NaN,NaN,NaN,NaN,NaN,NaN,NaN,NaN,NaN,NaN,NaN,NaN,NaN,NaN,NaN,NaN,NaN,NaN,NaN
NaN,0.00004,0.00011,0.00018,0.00025,0.00032,0.00040,0.00047,0.00054,0.00061,0.00068,0.00075,0.00082,0.00089,0.00095,0.00102,0.00109,0.00115,0.00122,0.00128,0.00134,0.00141,0.00147,0.00153,0.00159,0.00164,0.00170,0.00176,0.00181,0.00186,0.00191,0.00196,0.00201,0.00206,0.00211,0.00215,0.00219,0.00224,0.00228,0.00232,0.00235,0.00239,0.00242,0.00246,0.00249,0.00252,0.00254,0.00257,0.00260,0.00262,0.00264,0.00266,0.00268,0.00269,0.00271,0.00272,0.00273,0.00274,0.00275,0.00276,0.00276,0.00277,0.00277,0.00277,0.00276,0.00276,0.00276,0.00275,0.00274,0.00273,0.00272,0.00270,0.00269,0.00267,0.00265,0.00263,0.00261,0.00259,0.00257,0.00254,0.00251,0.00248,0.00245,0.00242,0.00239,0.00235,0.00231,0.00228,0.00224,0.00220,0.00215,0.00211,0.00207,0.00202,0.00197,0.00193,0.00188,0.00183,0.00177,0.00172,0.00167,0.00161,0.00156,0.00150,0.00144,0.00139,0.00133,0.00127,0.00121,0.00115,0.00108,0.00102,0.00096,0.00089,0.00083,0.00077,0.00070,0.00064,0.00057,0.00050,0.00044,0.00037,0.00030,0.00024,0.00017,0.00010,0.00003,NaN
NaN,0.00011,0.00033,0.00054,0.00076,0.00097,0.00119,0.00140,0.00161,0.00183,0.00204,0.00224,0.00245,0.00266,0.00286,0.00306,0.00326,0.00346,0.00365,0.00384,0.00403,0.00422,0.00440,0.00458,0.00476,0.00493,0.00510,0.00527,0.00543,0.00559,0.00574,0.00589,0.00604,0.00618,0.00632,0.00646,0.00659,0.00671,0.00683,0.00695,0.00706,0.00717,0.00727,0.00737,0.00746,0.00755,0.00764,0.00772,0.00779,0.00786,0.00792,0.00798,0.00804,0.00809,0.00813,0.00817,0.00820,0.00823,0.00826,0.00828,0.00829,0.00830,0.00830,0.00830,0.00830,0.00829,0.00827,0.00825,0.00822,0.00819,0.00816,0.00812,0.00807,0.00802,0.00797,0.00791,0.00784,0.00777,0.00770,0.00762,0.00754,0.00745,0.00736,0.00726,0.00716,0.00705,0.00694,0.00683,0.00671,0.00659,0.00646,0.00633,0.00620,0.00606,0.00592,0.00578,0.00563,0.00548,0.00533,0.00517,0.00501,0.00484,0.00468,0.00451,0.00434,0.00416,0.00398,0.00380,0.00362,0.00344,0.00325,0.00307,0.00288,0.00268,0.00249,0.00230,0.00210,0.00191,0.00171,0.00151,0.00131,0.00111,0.00091,0.00071,0.00051,0.00030,0.00010,NaN
NaN,0.00018,0.00054,0.00090,0.00126,0.00162,0.00198,0.00234,0.00269,0.00304,0.00340,0.00374,0.00409,0.00443,0.00477,0.00511,0.00544,0.00577,0.00609,0.00641,0.00672,0.00703,0.00734,0.00764,0.00793,0.00822,0.00850,0.00878,0.00905,0.00932,0.00958,0.00983,0.01007,0.01031,0.01054,0.01077,0.01098,0.01119,0.01139,0.01159,0.01178,0.01195,0.01213,0.01229,0.01245,0.01259,0.01273,0.01286,0.01299,0.01310,0.01321,0.01331,0.01340,0.01348,0.01356,0.01362,0.01368,0.01373,0.01377,0.01380,0.01382,0.01384,0.01384,0.01384,0.01383,0.01381,0.01379,0.01375,0.01371,0.01366,0.01360,0.01353,0.01346,0.01337,0.01328,0.01318,0.01307,0.01296,0.01283,0.01270,0.01256,0.01242,0.01226,0.01210,0.01194,0.01176,0.01158,0.01139,0.01119,0.01099,0.01078,0.01056,0.01034,0.01011,0.00988,0.00964,0.00939,0.00914,0.00888,0.00862,0.00835,0.00808,0.00780,0.00751,0.00723,0.00694,0.00664,0.00634,0.00604,0.00573,0.00542,0.00511,0.00479,0.00448,0.00415,0.00383,0.00351,0.00318,0.00285,0.00252,0.00218,0.00185,0.00152,0.00118,0.00084,0.00051,0.00017,NaN
NaN,0.00025,0.00076,0.00126,0.00177,0.00227,0.00277,0.00327,0.00377,0.00427,0.00476,0.00524,0.00573,0.00621,0.00668,0.00715,0.00762,0.00808,0.00853,0.00898,0.00942,0.00985,0.01028,0.01070,0.01111,0.01152,0.01192,0.01230,0.01268,0.01305,0.01342,0.01377,0.01411,0.01444,0.01477,0.01508,0.01539,0.01568,0.01596,0.01623,0.01650,0.01675,0.01699,0.01722,0.01743,0.01764,0.01784,0.01802,0.01819,0.01836,0.01851,0.01864,0.01877,0.01889,0.01899,0.01908,0.01916,0.01923,0.01929,0.01933,0.01936,0.01938,0.01939,0.01939,0.01938,0.01935,0.01932,0.01927,0.01921,0.01913,0.01905,0.01896,0.01885,0.01873,0.01860,0.01846,0.01831,0.01815,0.01798,0.01779,0.01760,0.01740,0.01718,0.01696,0.01672,0.01647,0.01622,0.01595,0.01568,0.01539,0.01510,0.01480,0.01448,0.01416,0.01383,0.01350,0.01315,0.01280,0.01244,0.01207,0.01169,0.01131,0.01092,0.01053,0.01013,0.00972,0.00930,0.00888,0.00846,0.00803,0.00760,0.00716,0.00672,0.00627,0.00582,0.00537,0.00491,0.00445,0.00399,0.00353,0.00306,0.00259,0.00212,0.00165,0.00118,0.00071,0.00024,NaN
NaN,0.00033,0.00098,0.00163,0.00228,0.00293,0.00357,0.00421,0.00485,0.00549,0.00612,0.00675,0.00737,0.00799,0.00860,0.00921,0.00980,0.01040,0.01098,0.01156,0.01212,0.01268,0.01323,0.01377,0.01430,0.01482,0.01533,0.01583,0.01632,0.01680,0.01726,0.01772,0.01816,0.01859,0.01900,0.01941,0.01980,0.02018,0.02054,0.02089,0.02123,0.02155,0.02186,0.02215,0.02243,0.02270,0.02295,0.02319,0.02341,0.02362,0.02381,0.02399,0.02415,0.02430,0.02443,0.02455,0.02466,0.02474,0.02482,0.02487,0.02492,0.02494,0.02496,0.02495,0.02493,0.02490,0.02485,0.02479,0.02471,0.02462,0.02451,0.02439,0.02426,0.02410,0.02394,0.02376,0.02356,0.02336,0.02313,0.02290,0.02265,0.02238,0.02211,0.02182,0.02151,0.02120,0.02087,0.02053,0.02017,0.01981,0.01943,0.01904,0.01864,0.01823,0.01780,0.01737,0.01692,0.01647,0.01600,0.01553,0.01505,0.01456,0.01405,0.01355,0.01303,0.01250,0.01197,0.01143,0.01089,0.01033,0.00978,0.00921,0.00864,0.00807,0.00749,0.00691,0.00632,0.00573,0.00513,0.00454,0.00394,0.00333,0.00273,0.00213,0.00152,0.00091,0.00030,NaN
NaN,0.00040,0.00120,0.00199,0.00279,0.00358,0.00437,0.00516,0.00594,0.00672,0.00749,0.00826,0.00902,0.00978,0.01053,0.01127,0.01200,0.01272,0.01344,0.01414,0.01484,0.01552,0.01619,0.01685,0.01750,0.01814,0.01876,0.01937,0.01997,0.02056,0.02112,0.02168,0.02222,0.02274,0.02325,0.02375,0.02423,0.02469,0.02513,0.02556,0.02597,0.02637,0.02675,0.02711,0.02745,0.02777,0.02808,0.02837,0.02864,0.02890,0.02913,0.02935,0.02955,0.02973,0.02989,0.03004,0.03016,0.03027,0.03036,0.03043,0.03048,0.03052,0.03053,0.03053,0.03051,0.03047,0.03041,0.03033,0.03024,0.03012,0.02999,0.02984,0.02967,0.02949,0.02929,0.02907,0.02883,0.02857,0.02830,0.02801,0.02771,0.02739,0.02705,0.02669,0.02632,0.02593,0.02553,0.02511,0.02468,0.02423,0.02377,0.02329,0.02280,0.02230,0.02178,0.02125,0.02070,0.02015,0.01958,0.01900,0.01841,0.01781,0.01719,0.01657,0.01594,0.01530,0.01465,0.01399,0.01332,0.01264,0.01196,0.01127,0.01057,0.00987,0.00916,0.00845,0.00773,0.00701,0.00628,0.00555,0.00482,0.00408,0.00334,0.00260,0.00186,0.00112,0.00037,NaN
NaN,0.00047,0.00142,0.00236,0.00330,0.00424,0.00517,0.00610,0.00703,0.00795,0.00887,0.00978,0.01068,0.01157,0.01246,0.01333,0.01420,0.01506,0.01590,0.01674,0.01756,0.01837,0.01916,0.01995,0.02071,0.02147,0.02221,0.02293,0.02364,0.02433,0.02500,0.02566,0.02630,0.02692,0.02752,0.02810,0.02867,0.02921,0.02974,0.03025,0.03074,0.03120,0.03165,0.03208,0.03248,0.03287,0.03323,0.03357,0.03390,0.03420,0.03447,0.03473,0.03497,0.03518,0.03537,0.03554,0.03569,0.03582,0.03592,0.03601,0.03607,0.03611,0.03613,0.03612,0.03610,0.03605,0.03598,0.03589,0.03578,0.03564,0.03549,0.03531,0.03511,0.03489,0.03465,0.03439,0.03411,0.03381,0.03349,0.03315,0.03279,0.03240,0.03200,0.03158,0.03114,0.03069,0.03021,0.02971,0.02920,0.02867,0.02813,0.02756,0.02698,0.02638,0.02577,0.02514,0.02450,0.02384,0.02317,0.02248,0.02178,0.02107,0.02035,0.01961,0.01886,0.01810,0.01733,0.01655,0.01576,0.01496,0.01415,0.01333,0.01251,0.01168,0.01084,0.01000,0.00915,0.00829,0.00743,0.00657,0.00570,0.00483,0.00395,0.00308,0.00220,0.00132,0.00044,NaN
NaN,0.00055,0.00164,0.00273,0.00381,0.00490,0.00598,0.00705,0.00813,0.00919,0.01025,0.01130,0.01234,0.01337,0.01440,0.01541,0.01641,0.01740,0.01838,0.01934,0.02029,0.02123,0.02215,0.02305,0.02394,0.02481,0.02566,0.02650,0.02732,0.02811,0.02889,0.02965,0.03039,0.03111,0.03180,0.03248,0.03313,0.03376,0.03437,0.03496,0.03552,0.03606,0.03657,0.03707,0.03754,0.03798,0.03840,0.03880,0.03917,0.03951,0.03984,0.04013,0.04041,0.04065,0.04087,0.04107,0.04124,0.04139,0.04151,0.04161,0.04168,0.04172,0.04174,0.04174,0.04171,0.04165,0.04157,0.04147,0.04134,0.04118,0.04100,0.04080,0.04057,0.04032,0.04004,0.03974,0.03942,0.03907,0.03869,0.03830,0.03788,0.03744,0.03698,0.03649,0.03599,0.03546,0.03491,0.03433,0.03374,0.03313,0.03250,0.03185,0.03117,0.03048,0.02978,0.02905,0.02831,0.02755,0.02677,0.02598,0.02517,0.02435,0.02351,0.02266,0.02179,0.02091,0.02002,0.01912,0.01821,0.01728,0.01635,0.01541,0.01445,0.01349,0.01252,0.01155,0.01057,0.00958,0.00859,0.00759,0.00658,0.00558,0.00457,0.00356,0.00254,0.00153,0.00051,NaN
NaN,0.00062,0.00186,0.00309,0.00433,0.00556,0.00679,0.00801,0.00923,0.01044,0.01164,0.01283,0.01401,0.01519,0.01635,0.01750,0.01864,0.01976,0.02087,0.02196,0.02304,0.02410,0.02515,0.02618,0.02718,0.02817,0.02914,0.03009,0.03102,0.03192,0.03280,0.03367,0.03450,0.03532,0.03611,0.03687,0.03761,0.03833,0.03902,0.03969,0.04032,0.04094,0.04152,0.04208,0.04261,0.04312,0.04359,0.04404,0.04446,0.04486,0.04522,0.04556,0.04587,0.04615,0.04640,0.04662,0.04682,0.04698,0.04712,0.04723,0.04731,0.04736,0.04738,0.04738,0.04734,0.04728,0.04719,0.04707,0.04692,0.04675,0.04654,0.04631,0.04605,0.04577,0.04545,0.04511,0.04474,0.04435,0.04392,0.04348,0.04300,0.04250,0.04198,0.04142,0.04085,0.04025,0.03962,0.03897,0.03830,0.03761,0.03689,0.03615,0.03539,0.03460,0.03380,0.03298,0.03213,0.03127,0.03039,0.02949,0.02857,0.02764,0.02668,0.02572,0.02474,0.02374,0.02273,0.02170,0.02067,0.01962,0.01856,0.01749,0.01641,0.01532,0.01422,0.01311,0.01199,0.01087,0.00974,0.00861,0.00747,0.00633,0.00518,0.00404,0.00288,0.00173,0.00058,NaN
NaN,0.00069,0.00208,0.00347,0.00485,0.00623,0.00760,0.00897,0.01034,0.01169,0.01304,0.01437,0.01570,0.01701,0.01831,0.01960,0.02088,0.02213,0.02338,0.02460,0.02581,0.02700,0.02817,0.02932,0.03045,0.03155,0.03264,0.03370,0.03474,0.03575,0.03674,0.03770,0.03864,0.03955,0.04044,0.04129,0.04212,0.04292,0.04370,0.04444,0.04516,0.04584,0.04650,0.04712,0.04772,0.04828,0.04881,0.04932,0.04979,0.05023,0.05064,0.05101,0.05136,0.05167,0.05195,0.05220,0.05242,0.05261,0.05276,0.05288,0.05297,0.05303,0.05306,0.05305,0.05301,0.05294,0.05284,0.05270,0.05254,0.05234,0.05211,0.05185,0.05156,0.05124,0.05089,0.05051,0.05010,0.04965,0.04918,0.04868,0.04815,0.04759,0.04700,0.04638,0.04574,0.04506,0.04436,0.04364,0.04289,0.04211,0.04130,0.04048,0.03962,0.03875,0.03785,0.03692,0.03598,0.03501,0.03402,0.03302,0.03199,0.03094,0.02988,0.02879,0.02769,0.02658,0.02545,0.02430,0.02314,0.02196,0.02078,0.01958,0.01837,0.01715,0.01592,0.01468,0.01343,0.01217,0.01091,0.00964,0.00837,0.00709,0.00580,0.00452,0.00323,0.00194,0.00065,NaN
NaN,0.00077,0.00231,0.00384,0.00537,0.00690,0.00842,0.00994,0.01145,0.01295,0.01444,0.01592,0.01739,0.01885,0.02029,0.02172,0.02313,0.02452,0.02590,0.02726,0.02859,0.02991,0.03121,0.03248,0.03373,0.03496,0.03616,0.03733,0.03848,0.03960,0.04070,0.04177,0.04280,0.04381,0.04479,0.04574,0.04666,0.04755,0.04840,0.04923,0.05002,0.05078,0.05150,0.05219,0.05285,0.05348,0.05407,0.05462,0.05514,0.05563,0.05608,0.05650,0.05688,0.05723,0.05754,0.05782,0.05806,0.05826,0.05843,0.05857,0.05867,0.05873,0.05876,0.05875,0.05871,0.05863,0.05852,0.05837,0.05818,0.05797,0.05771,0.05743,0.05710,0.05675,0.05636,0.05594,0.05548,0.05499,0.05447,0.05391,0.05332,0.05270,0.05205,0.05137,0.05065,0.04991,0.04913,0.04833,0.04749,0.04663,0.04574,0.04483,0.04388,0.04291,0.04191,0.04089,0.03984,0.03877,0.03768,0.03656,0.03543,0.03427,0.03309,0.03189,0.03067,0.02943,0.02818,0.02691,0.02562,0.02432,0.02301,0.02168,0.02034,0.01899,0.01763,0.01625,0.01487,0.01348,0.01208,0.01068,0.00926,0.00785,0.00643,0.00500,0.00358,0.00215,0.00072,NaN
NaN,0.00084,0.00253,0.00422,0.00590,0.00758,0.00925,0.01092,0.01258,0.01422,0.01586,0.01749,0.01910,0.02070,0.02228,0.02385,0.02540,0.02693,0.02844,0.02993,0.03140,0.03285,0.03427,0.03567,0.03704,0.03838,0.03970,0.04099,0.04225,0.04349,0.04469,0.04586,0.04700,0.04811,0.04918,0.05022,0.05123,0.05220,0.05314,0.05404,0.05491,0.05574,0.05654,0.05730,0.05802,0.05871,0.05935,0.05996,0.06054,0.06107,0.06157,0.06202,0.06244,0.06282,0.06316,0.06347,0.06373,0.06395,0.06414,0.06429,0.06440,0.06446,0.06450,0.06449,0.06444,0.06435,0.06423,0.06407,0.06387,0.06363,0.06335,0.06303,0.06268,0.06229,0.06186,0.06140,0.06090,0.06036,0.05978,0.05917,0.05853,0.05785,0.05713,0.05638,0.05560,0.05478,0.05393,0.05305,0.05213,0.05119,0.05021,0.04920,0.04817,0.04710,0.04601,0.04488,0.04373,0.04256,0.04136,0.04013,0.03888,0.03761,0.03632,0.03500,0.03366,0.03231,0.03093,0.02954,0.02812,0.02670,0.02525,0.02380,0.02232,0.02084,0.01934,0.01784,0.01632,0.01479,0.01326,0.01172,0.01017,0.00861,0.00705,0.00549,0.00392,0.00236,0.00079,NaN
NaN,0.00092,0.00276,0.00460,0.00643,0.00826,0.01009,0.01190,0.01371,0.01551,0.01729,0.01906,0.02082,0.02257,0.02429,0.02600,0.02769,0.02936,0.03100,0.03263,0.03423,0.03580,0.03735,0.03888,0.04037,0.04184,0.04327,0.04468,0.04606,0.04740,0.04871,0.04998,0.05122,0.05243,0.05360,0.05473,0.05583,0.05689,0.05791,0.05890,0.05984,0.06075,0.06162,0.06244,0.06323,0.06397,0.06468,0.06534,0.06596,0.06655,0.06708,0.06758,0.06804,0.06845,0.06882,0.06915,0.06944,0.06968,0.06989,0.07005,0.07016,0.07024,0.07027,0.07026,0.07021,0.07012,0.06998,0.06980,0.06958,0.06932,0.06902,0.06868,0.06829,0.06787,0.06740,0.06690,0.06635,0.06576,0.06514,0.06447,0.06377,0.06303,0.06225,0.06143,0.06058,0.05969,0.05876,0.05780,0.05680,0.05577,0.05471,0.05361,0.05248,0.05132,0.05013,0.04890,0.04765,0.04637,0.04506,0.04373,0.04236,0.04098,0.03957,0.03813,0.03668,0.03520,0.03370,0.03218,0.03064,0.02909,0.02751,0.02592,0.02432,0.02270,0.02107,0.01943,0.01778,0.01612,0.01444,0.01276,0.01108,0.00938,0.00768,0.00598,0.00427,0.00257,0.00086,NaN
NaN,0.00100,0.00299,0.00498,0.00697,0.00895,0.01093,0.01290,0.01485,0.01680,0.01873,0.02066,0.02256,0.02445,0.02632,0.02817,0.03000,0.03180,0.03359,0.03535,0.03708,0.03879,0.04047,0.04212,0.04373,0.04532,0.04688,0.04840,0.04989,0.05134,0.05276,0.05414,0.05548,0.05679,0.05806,0.05928,0.06047,0.06162,0.06273,0.06379,0.06481,0.06579,0.06673,0.06762,0.06847,0.06928,0.07004,0.07076,0.07143,0.07206,0.07265,0.07318,0.07368,0.07412,0.07453,0.07488,0.07519,0.07546,0.07567,0.07585,0.07597,0.07606,0.07609,0.07608,0.07602,0.07592,0.07578,0.07558,0.07535,0.07506,0.07474,0.07436,0.07395,0.07349,0.07298,0.07243,0.07184,0.07121,0.07053,0.06981,0.06905,0.06825,0.06740,0.06652,0.06559,0.06463,0.06363,0.06258,0.06151,0.06039,0.05924,0.05805,0.05682,0.05557,0.05428,0.05295,0.05160,0.05021,0.04879,0.04735,0.04587,0.04437,0.04284,0.04129,0.03971,0.03811,0.03649,0.03484,0.03318,0.03149,0.02979,0.02807,0.02633,0.02458,0.02282,0.02104,0.01925,0.01745,0.01564,0.01382,0.01199,0.01016,0.00832,0.00647,0.00463,0.00278,0.00093,NaN
NaN,0.00107,0.00322,0.00537,0.00751,0.00965,0.01178,0.01390,0.01601,0.01811,0.02019,0.02226,0.02431,0.02635,0.02836,0.03036,0.03233,0.03428,0.03620,0.03809,0.03996,0.04180,0.04361,0.04538,0.04713,0.04884,0.05051,0.05215,0.05376,0.05532,0.05685,0.05834,0.05978,0.06119,0.06255,0.06387,0.06515,0.06639,0.06758,0.06872,0.06983,0.07088,0.07189,0.07285,0.07377,0.07463,0.07545,0.07623,0.07695,0.07763,0.07825,0.07883,0.07936,0.07984,0.08027,0.08066,0.08099,0.08127,0.08151,0.08169,0.08183,0.08192,0.08196,0.08194,0.08188,0.08177,0.08161,0.08141,0.08115,0.08085,0.08049,0.08009,0.07964,0.07915,0.07861,0.07801,0.07738,0.07669,0.07597,0.07519,0.07437,0.07351,0.07260,0.07164,0.07065,0.06961,0.06853,0.06741,0.06625,0.06504,0.06380,0.06252,0.06120,0.05985,0.05846,0.05703,0.05557,0.05408,0.05255,0.05099,0.04941,0.04779,0.04614,0.04447,0.04277,0.04104,0.03929,0.03752,0.03573,0.03391,0.03208,0.03023,0.02836,0.02647,0.02457,0.02266,0.02073,0.01879,0.01684,0.01488,0.01291,0.01094,0.00896,0.00697,0.00498,0.00299,0.00100,NaN
NaN,0.00115,0.00346,0.00576,0.00806,0.01035,0.01264,0.01491,0.01718,0.01943,0.02166,0.02388,0.02609,0.02827,0.03043,0.03257,0.03468,0.03677,0.03883,0.04087,0.04287,0.04484,0.04678,0.04869,0.05056,0.05239,0.05419,0.05595,0.05766,0.05934,0.06098,0.06257,0.06412,0.06563,0.06709,0.06851,0.06988,0.07120,0.07248,0.07370,0.07488,0.07601,0.07709,0.07812,0.07910,0.08003,0.08091,0.08174,0.08251,0.08324,0.08391,0.08453,0.08510,0.08561,0.08607,0.08648,0.08684,0.08714,0.08739,0.08759,0.08774,0.08783,0.08787,0.08786,0.08779,0.08767,0.08750,0.08728,0.08701,0.08668,0.08630,0.08587,0.08539,0.08486,0.08428,0.08364,0.08296,0.08223,0.08145,0.08062,0.07974,0.07881,0.07784,0.07681,0.07575,0.07463,0.07348,0.07227,0.07103,0.06974,0.06841,0.06703,0.06562,0.06417,0.06268,0.06115,0.05958,0.05798,0.05634,0.05467,0.05297,0.05123,0.04947,0.04767,0.04585,0.04400,0.04213,0.04023,0.03830,0.03636,0.03439,0.03240,0.03040,0.02838,0.02634,0.02429,0.02222,0.02014,0.01805,0.01595,0.01384,0.01173,0.00960,0.00747,0.00534,0.00321,0.00107,NaN
NaN,0.00123,0.00370,0.00616,0.00861,0.01106,0.01351,0.01594,0.01836,0.02076,0.02315,0.02553,0.02788,0.03021,0.03252,0.03481,0.03706,0.03930,0.04150,0.04367,0.04581,0.04792,0.04999,0.05202,0.05402,0.05598,0.05790,0.05978,0.06161,0.06340,0.06515,0.06685,0.06851,0.07012,0.07168,0.07319,0.07465,0.07606,0.07742,0.07873,0.07999,0.08120,0.08235,0.08345,0.08449,0.08548,0.08642,0.08730,0.08813,0.08890,0.08962,0.09028,0.09088,0.09143,0.09192,0.09236,0.09274,0.09306,0.09333,0.09354,0.09369,0.09379,0.09384,0.09382,0.09375,0.09362,0.09344,0.09320,0.09291,0.09256,0.09216,0.09170,0.09119,0.09062,0.09000,0.08932,0.08859,0.08781,0.08698,0.08609,0.08515,0.08416,0.08312,0.08203,0.08089,0.07970,0.07847,0.07718,0.07585,0.07447,0.07305,0.07159,0.07008,0.06853,0.06693,0.06530,0.06363,0.06192,0.06017,0.05838,0.05656,0.05471,0.05283,0.05091,0.04896,0.04699,0.04498,0.04295,0.04090,0.03882,0.03672,0.03460,0.03246,0.03030,0.02812,0.02593,0.02372,0.02150,0.01927,0.01703,0.01478,0.01252,0.01025,0.00798,0.00570,0.00342,0.00114,NaN
NaN,0.00131,0.00394,0.00656,0.00918,0.01178,0.01439,0.01698,0.01955,0.02211,0.02466,0.02719,0.02969,0.03217,0.03463,0.03707,0.03947,0.04185,0.04419,0.04651,0.04879,0.05103,0.05323,0.05540,0.05753,0.05961,0.06165,0.06365,0.06560,0.06751,0.06937,0.07118,0.07294,0.07465,0.07631,0.07792,0.07947,0.08097,0.08242,0.08381,0.08515,0.08643,0.08766,0.08882,0.08993,0.09099,0.09198,0.09292,0.09380,0.09462,0.09538,0.09608,0.09672,0.09731,0.09783,0.09829,0.09870,0.09904,0.09932,0.09955,0.09971,0.09981,0.09986,0.09984,0.09977,0.09963,0.09944,0.09919,0.09887,0.09850,0.09807,0.09758,0.09704,0.09643,0.09577,0.09505,0.09428,0.09345,0.09256,0.09161,0.09062,0.08956,0.08846,0.08730,0.08608,0.08482,0.08350,0.08214,0.08072,0.07926,0.07774,0.07618,0.07458,0.07292,0.07123,0.06949,0.06771,0.06589,0.06403,0.06213,0.06019,0.05822,0.05621,0.05417,0.05210,0.05000,0.04787,0.04571,0.04352,0.04131,0.03907,0.03682,0.03454,0.03224,0.02992,0.02759,0.02524,0.02288,0.02050,0.01812,0.01572,0.01332,0.01091,0.00849,0.00607,0.00364,0.00121,NaN
NaN,0.00139,0.00418,0.00696,0.00974,0.01251,0.01528,0.01803,0.02076,0.02348,0.02618,0.02887,0.03153,0.03416,0.03677,0.03936,0.04191,0.04443,0.04692,0.04938,0.05180,0.05418,0.05652,0.05881,0.06107,0.06328,0.06545,0.06757,0.06964,0.07166,0.07363,0.07555,0.07742,0.07923,0.08099,0.08270,0.08435,0.08594,0.08747,0.08895,0.09036,0.09172,0.09302,0.09426,0.09544,0.09655,0.09761,0.09860,0.09953,0.10040,0.10120,0.10194,0.10262,0.10324,0.10379,0.10429,0.10471,0.10508,0.10538,0.10561,0.10578,0.10589,0.10594,0.10592,0.10584,0.10570,0.10549,0.10522,0.10489,0.10450,0.10404,0.10353,0.10295,0.10231,0.10160,0.10084,0.10002,0.09914,0.09819,0.09719,0.09613,0.09502,0.09384,0.09261,0.09133,0.08999,0.08859,0.08714,0.08564,0.08408,0.08248,0.08082,0.07912,0.07737,0.07557,0.07372,0.07183,0.06990,0.06793,0.06591,0.06386,0.06176,0.05964,0.05747,0.05527,0.05304,0.05078,0.04849,0.04617,0.04382,0.04145,0.03905,0.03663,0.03420,0.03174,0.02926,0.02677,0.02427,0.02175,0.01922,0.01668,0.01413,0.01157,0.00900,0.00643,0.00386,0.00129,NaN
NaN,0.00148,0.00443,0.00738,0.01032,0.01325,0.01618,0.01909,0.02199,0.02487,0.02773,0.03057,0.03339,0.03618,0.03894,0.04168,0.04438,0.04705,0.04969,0.05228,0.05484,0.05736,0.05984,0.06227,0.06466,0.06700,0.06929,0.07153,0.07372,0.07586,0.07795,0.07998,0.08195,0.08387,0.08573,0.08754,0.08928,0.09096,0.09258,0.09414,0.09564,0.09707,0.09845,0.09975,0.10100,0.10218,0.10329,0.10434,0.10532,0.10624,0.10709,0.10787,0.10859,0.10924,0.10982,0.11034,0.11079,0.11118,0.11149,0.11174,0.11192,0.11204,0.11209,0.11207,0.11198,0.11183,0.11161,0.11133,0.11098,0.11056,0.11008,0.10953,0.10892,0.10824,0.10750,0.10669,0.10582,0.10489,0.10389,0.10283,0.10171,0.10053,0.09929,0.09799,0.09663,0.09521,0.09373,0.09220,0.09061,0.08896,0.08727,0.08551,0.08371,0.08186,0.07995,0.07800,0.07600,0.07396,0.07187,0.06974,0.06756,0.06535,0.06309,0.06080,0.05847,0.05611,0.05372,0.05129,0.04884,0.04635,0.04384,0.04131,0.03875,0.03617,0.03357,0.03095,0.02832,0.02567,0.02300,0.02033,0.01764,0.01494,0.01224,0.00952,0.00681,0.00408,0.00136,NaN
NaN,0.00156,0.00468,0.00779,0.01090,0.01400,0.01709,0.02017,0.02323,0.02627,0.02929,0.03229,0.03527,0.03822,0.04114,0.04403,0.04688,0.04970,0.05249,0.05523,0.05793,0.06059,0.06321,0.06577,0.06830,0.07077,0.07318,0.07555,0.07786,0.08012,0.08232,0.08446,0.08655,0.08857,0.09053,0.09243,0.09427,0.09604,0.09775,0.09940,0.10098,0.10249,0.10394,0.10531,0.10662,0.10787,0.10904,0.11014,0.11118,0.11214,0.11304,0.11387,0.11462,0.11531,0.11592,0.11647,0.11694,0.11734,0.11767,0.11794,0.11813,0.11825,0.11830,0.11828,0.11819,0.11803,0.11780,0.11750,0.11712,0.11668,0.11618,0.11560,0.11495,0.11424,0.11345,0.11260,0.11168,0.11070,0.10965,0.10853,0.10735,0.10610,0.10479,0.10342,0.10199,0.10049,0.09893,0.09731,0.09563,0.09390,0.09211,0.09026,0.08835,0.08640,0.08439,0.08233,0.08022,0.07806,0.07585,0.07360,0.07130,0.06897,0.06659,0.06417,0.06171,0.05922,0.05669,0.05413,0.05154,0.04892,0.04627,0.04359,0.04089,0.03817,0.03543,0.03266,0.02988,0.02708,0.02427,0.02145,0.01861,0.01576,0.01291,0.01005,0.00718,0.00431,0.00144,NaN
NaN,0.00164,0.00493,0.00822,0.01149,0.01476,0.01802,0.02126,0.02449,0.02770,0.03088,0.03404,0.03718,0.04029,0.04337,0.04641,0.04942,0.05239,0.05533,0.05822,0.06106,0.06387,0.06662,0.06933,0.07198,0.07458,0.07713,0.07962,0.08206,0.08443,0.08675,0.08901,0.09120,0.09333,0.09539,0.09739,0.09933,0.10119,0.10299,0.10472,0.10638,0.10797,0.10949,0.11094,0.11232,0.11362,0.11486,0.11602,0.11711,0.11812,0.11906,0.11993,0.12072,0.12144,0.12209,0.12266,0.12316,0.12358,0.12393,0.12420,0.12440,0.12453,0.12458,0.12456,0.12446,0.12429,0.12405,0.12373,0.12334,0.12288,0.12234,0.12173,0.12105,0.12030,0.11948,0.11858,0.11762,0.11658,0.11547,0.11430,0.11305,0.11174,0.11036,0.10892,0.10741,0.10583,0.10419,0.10248,0.10072,0.09889,0.09700,0.09506,0.09305,0.09099,0.08887,0.08670,0.08448,0.08220,0.07988,0.07751,0.07509,0.07263,0.07012,0.06757,0.06498,0.06236,0.05969,0.05700,0.05427,0.05151,0.04872,0.04590,0.04305,0.04019,0.03730,0.03439,0.03146,0.02851,0.02555,0.02258,0.01959,0.01659,0.01359,0.01058,0.00756,0.00454,0.00151,NaN
NaN,0.00173,0.00519,0.00864,0.01209,0.01553,0.01896,0.02237,0.02577,0.02914,0.03249,0.03582,0.03912,0.04239,0.04563,0.04883,0.05200,0.05512,0.05821,0.06125,0.06424,0.06719,0.07008,0.07293,0.07572,0.07845,0.08113,0.08375,0.08631,0.08881,0.09124,0.09361,0.09591,0.09815,0.10032,0.10242,0.10445,0.10641,0.10830,0.11011,0.11186,0.11352,0.11512,0.11664,0.11808,0.11945,0.12075,0.12197,0.12311,0.12417,0.12516,0.12607,0.12690,0.12765,0.12833,0.12893,0.12945,0.12989,0.13026,0.13054,0.13075,0.13088,0.13094,0.13091,0.13081,0.13063,0.13038,0.13004,0.12963,0.12915,0.12858,0.12794,0.12723,0.12644,0.12557,0.12463,0.12362,0.12253,0.12137,0.12013,0.11883,0.11745,0.11600,0.11448,0.11289,0.11123,0.10951,0.10772,0.10586,0.10394,0.10196,0.09991,0.09780,0.09564,0.09341,0.09113,0.08879,0.08640,0.08396,0.08146,0.07892,0.07633,0.07369,0.07102,0.06829,0.06553,0.06273,0.05990,0.05703,0.05412,0.05119,0.04823,0.04524,0.04223,0.03919,0.03613,0.03305,0.02996,0.02685,0.02372,0.02058,0.01743,0.01428,0.01111,0.00794,0.00477,0.00159,NaN
NaN,0.00182,0.00545,0.00908,0.01270,0.01631,0.01991,0.02350,0.02706,0.03061,0.03413,0.03763,0.04109,0.04453,0.04793,0.05129,0.05461,0.05789,0.06113,0.06432,0.06747,0.07056,0.07360,0.07658,0.07951,0.08238,0.08519,0.08794,0.09062,0.09324,0.09580,0.09828,0.10070,0.10304,0.10531,0.10752,0.10964,0.11170,0.11367,0.11558,0.11740,0.11915,0.12082,0.12241,0.12393,0.12536,0.12672,0.12799,0.12918,0.13030,0.13133,0.13228,0.13315,0.13394,0.13465,0.13527,0.13582,0.13628,0.13666,0.13696,0.13718,0.13732,0.13737,0.13735,0.13724,0.13705,0.13678,0.13643,0.13600,0.13549,0.13490,0.13423,0.13348,0.13265,0.13174,0.13076,0.12969,0.12855,0.12733,0.12604,0.12467,0.12322,0.12170,0.12011,0.11844,0.11671,0.11490,0.11302,0.11107,0.10906,0.10697,0.10483,0.10262,0.10034,0.09801,0.09561,0.09316,0.09065,0.08809,0.08547,0.08280,0.08008,0.07731,0.07450,0.07164,0.06875,0.06581,0.06283,0.05982,0.05677,0.05370,0.05059,0.04745,0.04429,0.04110,0.03789,0.03467,0.03142,0.02816,0.02488,0.02159,0.01828,0.01497,0.01165,0.00833,0.00500,0.00167,NaN
NaN,0.00191,0.00572,0.00952,0.01332,0.01711,0.02089,0.02464,0.02838,0.03210,0.03579,0.03946,0.04309,0.04669,0.05026,0.05378,0.05727,0.06071,0.06410,0.06745,0.07074,0.07398,0.07717,0.08030,0.08337,0.08637,0.08932,0.09219,0.09500,0.09775,0.10042,0.10302,0.10555,0.10800,0.11038,0.11269,0.11491,0.11706,0.11913,0.12112,0.12303,0.12486,0.12660,0.12827,0.12985,0.13135,0.13276,0.13409,0.13534,0.13650,0.13758,0.13858,0.13949,0.14031,0.14105,0.14170,0.14227,0.14275,0.14315,0.14346,0.14369,0.14383,0.14389,0.14386,0.14375,0.14355,0.14327,0.14290,0.14245,0.14192,0.14130,0.14059,0.13981,0.13894,0.13799,0.13696,0.13584,0.13465,0.13337,0.13202,0.13059,0.12907,0.12748,0.12581,0.12407,0.12225,0.12036,0.11839,0.11635,0.11424,0.11206,0.10981,0.10749,0.10511,0.10266,0.10015,0.09758,0.09495,0.09227,0.08952,0.08673,0.08388,0.08098,0.07803,0.07504,0.07200,0.06892,0.06580,0.06265,0.05946,0.05623,0.05297,0.04969,0.04638,0.04304,0.03968,0.03630,0.03290,0.02948,0.02605,0.02260,0.01914,0.01567,0.01220,0.00872,0.00523,0.00174,NaN
NaN,0.00200,0.00599,0.00997,0.01395,0.01792,0.02187,0.02581,0.02973,0.03362,0.03749,0.04132,0.04513,0.04890,0.05263,0.05632,0.05997,0.06357,0.06712,0.07063,0.07407,0.07746,0.08080,0.08407,0.08728,0.09042,0.09350,0.09651,0.09945,0.10232,0.10511,0.10783,0.11047,0.11304,0.11553,0.11793,0.12026,0.12250,0.12466,0.12674,0.12873,0.13064,0.13247,0.13420,0.13585,0.13742,0.13889,0.14028,0.14158,0.14280,0.14392,0.14496,0.14591,0.14676,0.14753,0.14822,0.14881,0.14931,0.14972,0.15005,0.15029,0.15043,0.15049,0.15046,0.15034,0.15013,0.14984,0.14945,0.14898,0.14842,0.14778,0.14704,0.14622,0.14531,0.14432,0.14324,0.14208,0.14083,0.13950,0.13808,0.13658,0.13500,0.13334,0.13159,0.12977,0.12787,0.12589,0.12383,0.12170,0.11949,0.11721,0.11486,0.11243,0.10994,0.10738,0.10476,0.10207,0.09932,0.09650,0.09363,0.09071,0.08772,0.08469,0.08161,0.07847,0.07530,0.07208,0.06881,0.06551,0.06217,0.05880,0.05539,0.05195,0.04849,0.04500,0.04148,0.03795,0.03439,0.03082,0.02723,0.02362,0.02001,0.01639,0.01275,0.00911,0.00547,0.00182,NaN
NaN,0.00209,0.00626,0.01043,0.01459,0.01874,0.02288,0.02699,0.03109,0.03516,0.03921,0.04322,0.04720,0.05114,0.05504,0.05890,0.06272,0.06648,0.07020,0.07386,0.07746,0.08100,0.08449,0.08791,0.09126,0.09454,0.09776,0.10090,0.10397,0.10697,0.10988,0.11272,0.11548,0.11815,0.12075,0.12326,0.12569,0.12803,0.13028,0.13245,0.13452,0.13651,0.13841,0.14022,0.14194,0.14357,0.14511,0.14656,0.14791,0.14918,0.15035,0.15143,0.15241,0.15331,0.15411,0.15482,0.15543,0.15596,0.15639,0.15672,0.15697,0.15712,0.15718,0.15715,0.15702,0.15680,0.15650,0.15609,0.15560,0.15502,0.15434,0.15358,0.15272,0.15177,0.15074,0.14961,0.14840,0.14709,0.14570,0.14423,0.14266,0.14101,0.13927,0.13745,0.13555,0.13356,0.13150,0.12935,0.12712,0.12481,0.12243,0.11997,0.11744,0.11484,0.11217,0.10942,0.10661,0.10374,0.10080,0.09780,0.09474,0.09162,0.08845,0.08523,0.08196,0.07864,0.07527,0.07186,0.06841,0.06492,0.06139,0.05784,0.05425,0.05063,0.04698,0.04331,0.03962,0.03590,0.03217,0.02842,0.02466,0.02089,0.01710,0.01331,0.00951,0.00571,0.00190,NaN
NaN,0.00218,0.00654,0.01090,0.01525,0.01958,0.02390,0.02820,0.03248,0.03673,0.04096,0.04515,0.04931,0.05342,0.05750,0.06153,0.06551,0.06944,0.07332,0.07714,0.08090,0.08460,0.08824,0.09181,0.09531,0.09873,0.10209,0.10537,0.10857,0.11169,0.11473,0.11769,0.12056,0.12335,0.12606,0.12867,0.13120,0.13364,0.13598,0.13824,0.14040,0.14247,0.14445,0.14634,0.14813,0.14982,0.15142,0.15293,0.15434,0.15565,0.15687,0.15799,0.15902,0.15994,0.16078,0.16151,0.16215,0.16269,0.16314,0.16349,0.16374,0.16390,0.16396,0.16393,0.16380,0.16357,0.16325,0.16283,0.16231,0.16170,0.16100,0.16020,0.15931,0.15832,0.15724,0.15607,0.15480,0.15345,0.15200,0.15046,0.14882,0.14710,0.14529,0.14340,0.14141,0.13934,0.13718,0.13494,0.13262,0.13022,0.12773,0.12517,0.12253,0.11981,0.11702,0.11416,0.11122,0.10822,0.10515,0.10202,0.09883,0.09558,0.09227,0.08890,0.08549,0.08202,0.07851,0.07495,0.07135,0.06771,0.06403,0.06031,0.05657,0.05279,0.04899,0.04516,0.04131,0.03743,0.03354,0.02963,0.02571,0.02178,0.01783,0.01388,0.00992,0.00595,0.00198,NaN
NaN,0.00228,0.00683,0.01137,0.01591,0.02043,0.02494,0.02943,0.03389,0.03833,0.04274,0.04711,0.05145,0.05575,0.06000,0.06420,0.06836,0.07246,0.07650,0.08049,0.08441,0.08827,0.09206,0.09578,0.09942,0.10300,0.10649,0.10991,0.11324,0.11649,0.11966,0.12274,0.12573,0.12864,0.13145,0.13417,0.13680,0.13934,0.14178,0.14413,0.14638,0.14853,0.15059,0.15254,0.15440,0.15617,0.15783,0.15939,0.16086,0.16222,0.16348,0.16465,0.16571,0.16668,0.16754,0.16830,0.16897,0.16953,0.16999,0.17035,0.17062,0.17078,0.17084,0.17080,0.17067,0.17043,0.17009,0.16965,0.16912,0.16849,0.16775,0.16692,0.16599,0.16497,0.16384,0.16262,0.16130,0.15989,0.15838,0.15678,0.15508,0.15329,0.15140,0.14943,0.14736,0.14520,0.14296,0.14062,0.13820,0.13570,0.13311,0.13044,0.12768,0.12485,0.12194,0.11896,0.11590,0.11277,0.10958,0.10631,0.10298,0.09959,0.09614,0.09263,0.08907,0.08545,0.08179,0.07808,0.07432,0.07053,0.06669,0.06282,0.05892,0.05498,0.05102,0.04703,0.04302,0.03898,0.03493,0.03086,0.02677,0.02267,0.01857,0.01445,0.01033,0.00620,0.00207,NaN
NaN,0.00237,0.00712,0.01186,0.01659,0.02130,0.02600,0.03068,0.03534,0.03996,0.04456,0.04912,0.05364,0.05811,0.06255,0.06693,0.07126,0.07553,0.07975,0.08390,0.08798,0.09200,0.09595,0.09982,0.10362,0.10734,0.11097,0.11453,0.11800,0.12138,0.12468,0.12788,0.13099,0.13401,0.13694,0.13977,0.14250,0.14513,0.14767,0.15011,0.15244,0.15468,0.15682,0.15885,0.16078,0.16261,0.16433,0.16595,0.16747,0.16889,0.17020,0.17141,0.17251,0.17351,0.17440,0.17520,0.17588,0.17647,0.17694,0.17732,0.17759,0.17776,0.17782,0.17778,0.17763,0.17739,0.17704,0.17658,0.17602,0.17537,0.17460,0.17374,0.17277,0.17171,0.17054,0.16927,0.16790,0.16643,0.16486,0.16319,0.16143,0.15956,0.15760,0.15555,0.15340,0.15115,0.14882,0.14639,0.14387,0.14126,0.13857,0.13579,0.13292,0.12997,0.12694,0.12384,0.12065,0.11739,0.11406,0.11066,0.10719,0.10366,0.10007,0.09641,0.09270,0.08894,0.08512,0.08125,0.07734,0.07339,0.06940,0.06537,0.06130,0.05720,0.05308,0.04893,0.04475,0.04055,0.03633,0.03210,0.02785,0.02358,0.01931,0.01503,0.01074,0.00645,0.00215,NaN
NaN,0.00247,0.00741,0.01235,0.01728,0.02219,0.02709,0.03196,0.03681,0.04163,0.04641,0.05116,0.05587,0.06053,0.06514,0.06971,0.07421,0.07866,0.08305,0.08737,0.09162,0.09580,0.09991,0.10394,0.10789,0.11176,0.11554,0.11924,0.12284,0.12636,0.12978,0.13311,0.13635,0.13948,0.14252,0.14546,0.14829,0.15103,0.15366,0.15619,0.15861,0.16093,0.16315,0.16526,0.16726,0.16915,0.17094,0.17262,0.17420,0.17566,0.17702,0.17827,0.17941,0.18045,0.18137,0.18219,0.18290,0.18351,0.18400,0.18439,0.18467,0.18484,0.18490,0.18486,0.18471,0.18445,0.18408,0.18361,0.18303,0.18235,0.18156,0.18066,0.17966,0.17855,0.17733,0.17602,0.17459,0.17307,0.17144,0.16971,0.16787,0.16594,0.16390,0.16177,0.15953,0.15720,0.15477,0.15225,0.14963,0.14692,0.14411,0.14122,0.13824,0.13517,0.13202,0.12879,0.12548,0.12209,0.11862,0.11508,0.11147,0.10780,0.10405,0.10025,0.09639,0.09247,0.08850,0.08448,0.08041,0.07629,0.07214,0.06794,0.06372,0.05945,0.05516,0.05084,0.04650,0.04214,0.03775,0.03335,0.02893,0.02450,0.02006,0.01561,0.01116,0.00670,0.00223,NaN
NaN,0.00257,0.00772,0.01285,0.01798,0.02309,0.02819,0.03326,0.03831,0.04332,0.04830,0.05324,0.05814,0.06299,0.06779,0.07254,0.07723,0.08186,0.08642,0.09091,0.09534,0.09968,0.10395,0.10814,0.11225,0.11626,0.12019,0.12403,0.12778,0.13143,0.13499,0.13844,0.14180,0.14505,0.14820,0.15125,0.15419,0.15703,0.15976,0.16238,0.16489,0.16729,0.16959,0.17177,0.17384,0.17580,0.17766,0.17940,0.18102,0.18254,0.18395,0.18524,0.18642,0.18749,0.18845,0.18930,0.19003,0.19065,0.19116,0.19156,0.19185,0.19203,0.19209,0.19204,0.19189,0.19162,0.19124,0.19075,0.19015,0.18944,0.18861,0.18768,0.18664,0.18549,0.18423,0.18287,0.18139,0.17981,0.17812,0.17632,0.17442,0.17241,0.17030,0.16808,0.16576,0.16334,0.16082,0.15820,0.15548,0.15266,0.14975,0.14674,0.14365,0.14046,0.13718,0.13382,0.13038,0.12685,0.12325,0.11957,0.11582,0.11199,0.10810,0.10415,0.10013,0.09606,0.09193,0.08774,0.08351,0.07924,0.07492,0.07056,0.06616,0.06173,0.05728,0.05279,0.04828,0.04374,0.03919,0.03462,0.03003,0.02543,0.02082,0.01620,0.01158,0.00695,0.00232,NaN
NaN,0.00268,0.00802,0.01337,0.01870,0.02402,0.02932,0.03459,0.03984,0.04505,0.05023,0.05537,0.06046,0.06550,0.07050,0.07543,0.08031,0.08512,0.08986,0.09453,0.09912,0.10364,0.10807,0.11242,0.11669,0.12086,0.12494,0.12892,0.13281,0.13660,0.14029,0.14387,0.14735,0.15072,0.15399,0.15715,0.16019,0.16313,0.16596,0.16867,0.17127,0.17376,0.17613,0.17839,0.18054,0.18257,0.18448,0.18628,0.18797,0.18953,0.19099,0.19232,0.19354,0.19465,0.19564,0.19651,0.19727,0.19791,0.19844,0.19885,0.19915,0.19933,0.19939,0.19934,0.19918,0.19890,0.19850,0.19799,0.19737,0.19663,0.19578,0.19482,0.19374,0.19255,0.19124,0.18983,0.18830,0.18666,0.18491,0.18304,0.18107,0.17899,0.17680,0.17450,0.17209,0.16958,0.16697,0.16425,0.16142,0.15850,0.15548,0.15236,0.14914,0.14583,0.14243,0.13894,0.13536,0.13170,0.12796,0.12413,0.12023,0.11626,0.11222,0.10811,0.10393,0.09970,0.09541,0.09106,0.08666,0.08222,0.07773,0.07321,0.06864,0.06404,0.05941,0.05476,0.05007,0.04537,0.04064,0.03590,0.03114,0.02637,0.02159,0.01680,0.01201,0.00721,0.00240,NaN
NaN,0.00278,0.00834,0.01389,0.01943,0.02496,0.03046,0.03595,0.04140,0.04682,0.05220,0.05754,0.06283,0.06807,0.07326,0.07838,0.08345,0.08844,0.09337,0.09822,0.10299,0.10768,0.11228,0.11679,0.12122,0.12555,0.12978,0.13391,0.13794,0.14187,0.14569,0.14940,0.15301,0.15650,0.15988,0.16315,0.16631,0.16935,0.17227,0.17508,0.17777,0.18034,0.18280,0.18513,0.18735,0.18945,0.19142,0.19328,0.19502,0.19664,0.19814,0.19952,0.20078,0.20192,0.20294,0.20384,0.20462,0.20529,0.20583,0.20625,0.20656,0.20674,0.20681,0.20675,0.20658,0.20629,0.20588,0.20536,0.20471,0.20395,0.20307,0.20207,0.20095,0.19972,0.19837,0.19690,0.19532,0.19362,0.19180,0.18987,0.18783,0.18568,0.18341,0.18102,0.17853,0.17593,0.17322,0.17040,0.16747,0.16444,0.16130,0.15807,0.15473,0.15130,0.14777,0.14415,0.14043,0.13663,0.13274,0.12877,0.12472,0.12060,0.11640,0.11213,0.10779,0.10340,0.09894,0.09443,0.08986,0.08525,0.08059,0.07589,0.07116,0.06639,0.06158,0.05675,0.05190,0.04702,0.04212,0.03720,0.03227,0.02733,0.02237,0.01741,0.01244,0.00747,0.00249,NaN
NaN,0.00289,0.00866,0.01443,0.02018,0.02592,0.03164,0.03733,0.04299,0.04862,0.05421,0.05975,0.06525,0.07069,0.07608,0.08140,0.08666,0.09184,0.09695,0.10198,0.10694,0.11180,0.11657,0.12126,0.12584,0.13033,0.13472,0.13900,0.14318,0.14724,0.15120,0.15504,0.15878,0.16239,0.16589,0.16927,0.17254,0.17568,0.17870,0.18160,0.18438,0.18704,0.18958,0.19199,0.19428,0.19644,0.19849,0.20040,0.20220,0.20387,0.20542,0.20684,0.20814,0.20931,0.21037,0.21129,0.21210,0.21278,0.21334,0.21377,0.21409,0.21428,0.21434,0.21429,0.21411,0.21381,0.21338,0.21284,0.21217,0.21138,0.21047,0.20943,0.20828,0.20700,0.20561,0.20409,0.20245,0.20069,0.19882,0.19682,0.19471,0.19247,0.19013,0.18766,0.18508,0.18238,0.17958,0.17665,0.17362,0.17048,0.16723,0.16388,0.16042,0.15686,0.15320,0.14944,0.14559,0.14164,0.13761,0.13349,0.12929,0.12501,0.12065,0.11622,0.11172,0.10715,0.10253,0.09785,0.09311,0.08832,0.08349,0.07862,0.07371,0.06876,0.06378,0.05877,0.05374,0.04868,0.04361,0.03851,0.03341,0.02829,0.02316,0.01802,0.01288,0.00773,0.00258,NaN
NaN,0.00300,0.00899,0.01497,0.02095,0.02690,0.03284,0.03875,0.04462,0.05046,0.05626,0.06202,0.06772,0.07337,0.07896,0.08448,0.08993,0.09531,0.10062,0.10584,0.11097,0.11601,0.12096,0.12581,0.13057,0.13522,0.13976,0.14419,0.14852,0.15273,0.15682,0.16080,0.16466,0.16840,0.17202,0.17551,0.17888,0.18213,0.18525,0.18825,0.19112,0.19386,0.19648,0.19897,0.20133,0.20356,0.20567,0.20765,0.20950,0.21122,0.21281,0.21428,0.21562,0.21683,0.21791,0.21887,0.21970,0.22040,0.22097,0.22142,0.22174,0.22193,0.22200,0.22194,0.22175,0.22144,0.22100,0.22044,0.21975,0.21893,0.21799,0.21692,0.21573,0.21441,0.21296,0.21140,0.20970,0.20789,0.20595,0.20389,0.20170,0.19939,0.19696,0.19441,0.19174,0.18895,0.18605,0.18302,0.17989,0.17663,0.17327,0.16979,0.16621,0.16252,0.15873,0.15483,0.15084,0.14675,0.14256,0.13829,0.13393,0.12949,0.12497,0.12038,0.11571,0.11097,0.10618,0.10132,0.09641,0.09144,0.08643,0.08138,0.07629,0.07116,0.06600,0.06082,0.05560,0.05037,0.04511,0.03984,0.03456,0.02926,0.02395,0.01864,0.01332,0.00799,0.00266,NaN
NaN,0.00311,0.00933,0.01553,0.02173,0.02791,0.03406,0.04019,0.04629,0.05235,0.05837,0.06433,0.07025,0.07611,0.08190,0.08763,0.09329,0.09887,0.10436,0.10977,0.11509,0.12032,0.12545,0.13047,0.13540,0.14021,0.14491,0.14950,0.15397,0.15833,0.16256,0.16668,0.17066,0.17453,0.17827,0.18188,0.18536,0.18871,0.19193,0.19502,0.19798,0.20081,0.20351,0.20608,0.20851,0.21081,0.21298,0.21502,0.21693,0.21870,0.22034,0.22185,0.22323,0.22447,0.22559,0.22657,0.22742,0.22814,0.22873,0.22919,0.22952,0.22972,0.22978,0.22972,0.22953,0.22920,0.22875,0.22816,0.22745,0.22661,0.22563,0.22453,0.22330,0.22194,0.22045,0.21883,0.21708,0.21521,0.21320,0.21107,0.20881,0.20643,0.20392,0.20128,0.19852,0.19564,0.19263,0.18951,0.18626,0.18290,0.17941,0.17582,0.17211,0.16829,0.16436,0.16032,0.15618,0.15194,0.14761,0.14318,0.13866,0.13406,0.12937,0.12460,0.11976,0.11486,0.10988,0.10485,0.09975,0.09461,0.08942,0.08418,0.07891,0.07360,0.06826,0.06289,0.05749,0.05207,0.04664,0.04118,0.03572,0.03024,0.02476,0.01926,0.01376,0.00826,0.00275,NaN
NaN,0.00322,0.00967,0.01610,0.02253,0.02894,0.03532,0.04167,0.04799,0.05428,0.06051,0.06670,0.07284,0.07891,0.08492,0.09086,0.09672,0.10250,0.10819,0.11380,0.11931,0.12472,0.13003,0.13524,0.14033,0.14531,0.15018,0.15492,0.15955,0.16405,0.16843,0.17267,0.17679,0.18078,0.18464,0.18837,0.19196,0.19542,0.19874,0.20193,0.20498,0.20790,0.21068,0.21332,0.21583,0.21820,0.22043,0.22253,0.22449,0.22631,0.22800,0.22955,0.23097,0.23225,0.23339,0.23440,0.23528,0.23602,0.23662,0.23709,0.23743,0.23763,0.23770,0.23763,0.23743,0.23709,0.23662,0.23602,0.23529,0.23441,0.23341,0.23227,0.23100,0.22960,0.22806,0.22639,0.22459,0.22265,0.22059,0.21839,0.21606,0.21359,0.21100,0.20828,0.20543,0.20245,0.19934,0.19611,0.19276,0.18928,0.18567,0.18195,0.17811,0.17416,0.17009,0.16591,0.16163,0.15724,0.15275,0.14816,0.14348,0.13870,0.13385,0.12891,0.12389,0.11880,0.11365,0.10843,0.10315,0.09783,0.09245,0.08703,0.08156,0.07607,0.07054,0.06498,0.05940,0.05380,0.04818,0.04254,0.03689,0.03123,0.02557,0.01989,0.01421,0.00853,0.00284,NaN
NaN,0.00334,0.01002,0.01669,0.02335,0.02998,0.03660,0.04319,0.04974,0.05625,0.06271,0.06913,0.07548,0.08178,0.08800,0.09416,0.10023,0.10622,0.11212,0.11792,0.12363,0.12923,0.13473,0.14011,0.14538,0.15053,0.15556,0.16047,0.16525,0.16990,0.17441,0.17880,0.18305,0.18717,0.19115,0.19499,0.19870,0.20226,0.20568,0.20897,0.21211,0.21511,0.21798,0.22070,0.22328,0.22571,0.22801,0.23017,0.23218,0.23406,0.23579,0.23739,0.23884,0.24016,0.24134,0.24237,0.24327,0.24403,0.24465,0.24513,0.24547,0.24568,0.24575,0.24568,0.24547,0.24512,0.24464,0.24401,0.24325,0.24236,0.24132,0.24015,0.23884,0.23739,0.23581,0.23409,0.23223,0.23023,0.22810,0.22583,0.22343,0.22089,0.21821,0.21541,0.21246,0.20939,0.20618,0.20284,0.19937,0.19578,0.19205,0.18821,0.18424,0.18015,0.17594,0.17161,0.16718,0.16263,0.15798,0.15323,0.14838,0.14344,0.13840,0.13329,0.12809,0.12282,0.11748,0.11207,0.10661,0.10109,0.09552,0.08991,0.08425,0.07857,0.07285,0.06710,0.06133,0.05554,0.04973,0.04391,0.03808,0.03223,0.02638,0.02052,0.01466,0.00880,0.00293,NaN
NaN,0.00346,0.01038,0.01729,0.02418,0.03106,0.03791,0.04473,0.05152,0.05827,0.06496,0.07161,0.07819,0.08471,0.09116,0.09753,0.10382,0.11003,0.11613,0.12214,0.12805,0.13385,0.13953,0.14510,0.15055,0.15587,0.16107,0.16614,0.17107,0.17587,0.18054,0.18506,0.18945,0.19369,0.19780,0.20176,0.20557,0.20924,0.21277,0.21615,0.21938,0.22247,0.22542,0.22821,0.23087,0.23337,0.23573,0.23795,0.24002,0.24195,0.24373,0.24537,0.24686,0.24821,0.24942,0.25048,0.25140,0.25218,0.25281,0.25331,0.25366,0.25387,0.25393,0.25386,0.25364,0.25328,0.25278,0.25214,0.25136,0.25043,0.24937,0.24816,0.24681,0.24532,0.24369,0.24192,0.24000,0.23795,0.23575,0.23341,0.23094,0.22832,0.22556,0.22266,0.21963,0.21646,0.21315,0.20970,0.20612,0.20240,0.19856,0.19458,0.19048,0.18625,0.18190,0.17743,0.17284,0.16813,0.16332,0.15840,0.15338,0.14826,0.14305,0.13775,0.13236,0.12690,0.12137,0.11577,0.11012,0.10440,0.09864,0.09283,0.08698,0.08110,0.07518,0.06924,0.06328,0.05730,0.05130,0.04529,0.03927,0.03324,0.02720,0.02116,0.01512,0.00907,0.00302,NaN
NaN,0.00358,0.01074,0.01790,0.02504,0.03216,0.03925,0.04632,0.05334,0.06033,0.06727,0.07415,0.08097,0.08772,0.09440,0.10100,0.10751,0.11393,0.12025,0.12647,0.13258,0.13857,0.14445,0.15021,0.15584,0.16134,0.16671,0.17194,0.17703,0.18199,0.18680,0.19146,0.19599,0.20036,0.20459,0.20866,0.21259,0.21637,0.22000,0.22347,0.22680,0.22998,0.23300,0.23588,0.23860,0.24118,0.24360,0.24588,0.24800,0.24998,0.25181,0.25349,0.25502,0.25640,0.25764,0.25873,0.25967,0.26047,0.26112,0.26162,0.26198,0.26219,0.26226,0.26218,0.26196,0.26159,0.26107,0.26041,0.25961,0.25865,0.25756,0.25631,0.25493,0.25339,0.25171,0.24989,0.24792,0.24580,0.24354,0.24114,0.23858,0.23589,0.23305,0.23006,0.22693,0.22366,0.22025,0.21669,0.21300,0.20916,0.20519,0.20109,0.19685,0.19248,0.18798,0.18335,0.17861,0.17374,0.16876,0.16367,0.15847,0.15317,0.14778,0.14229,0.13671,0.13106,0.12533,0.11954,0.11368,0.10776,0.10180,0.09579,0.08974,0.08366,0.07754,0.07141,0.06525,0.05907,0.05288,0.04668,0.04047,0.03425,0.02803,0.02181,0.01558,0.00935,0.00312,NaN
NaN,0.00371,0.01112,0.01852,0.02591,0.03328,0.04062,0.04794,0.05521,0.06244,0.06962,0.07675,0.08381,0.09080,0.09771,0.10454,0.11128,0.11793,0.12447,0.13090,0.13722,0.14342,0.14950,0.15544,0.16126,0.16694,0.17248,0.17788,0.18314,0.18824,0.19320,0.19801,0.20267,0.20717,0.21152,0.21572,0.21976,0.22365,0.22738,0.23095,0.23437,0.23763,0.24074,0.24369,0.24649,0.24913,0.25162,0.25395,0.25613,0.25816,0.26003,0.26176,0.26333,0.26474,0.26601,0.26713,0.26809,0.26891,0.26957,0.27009,0.27045,0.27067,0.27074,0.27065,0.27042,0.27004,0.26951,0.26883,0.26800,0.26702,0.26589,0.26461,0.26319,0.26161,0.25988,0.25801,0.25598,0.25381,0.25148,0.24900,0.24638,0.24360,0.24068,0.23760,0.23438,0.23101,0.22749,0.22383,0.22002,0.21606,0.21196,0.20773,0.20335,0.19883,0.19419,0.18941,0.18450,0.17947,0.17432,0.16905,0.16367,0.15818,0.15260,0.14692,0.14114,0.13529,0.12936,0.12336,0.11730,0.11118,0.10501,0.09879,0.09253,0.08625,0.07993,0.07359,0.06723,0.06086,0.05447,0.04808,0.04168,0.03527,0.02886,0.02245,0.01604,0.00962,0.00321,NaN
NaN,0.00383,0.01150,0.01916,0.02680,0.03443,0.04203,0.04959,0.05712,0.06461,0.07204,0.07941,0.08672,0.09396,0.10111,0.10818,0.11516,0.12203,0.12879,0.13545,0.14198,0.14839,0.15467,0.16081,0.16682,0.17268,0.17840,0.18397,0.18938,0.19465,0.19976,0.20471,0.20951,0.21414,0.21862,0.22293,0.22709,0.23108,0.23491,0.23858,0.24209,0.24544,0.24863,0.25166,0.25453,0.25724,0.25979,0.26218,0.26442,0.26649,0.26841,0.27018,0.27179,0.27324,0.27453,0.27568,0.27666,0.27750,0.27818,0.27870,0.27907,0.27929,0.27936,0.27927,0.27903,0.27864,0.27809,0.27739,0.27654,0.27553,0.27438,0.27306,0.27160,0.26998,0.26820,0.26628,0.26419,0.26196,0.25957,0.25702,0.25432,0.25147,0.24846,0.24529,0.24198,0.23851,0.23488,0.23111,0.22718,0.22310,0.21888,0.21450,0.20999,0.20533,0.20053,0.19559,0.19052,0.18531,0.17999,0.17454,0.16897,0.16330,0.15751,0.15163,0.14566,0.13960,0.13346,0.12725,0.12097,0.11464,0.10826,0.10183,0.09536,0.08886,0.08234,0.07580,0.06923,0.06266,0.05608,0.04949,0.04289,0.03629,0.02970,0.02310,0.01650,0.00990,0.00330,NaN
NaN,0.00396,0.01189,0.01981,0.02772,0.03560,0.04346,0.05129,0.05908,0.06682,0.07451,0.08214,0.08971,0.09719,0.10460,0.11191,0.11913,0.12624,0.13324,0.14011,0.14687,0.15349,0.15997,0.16632,0.17252,0.17857,0.18446,0.19020,0.19579,0.20121,0.20647,0.21157,0.21650,0.22127,0.22587,0.23031,0.23457,0.23868,0.24261,0.24638,0.24998,0.25341,0.25669,0.25979,0.26273,0.26551,0.26812,0.27057,0.27286,0.27498,0.27695,0.27876,0.28040,0.28188,0.28321,0.28438,0.28539,0.28624,0.28693,0.28747,0.28785,0.28807,0.28813,0.28804,0.28780,0.28739,0.28683,0.28611,0.28524,0.28420,0.28301,0.28167,0.28016,0.27850,0.27668,0.27470,0.27256,0.27026,0.26781,0.26519,0.26242,0.25948,0.25639,0.25314,0.24973,0.24615,0.24242,0.23854,0.23449,0.23029,0.22593,0.22143,0.21677,0.21196,0.20700,0.20190,0.19666,0.19129,0.18578,0.18014,0.17439,0.16851,0.16253,0.15644,0.15026,0.14399,0.13763,0.13120,0.12471,0.11815,0.11155,0.10490,0.09822,0.09151,0.08477,0.07802,0.07125,0.06447,0.05768,0.05090,0.04411,0.03732,0.03053,0.02374,0.01696,0.01017,0.00339,NaN
NaN,0.00410,0.01229,0.02048,0.02865,0.03680,0.04493,0.05302,0.06108,0.06909,0.07705,0.08494,0.09277,0.10052,0.10818,0.11574,0.12321,0.13056,0.13780,0.14491,0.15188,0.15872,0.16542,0.17197,0.17837,0.18460,0.19068,0.19660,0.20235,0.20793,0.21335,0.21859,0.22366,0.22856,0.23329,0.23785,0.24223,0.24644,0.25047,0.25434,0.25803,0.26155,0.26490,0.26808,0.27110,0.27394,0.27661,0.27912,0.28146,0.28364,0.28565,0.28749,0.28917,0.29069,0.29205,0.29324,0.29427,0.29514,0.29585,0.29639,0.29678,0.29700,0.29707,0.29697,0.29672,0.29630,0.29572,0.29499,0.29409,0.29303,0.29181,0.29043,0.28888,0.28718,0.28531,0.28328,0.28109,0.27873,0.27621,0.27352,0.27068,0.26766,0.26448,0.26114,0.25763,0.25396,0.25012,0.24612,0.24196,0.23763,0.23315,0.22850,0.22370,0.21873,0.21362,0.20836,0.20295,0.19739,0.19170,0.18587,0.17992,0.17384,0.16765,0.16135,0.15495,0.14845,0.14188,0.13522,0.12850,0.12172,0.11489,0.10802,0.10111,0.09417,0.08722,0.08025,0.07327,0.06628,0.05929,0.05231,0.04532,0.03834,0.03136,0.02439,0.01742,0.01045,0.00348,NaN
NaN,0.00423,0.01270,0.02116,0.02960,0.03802,0.04642,0.05479,0.06313,0.07141,0.07964,0.08781,0.09591,0.10392,0.11185,0.11968,0.12740,0.13500,0.14248,0.14983,0.15704,0.16410,0.17102,0.17777,0.18437,0.19080,0.19707,0.20316,0.20908,0.21483,0.22039,0.22579,0.23100,0.23603,0.24088,0.24556,0.25005,0.25437,0.25851,0.26247,0.26625,0.26986,0.27329,0.27655,0.27963,0.28254,0.28527,0.28784,0.29023,0.29245,0.29451,0.29639,0.29811,0.29966,0.30104,0.30226,0.30331,0.30420,0.30492,0.30548,0.30587,0.30610,0.30616,0.30606,0.30580,0.30537,0.30478,0.30402,0.30310,0.30201,0.30076,0.29935,0.29777,0.29602,0.29411,0.29202,0.28978,0.28736,0.28477,0.28202,0.27910,0.27600,0.27274,0.26931,0.26571,0.26193,0.25799,0.25387,0.24959,0.24514,0.24052,0.23573,0.23078,0.22567,0.22039,0.21496,0.20937,0.20363,0.19775,0.19173,0.18557,0.17928,0.17288,0.16636,0.15973,0.15301,0.14620,0.13931,0.13235,0.12534,0.11827,0.11116,0.10402,0.09686,0.08968,0.08249,0.07530,0.06810,0.06091,0.05372,0.04653,0.03936,0.03219,0.02503,0.01787,0.01072,0.00357,NaN
NaN,0.00437,0.01311,0.02185,0.03057,0.03927,0.04795,0.05660,0.06522,0.07379,0.08230,0.09075,0.09913,0.10742,0.11562,0.12372,0.13170,0.13957,0.14730,0.15489,0.16234,0.16963,0.17677,0.18374,0.19054,0.19717,0.20362,0.20990,0.21599,0.22190,0.22762,0.23316,0.23851,0.24368,0.24866,0.25345,0.25806,0.26248,0.26672,0.27078,0.27465,0.27834,0.28185,0.28518,0.28833,0.29131,0.29410,0.29672,0.29917,0.30144,0.30354,0.30546,0.30722,0.30880,0.31021,0.31145,0.31252,0.31343,0.31416,0.31473,0.31512,0.31536,0.31542,0.31531,0.31504,0.31460,0.31400,0.31322,0.31228,0.31117,0.30989,0.30844,0.30682,0.30503,0.30307,0.30094,0.29863,0.29616,0.29351,0.29069,0.28769,0.28452,0.28117,0.27765,0.27395,0.27007,0.26602,0.26179,0.25739,0.25281,0.24806,0.24313,0.23803,0.23276,0.22732,0.22171,0.21595,0.21002,0.20395,0.19772,0.19135,0.18485,0.17822,0.17147,0.16461,0.15765,0.15060,0.14346,0.13626,0.12900,0.12169,0.11434,0.10696,0.09957,0.09216,0.08474,0.07732,0.06991,0.06251,0.05512,0.04774,0.04037,0.03301,0.02566,0.01832,0.01099,0.00366,NaN
NaN,0.00451,0.01353,0.02255,0.03156,0.04054,0.04951,0.05845,0.06736,0.07621,0.08502,0.09376,0.10243,0.11101,0.11949,0.12787,0.13613,0.14426,0.15226,0.16010,0.16779,0.17533,0.18269,0.18988,0.19689,0.20371,0.21036,0.21681,0.22308,0.22915,0.23503,0.24072,0.24621,0.25151,0.25662,0.26153,0.26625,0.27078,0.27512,0.27927,0.28323,0.28701,0.29060,0.29400,0.29722,0.30026,0.30311,0.30579,0.30828,0.31060,0.31274,0.31470,0.31649,0.31810,0.31954,0.32081,0.32190,0.32282,0.32357,0.32414,0.32455,0.32478,0.32484,0.32473,0.32446,0.32400,0.32338,0.32259,0.32162,0.32049,0.31918,0.31769,0.31604,0.31421,0.31220,0.31002,0.30766,0.30513,0.30242,0.29953,0.29646,0.29321,0.28977,0.28616,0.28237,0.27839,0.27423,0.26989,0.26537,0.26066,0.25577,0.25070,0.24545,0.24002,0.23441,0.22863,0.22268,0.21657,0.21029,0.20385,0.19727,0.19054,0.18368,0.17669,0.16959,0.16238,0.15508,0.14769,0.14023,0.13271,0.12515,0.11755,0.10992,0.10228,0.09464,0.08699,0.07935,0.07172,0.06410,0.05651,0.04893,0.04136,0.03382,0.02629,0.01877,0.01126,0.00375,NaN
NaN,0.00465,0.01396,0.02326,0.03256,0.04184,0.05110,0.06033,0.06954,0.07870,0.08780,0.09685,0.10582,0.11470,0.12348,0.13215,0.14069,0.14910,0.15736,0.16547,0.17341,0.18118,0.18878,0.19619,0.20341,0.21044,0.21728,0.22392,0.23036,0.23660,0.24263,0.24847,0.25410,0.25953,0.26477,0.26980,0.27463,0.27927,0.28371,0.28795,0.29200,0.29586,0.29952,0.30300,0.30629,0.30939,0.31230,0.31503,0.31757,0.31994,0.32212,0.32412,0.32594,0.32759,0.32905,0.33034,0.33145,0.33239,0.33315,0.33373,0.33414,0.33438,0.33444,0.33433,0.33404,0.33358,0.33294,0.33213,0.33114,0.32998,0.32864,0.32712,0.32543,0.32356,0.32151,0.31928,0.31687,0.31428,0.31150,0.30854,0.30540,0.30207,0.29856,0.29486,0.29097,0.28689,0.28263,0.27817,0.27353,0.26869,0.26366,0.25845,0.25305,0.24746,0.24168,0.23572,0.22958,0.22327,0.21679,0.21014,0.20333,0.19637,0.18927,0.18203,0.17468,0.16721,0.15964,0.15198,0.14426,0.13647,0.12864,0.12078,0.11290,0.10501,0.09711,0.08923,0.08136,0.07351,0.06568,0.05788,0.05010,0.04235,0.03461,0.02690,0.01920,0.01152,0.00384,NaN
NaN,0.00480,0.01439,0.02399,0.03357,0.04315,0.05271,0.06225,0.07176,0.08123,0.09065,0.10001,0.10929,0.11848,0.12757,0.13654,0.14538,0.15408,0.16262,0.17100,0.17920,0.18722,0.19505,0.20269,0.21013,0.21737,0.22440,0.23122,0.23784,0.24424,0.25044,0.25642,0.26220,0.26776,0.27312,0.27827,0.28321,0.28795,0.29249,0.29683,0.30096,0.30490,0.30864,0.31219,0.31554,0.31870,0.32167,0.32445,0.32705,0.32946,0.33168,0.33372,0.33557,0.33724,0.33874,0.34005,0.34118,0.34213,0.34290,0.34349,0.34391,0.34415,0.34421,0.34409,0.34380,0.34332,0.34267,0.34184,0.34084,0.33965,0.33828,0.33673,0.33500,0.33309,0.33100,0.32872,0.32626,0.32361,0.32077,0.31775,0.31453,0.31113,0.30753,0.30374,0.29976,0.29558,0.29121,0.28664,0.28187,0.27691,0.27175,0.26639,0.26083,0.25508,0.24913,0.24299,0.23666,0.23015,0.22345,0.21658,0.20954,0.20234,0.19499,0.18750,0.17987,0.17213,0.16429,0.15635,0.14834,0.14028,0.13217,0.12403,0.11588,0.10773,0.09958,0.09145,0.08335,0.07528,0.06723,0.05922,0.05125,0.04330,0.03539,0.02750,0.01963,0.01177,0.00392,NaN
NaN,0.00494,0.01483,0.02472,0.03460,0.04448,0.05434,0.06420,0.07402,0.08382,0.09356,0.10325,0.11286,0.12237,0.13178,0.14107,0.15022,0.15921,0.16805,0.17670,0.18517,0.19345,0.20152,0.20939,0.21705,0.22450,0.23173,0.23874,0.24553,0.25210,0.25845,0.26459,0.27050,0.27620,0.28168,0.28694,0.29200,0.29684,0.30147,0.30590,0.31012,0.31414,0.31795,0.32157,0.32499,0.32821,0.33123,0.33407,0.33671,0.33916,0.34142,0.34350,0.34538,0.34708,0.34860,0.34993,0.35108,0.35205,0.35283,0.35344,0.35386,0.35410,0.35416,0.35404,0.35373,0.35325,0.35259,0.35174,0.35071,0.34950,0.34810,0.34652,0.34476,0.34281,0.34067,0.33834,0.33583,0.33313,0.33023,0.32714,0.32386,0.32038,0.31670,0.31282,0.30875,0.30447,0.29999,0.29531,0.29042,0.28533,0.28003,0.27452,0.26881,0.26290,0.25677,0.25045,0.24393,0.23721,0.23029,0.22320,0.21592,0.20847,0.20086,0.19309,0.18519,0.17716,0.16902,0.16079,0.15249,0.14413,0.13572,0.12730,0.11886,0.11044,0.10203,0.09365,0.08531,0.07701,0.06875,0.06054,0.05237,0.04423,0.03614,0.02807,0.02004,0.01201,0.00400,NaN
NaN,0.00509,0.01527,0.02545,0.03563,0.04581,0.05599,0.06616,0.07632,0.08645,0.09653,0.10656,0.11651,0.12637,0.13612,0.14574,0.15521,0.16452,0.17365,0.18259,0.19133,0.19987,0.20820,0.21631,0.22419,0.23185,0.23928,0.24648,0.25345,0.26018,0.26669,0.27297,0.27902,0.28485,0.29045,0.29583,0.30099,0.30594,0.31066,0.31518,0.31949,0.32358,0.32747,0.33115,0.33463,0.33791,0.34099,0.34387,0.34656,0.34905,0.35135,0.35346,0.35538,0.35711,0.35865,0.36000,0.36117,0.36215,0.36295,0.36356,0.36398,0.36423,0.36429,0.36416,0.36385,0.36336,0.36268,0.36182,0.36077,0.35953,0.35811,0.35650,0.35470,0.35271,0.35053,0.34816,0.34559,0.34284,0.33988,0.33673,0.33337,0.32982,0.32606,0.32210,0.31793,0.31356,0.30897,0.30418,0.29917,0.29395,0.28852,0.28287,0.27700,0.27092,0.26462,0.25811,0.25139,0.24446,0.23732,0.22999,0.22246,0.21475,0.20687,0.19883,0.19063,0.18230,0.17386,0.16531,0.15669,0.14801,0.13930,0.13057,0.12184,0.11313,0.10445,0.09582,0.08723,0.07870,0.07022,0.06181,0.05344,0.04513,0.03686,0.02863,0.02043,0.01225,0.00408,NaN
NaN,0.00523,0.01570,0.02617,0.03666,0.04715,0.05765,0.06815,0.07864,0.08912,0.09956,0.10995,0.12026,0.13048,0.14059,0.15055,0.16036,0.17000,0.17944,0.18868,0.19771,0.20651,0.21509,0.22344,0.23155,0.23942,0.24706,0.25444,0.26159,0.26849,0.27516,0.28158,0.28777,0.29372,0.29944,0.30494,0.31020,0.31525,0.32007,0.32467,0.32906,0.33323,0.33719,0.34093,0.34447,0.34781,0.35094,0.35387,0.35660,0.35914,0.36148,0.36362,0.36557,0.36732,0.36889,0.37026,0.37144,0.37244,0.37324,0.37386,0.37429,0.37454,0.37460,0.37447,0.37415,0.37365,0.37296,0.37208,0.37101,0.36975,0.36830,0.36666,0.36483,0.36280,0.36058,0.35817,0.35555,0.35274,0.34973,0.34651,0.34309,0.33947,0.33563,0.33158,0.32733,0.32285,0.31817,0.31326,0.30814,0.30279,0.29722,0.29143,0.28541,0.27916,0.27268,0.26598,0.25906,0.25191,0.24455,0.23697,0.22919,0.22122,0.21305,0.20471,0.19621,0.18756,0.17878,0.16991,0.16095,0.15194,0.14289,0.13384,0.12480,0.11579,0.10683,0.09793,0.08909,0.08033,0.07164,0.06302,0.05447,0.04598,0.03754,0.02915,0.02079,0.01247,0.00415,NaN
NaN,0.00537,0.01613,0.02689,0.03767,0.04848,0.05930,0.07013,0.08098,0.09182,0.10264,0.11341,0.12411,0.13471,0.14519,0.15553,0.16569,0.17567,0.18543,0.19498,0.20430,0.21338,0.22222,0.23081,0.23915,0.24724,0.25508,0.26265,0.26998,0.27704,0.28386,0.29043,0.29675,0.30282,0.30866,0.31427,0.31964,0.32478,0.32969,0.33438,0.33885,0.34309,0.34711,0.35093,0.35452,0.35791,0.36109,0.36407,0.36684,0.36942,0.37179,0.37397,0.37595,0.37773,0.37932,0.38071,0.38191,0.38291,0.38373,0.38436,0.38479,0.38504,0.38510,0.38496,0.38464,0.38413,0.38343,0.38253,0.38144,0.38016,0.37868,0.37701,0.37515,0.37309,0.37083,0.36837,0.36571,0.36285,0.35978,0.35651,0.35302,0.34932,0.34541,0.34128,0.33693,0.33237,0.32758,0.32257,0.31733,0.31186,0.30615,0.30021,0.29404,0.28762,0.28097,0.27407,0.26694,0.25958,0.25199,0.24416,0.23612,0.22787,0.21941,0.21076,0.20193,0.19294,0.18382,0.17458,0.16526,0.15589,0.14649,0.13709,0.12772,0.11840,0.10915,0.09997,0.09089,0.08189,0.07298,0.06417,0.05543,0.04677,0.03817,0.02963,0.02114,0.01267,0.00422,NaN
NaN,0.00551,0.01654,0.02759,0.03867,0.04978,0.06093,0.07211,0.08332,0.09454,0.10576,0.11693,0.12805,0.13906,0.14995,0.16067,0.17121,0.18154,0.19165,0.20151,0.21113,0.22049,0.22959,0.23843,0.24701,0.25532,0.26335,0.27112,0.27862,0.28585,0.29281,0.29952,0.30597,0.31217,0.31812,0.32383,0.32930,0.33454,0.33954,0.34431,0.34885,0.35317,0.35726,0.36113,0.36478,0.36822,0.37145,0.37447,0.37729,0.37990,0.38231,0.38452,0.38652,0.38833,0.38994,0.39135,0.39256,0.39358,0.39441,0.39504,0.39548,0.39573,0.39579,0.39565,0.39532,0.39480,0.39409,0.39317,0.39207,0.39076,0.38926,0.38756,0.38567,0.38357,0.38127,0.37878,0.37607,0.37316,0.37004,0.36671,0.36316,0.35939,0.35540,0.35119,0.34676,0.34210,0.33721,0.33209,0.32674,0.32115,0.31532,0.30924,0.30291,0.29633,0.28949,0.28241,0.27507,0.26748,0.25965,0.25158,0.24327,0.23473,0.22596,0.21699,0.20781,0.19846,0.18896,0.17934,0.16963,0.15987,0.15008,0.14032,0.13059,0.12094,0.11138,0.10193,0.09258,0.08335,0.07424,0.06523,0.05632,0.04750,0.03875,0.03007,0.02144,0.01285,0.00428,NaN
NaN,0.00564,0.01694,0.02826,0.03963,0.05105,0.06252,0.07406,0.08565,0.09728,0.10891,0.12053,0.13208,0.14354,0.15486,0.16601,0.17695,0.18765,0.19811,0.20830,0.21822,0.22786,0.23723,0.24632,0.25513,0.26366,0.27190,0.27986,0.28753,0.29492,0.30203,0.30887,0.31544,0.32176,0.32782,0.33363,0.33920,0.34453,0.34962,0.35447,0.35909,0.36347,0.36762,0.37155,0.37525,0.37874,0.38201,0.38508,0.38793,0.39058,0.39303,0.39527,0.39730,0.39913,0.40076,0.40219,0.40341,0.40444,0.40527,0.40591,0.40636,0.40661,0.40667,0.40653,0.40620,0.40567,0.40494,0.40402,0.40289,0.40156,0.40004,0.39831,0.39638,0.39425,0.39192,0.38938,0.38664,0.38369,0.38052,0.37713,0.37352,0.36968,0.36562,0.36133,0.35681,0.35206,0.34708,0.34186,0.33640,0.33069,0.32473,0.31851,0.31203,0.30529,0.29827,0.29099,0.28344,0.27563,0.26756,0.25923,0.25064,0.24181,0.23273,0.22341,0.21388,0.20414,0.19423,0.18419,0.17405,0.16386,0.15366,0.14349,0.13339,0.12339,0.11351,0.10377,0.09417,0.08471,0.07538,0.06619,0.05712,0.04815,0.03927,0.03046,0.02172,0.01301,0.00434,NaN
NaN,0.00577,0.01731,0.02889,0.04053,0.05225,0.06406,0.07596,0.08794,0.09999,0.11209,0.12418,0.13622,0.14816,0.15996,0.17155,0.18292,0.19401,0.20483,0.21535,0.22558,0.23551,0.24515,0.25449,0.26354,0.27229,0.28073,0.28888,0.29672,0.30427,0.31152,0.31848,0.32517,0.33160,0.33777,0.34368,0.34935,0.35477,0.35994,0.36487,0.36956,0.37401,0.37821,0.38219,0.38594,0.38947,0.39279,0.39589,0.39878,0.40147,0.40395,0.40622,0.40828,0.41014,0.41178,0.41322,0.41446,0.41550,0.41634,0.41698,0.41743,0.41768,0.41774,0.41760,0.41727,0.41673,0.41600,0.41506,0.41391,0.41257,0.41101,0.40926,0.40730,0.40514,0.40277,0.40020,0.39742,0.39442,0.39121,0.38777,0.38410,0.38020,0.37607,0.37170,0.36710,0.36226,0.35718,0.35186,0.34630,0.34048,0.33440,0.32805,0.32142,0.31451,0.30732,0.29984,0.29208,0.28404,0.27572,0.26713,0.25827,0.24913,0.23973,0.23006,0.22014,0.20999,0.19964,0.18914,0.17853,0.16787,0.15720,0.14660,0.13609,0.12572,0.11550,0.10546,0.09560,0.08592,0.07640,0.06703,0.05781,0.04871,0.03971,0.03080,0.02195,0.01315,0.00438,NaN
NaN,0.00587,0.01764,0.02946,0.04136,0.05336,0.06549,0.07776,0.09016,0.10267,0.11526,0.12787,0.14046,0.15294,0.16525,0.17734,0.18915,0.20066,0.21184,0.22270,0.23324,0.24345,0.25336,0.26296,0.27224,0.28122,0.28987,0.29820,0.30622,0.31391,0.32129,0.32837,0.33517,0.34170,0.34796,0.35397,0.35974,0.36525,0.37051,0.37552,0.38027,0.38478,0.38904,0.39306,0.39685,0.40042,0.40377,0.40691,0.40984,0.41257,0.41508,0.41738,0.41947,0.42135,0.42301,0.42446,0.42571,0.42675,0.42760,0.42824,0.42869,0.42895,0.42901,0.42887,0.42854,0.42800,0.42726,0.42630,0.42514,0.42377,0.42219,0.42041,0.41842,0.41623,0.41383,0.41123,0.40841,0.40538,0.40213,0.39864,0.39492,0.39095,0.38675,0.38230,0.37761,0.37269,0.36752,0.36211,0.35645,0.35053,0.34434,0.33787,0.33110,0.32403,0.31665,0.30897,0.30100,0.29272,0.28416,0.27531,0.26617,0.25673,0.24700,0.23696,0.22664,0.21605,0.20521,0.19420,0.18306,0.17186,0.16069,0.14960,0.13865,0.12788,0.11732,0.10698,0.09686,0.08696,0.07726,0.06774,0.05838,0.04916,0.04006,0.03106,0.02213,0.01326,0.00442,NaN
NaN,0.00597,0.01792,0.02994,0.04207,0.05434,0.06679,0.07942,0.09225,0.10525,0.11839,0.13160,0.14479,0.15788,0.17078,0.18341,0.19570,0.20764,0.21919,0.23038,0.24121,0.25171,0.26188,0.27173,0.28126,0.29047,0.29933,0.30786,0.31603,0.32386,0.33136,0.33855,0.34544,0.35206,0.35841,0.36452,0.37037,0.37598,0.38132,0.38641,0.39123,0.39580,0.40010,0.40416,0.40798,0.41158,0.41497,0.41814,0.42111,0.42387,0.42642,0.42876,0.43087,0.43277,0.43445,0.43591,0.43716,0.43821,0.43905,0.43970,0.44015,0.44041,0.44048,0.44035,0.44001,0.43947,0.43872,0.43776,0.43658,0.43518,0.43358,0.43176,0.42974,0.42752,0.42509,0.42246,0.41962,0.41656,0.41327,0.40975,0.40597,0.40195,0.39767,0.39314,0.38837,0.38336,0.37811,0.37261,0.36687,0.36086,0.35457,0.34798,0.34108,0.33385,0.32629,0.31841,0.31021,0.30170,0.29289,0.28378,0.27436,0.26463,0.25457,0.24416,0.23342,0.22234,0.21098,0.19938,0.18764,0.17584,0.16408,0.15245,0.14101,0.12982,0.11890,0.10826,0.09790,0.08780,0.07793,0.06828,0.05881,0.04950,0.04032,0.03125,0.02227,0.01334,0.00444,NaN
NaN,0.00604,0.01814,0.03032,0.04264,0.05514,0.06788,0.08088,0.09416,0.10770,0.12145,0.13533,0.14924,0.16303,0.17659,0.18981,0.20263,0.21499,0.22692,0.23841,0.24952,0.26028,0.27071,0.28082,0.29060,0.30005,0.30914,0.31786,0.32619,0.33415,0.34175,0.34901,0.35598,0.36267,0.36911,0.37531,0.38126,0.38696,0.39240,0.39757,0.40246,0.40707,0.41141,0.41549,0.41934,0.42296,0.42637,0.42957,0.43258,0.43538,0.43798,0.44035,0.44250,0.44442,0.44611,0.44757,0.44882,0.44986,0.45070,0.45134,0.45180,0.45206,0.45214,0.45202,0.45169,0.45116,0.45041,0.44943,0.44823,0.44681,0.44517,0.44332,0.44127,0.43901,0.43656,0.43391,0.43105,0.42798,0.42466,0.42110,0.41728,0.41319,0.40884,0.40423,0.39937,0.39426,0.38893,0.38336,0.37754,0.37146,0.36509,0.35841,0.35138,0.34400,0.33626,0.32816,0.31972,0.31097,0.30191,0.29254,0.28287,0.27286,0.26249,0.25172,0.24053,0.22894,0.21698,0.20472,0.19228,0.17978,0.16734,0.15510,0.14313,0.13149,0.12020,0.10927,0.09868,0.08840,0.07839,0.06863,0.05908,0.04970,0.04047,0.03136,0.02234,0.01338,0.00446,NaN
NaN,0.00608,0.01827,0.03056,0.04302,0.05571,0.06870,0.08205,0.09579,0.10991,0.12436,0.13904,0.15379,0.16842,0.18276,0.19665,0.21001,0.22281,0.23507,0.24683,0.25818,0.26917,0.27984,0.29022,0.30028,0.31000,0.31933,0.32825,0.33674,0.34480,0.35246,0.35978,0.36679,0.37353,0.38004,0.38633,0.39239,0.39821,0.40376,0.40902,0.41397,0.41862,0.42298,0.42707,0.43091,0.43454,0.43797,0.44121,0.44426,0.44711,0.44975,0.45217,0.45435,0.45629,0.45799,0.45945,0.46069,0.46172,0.46254,0.46318,0.46363,0.46391,0.46400,0.46389,0.46359,0.46306,0.46231,0.46133,0.46011,0.45866,0.45698,0.45508,0.45299,0.45070,0.44823,0.44556,0.44270,0.43962,0.43630,0.43272,0.42886,0.42471,0.42028,0.41557,0.41060,0.40540,0.39998,0.39435,0.38848,0.38236,0.37594,0.36918,0.36205,0.35452,0.34658,0.33825,0.32956,0.32054,0.31122,0.30162,0.29171,0.28146,0.27081,0.25969,0.24807,0.23593,0.22329,0.21026,0.19698,0.18363,0.17040,0.15745,0.14489,0.13278,0.12114,0.10994,0.09915,0.08872,0.07862,0.06878,0.05918,0.04976,0.04051,0.03138,0.02235,0.01338,0.00446,NaN
NaN,0.00609,0.01830,0.03063,0.04316,0.05597,0.06917,0.08282,0.09701,0.11176,0.12702,0.14266,0.15846,0.17412,0.18940,0.20405,0.21799,0.23118,0.24371,0.25567,0.26719,0.27836,0.28927,0.29992,0.31031,0.32034,0.32996,0.33909,0.34771,0.35585,0.36354,0.37085,0.37786,0.38462,0.39119,0.39758,0.40377,0.40973,0.41541,0.42077,0.42579,0.43046,0.43482,0.43889,0.44271,0.44632,0.44975,0.45302,0.45613,0.45904,0.46176,0.46423,0.46646,0.46841,0.47011,0.47156,0.47277,0.47377,0.47457,0.47519,0.47565,0.47594,0.47605,0.47597,0.47570,0.47519,0.47445,0.47346,0.47222,0.47073,0.46900,0.46705,0.46490,0.46257,0.46008,0.45741,0.45457,0.45151,0.44820,0.44462,0.44073,0.43652,0.43199,0.42716,0.42207,0.41675,0.41124,0.40556,0.39967,0.39354,0.38712,0.38033,0.37313,0.36546,0.35731,0.34871,0.33972,0.33040,0.32081,0.31098,0.30088,0.29045,0.27959,0.26820,0.25616,0.24343,0.23003,0.21606,0.20175,0.18736,0.17316,0.15939,0.14618,0.13360,0.12162,0.11019,0.09925,0.08873,0.07856,0.06870,0.05908,0.04967,0.04042,0.03131,0.02229,0.01335,0.00444,NaN
NaN,0.00606,0.01821,0.03050,0.04301,0.05586,0.06916,0.08304,0.09764,0.11304,0.12925,0.14610,0.16325,0.18027,0.19669,0.21224,0.22673,0.24025,0.25292,0.26495,0.27652,0.28780,0.29891,0.30989,0.32066,0.33111,0.34107,0.35045,0.35920,0.36735,0.37499,0.38222,0.38916,0.39590,0.40250,0.40901,0.41537,0.42154,0.42739,0.43288,0.43796,0.44263,0.44695,0.45095,0.45471,0.45827,0.46169,0.46500,0.46817,0.47119,0.47400,0.47656,0.47883,0.48080,0.48249,0.48390,0.48507,0.48602,0.48677,0.48738,0.48782,0.48814,0.48829,0.48826,0.48803,0.48756,0.48684,0.48585,0.48459,0.48305,0.48124,0.47921,0.47698,0.47460,0.47208,0.46944,0.46664,0.46364,0.46038,0.45683,0.45293,0.44867,0.44401,0.43902,0.43375,0.42828,0.42267,0.41695,0.41109,0.40503,0.39867,0.39192,0.38468,0.37689,0.36850,0.35958,0.35019,0.34051,0.33062,0.32058,0.31037,0.29987,0.28892,0.27735,0.26498,0.25167,0.23737,0.22226,0.20660,0.19085,0.17545,0.16071,0.14682,0.13379,0.12154,0.10996,0.09894,0.08839,0.07822,0.06837,0.05878,0.04940,0.04020,0.03113,0.02217,0.01327,0.00442,NaN
NaN,0.00598,0.01799,0.03014,0.04254,0.05531,0.06858,0.08254,0.09740,0.11344,0.13072,0.14916,0.16820,0.18705,0.20502,0.22151,0.23652,0.25017,0.26278,0.27467,0.28611,0.29737,0.30865,0.32000,0.33135,0.34237,0.35284,0.36248,0.37130,0.37937,0.38685,0.39389,0.40065,0.40728,0.41389,0.42054,0.42719,0.43364,0.43979,0.44542,0.45055,0.45517,0.45938,0.46326,0.46689,0.47036,0.47374,0.47706,0.48037,0.48353,0.48652,0.48917,0.49150,0.49348,0.49513,0.49649,0.49759,0.49846,0.49915,0.49968,0.50014,0.50047,0.50071,0.50076,0.50060,0.50019,0.49950,0.49853,0.49724,0.49564,0.49374,0.49155,0.48922,0.48673,0.48422,0.48162,0.47891,0.47602,0.47286,0.46939,0.46553,0.46120,0.45641,0.45115,0.44563,0.43991,0.43419,0.42847,0.42271,0.41680,0.41060,0.40399,0.39682,0.38894,0.38030,0.37090,0.36099,0.35077,0.34053,0.33033,0.32012,0.30972,0.29888,0.28733,0.27478,0.26094,0.24568,0.22903,0.21156,0.19395,0.17695,0.16112,0.14656,0.13320,0.12080,0.10918,0.09817,0.08766,0.07756,0.06778,0.05827,0.04897,0.03985,0.03086,0.02197,0.01316,0.00438,NaN
NaN,0.00586,0.01763,0.02955,0.04172,0.05426,0.06734,0.08117,0.09602,0.11238,0.13091,0.15141,0.17329,0.19503,0.21491,0.23252,0.24767,0.26109,0.27335,0.28484,0.29588,0.30684,0.31819,0.33007,0.34226,0.35436,0.36544,0.37544,0.38417,0.39197,0.39913,0.40584,0.41228,0.41863,0.42518,0.43205,0.43909,0.44618,0.45267,0.45855,0.46364,0.46812,0.47214,0.47582,0.47926,0.48252,0.48578,0.48919,0.49261,0.49615,0.49932,0.50217,0.50454,0.50647,0.50806,0.50934,0.51035,0.51109,0.51163,0.51212,0.51248,0.51297,0.51328,0.51349,0.51344,0.51308,0.51244,0.51150,0.51023,0.50856,0.50648,0.50413,0.50148,0.49895,0.49639,0.49391,0.49138,0.48865,0.48566,0.48233,0.47859,0.47427,0.46925,0.46369,0.45759,0.45156,0.44564,0.44000,0.43449,0.42886,0.42295,0.41661,0.40967,0.40185,0.39287,0.38290,0.37199,0.36101,0.35028,0.34002,0.33008,0.32002,0.30952,0.29826,0.28589,0.27185,0.25547,0.23693,0.21663,0.19622,0.17717,0.16006,0.14510,0.13166,0.11932,0.10780,0.09692,0.08654,0.07657,0.06693,0.05754,0.04837,0.03936,0.03049,0.02171,0.01300,0.00433,NaN
NaN,0.00570,0.01714,0.02871,0.04053,0.05270,0.06539,0.07880,0.09328,0.10926,0.12807,0.15197,0.17873,0.20494,0.22817,0.24592,0.26038,0.27314,0.28468,0.29545,0.30577,0.31602,0.32682,0.33945,0.35355,0.36715,0.37973,0.38966,0.39787,0.40519,0.41185,0.41807,0.42402,0.42989,0.43596,0.44304,0.45124,0.45906,0.46657,0.47250,0.47729,0.48150,0.48525,0.48864,0.49178,0.49476,0.49765,0.50095,0.50505,0.50883,0.51270,0.51571,0.51796,0.51981,0.52130,0.52247,0.52335,0.52398,0.52425,0.52437,0.52501,0.52533,0.52608,0.52654,0.52654,0.52627,0.52569,0.52480,0.52356,0.52196,0.51969,0.51672,0.51395,0.51085,0.50847,0.50634,0.50403,0.50155,0.49879,0.49570,0.49216,0.48808,0.48298,0.47649,0.46979,0.46273,0.45668,0.45148,0.44639,0.44120,0.43573,0.42982,0.42329,0.41594,0.40698,0.39560,0.38336,0.37061,0.35923,0.34949,0.34018,0.33077,0.32090,0.31028,0.29848,0.28504,0.26847,0.24664,0.22199,0.19683,0.17444,0.15696,0.14225,0.12909,0.11704,0.10580,0.09517,0.08503,0.07527,0.06582,0.05661,0.04760,0.03875,0.03002,0.02138,0.01280,0.00426,NaN
NaN,0.00549,0.01651,0.02765,0.03899,0.05065,0.06274,0.07548,0.08908,0.10408,0.12088,0.14428,0.18352,0.22359,0.24651,0.26164,0.27475,0.28628,0.29678,0.30652,0.31577,0.32490,0.33421,0.34533,0.36319,0.38407,0.39671,0.40506,0.41244,0.41902,0.42503,0.43059,0.43585,0.44100,0.44623,0.45203,0.46150,0.47433,0.48222,0.48717,0.49152,0.49532,0.49870,0.50172,0.50446,0.50704,0.50955,0.51178,0.51552,0.52273,0.52723,0.52971,0.53180,0.53350,0.53485,0.53588,0.53661,0.53709,0.53737,0.53662,0.53553,0.53795,0.53953,0.53985,0.53994,0.53974,0.53925,0.53843,0.53728,0.53577,0.53391,0.53026,0.52443,0.52209,0.52072,0.51885,0.51688,0.51472,0.51227,0.50947,0.50627,0.50256,0.49830,0.49136,0.48009,0.47219,0.46737,0.46288,0.45842,0.45383,0.44894,0.44360,0.43773,0.43110,0.42358,0.41206,0.39304,0.37707,0.36713,0.35871,0.35041,0.34197,0.33304,0.32336,0.31268,0.30047,0.28632,0.26470,0.22671,0.18954,0.16749,0.15180,0.13793,0.12549,0.11398,0.10320,0.09296,0.08315,0.07367,0.06447,0.05549,0.04668,0.03802,0.02946,0.02099,0.01257,0.00419,NaN
NaN,0.00525,0.01577,0.02639,0.03716,0.04817,0.05951,0.07129,0.08373,0.09691,0.11125,0.12419,NaN,0.25634,0.26751,0.27952,0.29047,0.30048,0.30960,0.31807,0.32601,0.33351,0.34102,0.34725,NaN,0.40879,0.41489,0.42150,0.42772,0.43344,0.43862,0.44343,0.44786,0.45199,0.45617,0.45957,NaN,0.49489,0.49858,0.50251,0.50624,0.50958,0.51249,0.51510,0.51737,0.51935,0.52135,0.52287,NaN,0.54021,0.54216,0.54414,0.54601,0.54755,0.54872,0.54960,0.55014,0.55039,0.55061,0.55058,NaN,0.55269,0.55314,0.55340,0.55362,0.55354,0.55312,0.55241,0.55134,0.54994,0.54846,0.54694,NaN,0.53400,0.53293,0.53144,0.52996,0.52819,0.52608,0.52366,0.52083,0.51763,0.51425,0.51105,NaN,0.48068,0.47779,0.47420,0.47065,0.46678,0.46255,0.45795,0.45284,0.44724,0.44128,0.43576,NaN,0.38014,0.37452,0.36772,0.36091,0.35367,0.34588,0.33747,0.32818,0.31797,0.30673,0.29623,NaN,0.17036,0.15813,0.14466,0.13240,0.12096,0.11025,0.10008,0.09033,0.08093,0.07180,0.06290,0.05419,0.04562,0.03717,0.02882,0.02054,0.01230,0.00410,NaN
NaN,0.00497,0.01494,0.02497,0.03510,0.04537,0.05583,0.06654,0.07750,0.08887,0.10015,0.10717,NaN,0.28484,0.28945,0.29845,0.30737,0.31545,0.32306,0.33014,0.33669,0.34249,0.34730,0.35055,NaN,0.43063,0.43314,0.43849,0.44369,0.44829,0.45260,0.45659,0.46023,0.46327,0.46559,0.46745,NaN,0.51334,0.51478,0.51827,0.52150,0.52418,0.52661,0.52876,0.53063,0.53194,0.53268,0.53364,NaN,0.55615,0.55680,0.55891,0.56067,0.56189,0.56288,0.56360,0.56406,0.56398,0.56344,0.56368,NaN,0.56642,0.56638,0.56726,0.56771,0.56762,0.56728,0.56668,0.56584,0.56445,0.56270,0.56225,NaN,0.54544,0.54469,0.54432,0.54341,0.54194,0.54020,0.53818,0.53592,0.53310,0.53001,0.52879,NaN,0.48933,0.48772,0.48582,0.48324,0.48006,0.47655,0.47272,0.46861,0.46390,0.45901,0.45677,NaN,0.38436,0.38141,0.37710,0.37185,0.36587,0.35936,0.35234,0.34483,0.33651,0.32805,0.32374,NaN,0.15397,0.14726,0.13656,0.12591,0.11578,0.10599,0.09654,0.08737,0.07844,0.06972,0.06116,0.05274,0.04444,0.03624,0.02811,0.02004,0.01201,0.00400,NaN
NaN,0.00468,0.01406,0.02346,0.03289,0.04238,0.05192,0.06147,0.07103,0.08028,0.08958,0.09838,NaN,0.30108,0.31089,0.31856,0.32474,0.33098,0.33697,0.34270,0.34797,0.35249,0.35495,0.35445,NaN,0.44378,0.45126,0.45639,0.45994,0.46347,0.46685,0.47008,0.47302,0.47546,0.47599,0.47371,NaN,0.52485,0.53110,0.53489,0.53703,0.53906,0.54094,0.54271,0.54424,0.54541,0.54474,0.54136,NaN,0.56643,0.57176,0.57454,0.57561,0.57651,0.57723,0.57786,0.57829,0.57844,0.57682,0.57256,NaN,0.57561,0.58011,0.58198,0.58210,0.58197,0.58164,0.58122,0.58062,0.57982,0.57730,0.57221,NaN,0.55349,0.55713,0.55807,0.55719,0.55598,0.55453,0.55299,0.55128,0.54944,0.54594,0.53995,NaN,0.49598,0.49855,0.49834,0.49623,0.49366,0.49081,0.48782,0.48467,0.48147,0.47668,0.46950,NaN,0.38873,0.38958,0.38750,0.38338,0.37856,0.37329,0.36775,0.36197,0.35621,0.34894,0.33950,NaN,0.14537,0.13674,0.12780,0.11909,0.11020,0.10141,0.09272,0.08418,0.07576,0.06746,0.05927,0.05118,0.04317,0.03523,0.02735,0.01950,0.01169,0.00389,NaN
NaN,0.00438,0.01314,0.02190,0.03064,0.03934,0.04796,0.05643,0.06459,0.07234,0.07838,NaN,NaN,NaN,0.33508,0.33836,0.34232,0.34664,0.35118,0.35567,0.35991,0.36358,0.36587,NaN,NaN,NaN,0.47233,0.47425,0.47638,0.47872,0.48125,0.48380,0.48627,0.48842,0.48962,NaN,NaN,NaN,0.55045,0.55164,0.55277,0.55400,0.55538,0.55680,0.55823,0.55945,0.55998,NaN,NaN,NaN,0.58980,0.59043,0.59081,0.59120,0.59169,0.59224,0.59284,0.59333,0.59333,NaN,NaN,NaN,0.59696,0.59710,0.59680,0.59642,0.59610,0.59584,0.59567,0.59549,0.59500,NaN,NaN,NaN,0.57274,0.57236,0.57134,0.57015,0.56898,0.56786,0.56687,0.56595,0.56491,NaN,NaN,NaN,0.51260,0.51158,0.50967,0.50747,0.50521,0.50298,0.50092,0.49905,0.49730,NaN,NaN,NaN,0.40101,0.39893,0.39555,0.39164,0.38750,0.38331,0.37933,0.37567,0.37261,NaN,NaN,NaN,0.12535,0.11954,0.11219,0.10455,0.09669,0.08877,0.08084,0.07295,0.06509,0.05729,0.04954,0.04183,0.03417,0.02654,0.01894,0.01135,0.00378,NaN
NaN,0.00408,0.01224,0.02036,0.02841,0.03636,0.04413,0.05162,0.05867,0.06498,0.06910,NaN,NaN,NaN,0.35722,0.35759,0.35940,0.36217,0.36542,0.36888,0.37232,0.37558,0.37802,NaN,NaN,NaN,0.49215,0.49185,0.49248,0.49383,0.49559,0.49760,0.49973,0.50196,0.50383,NaN,NaN,NaN,0.56898,0.56832,0.56829,0.56884,0.56975,0.57092,0.57229,0.57390,0.57542,NaN,NaN,NaN,0.60734,0.60641,0.60587,0.60582,0.60607,0.60659,0.60736,0.60848,0.60973,NaN,NaN,NaN,0.61361,0.61243,0.61144,0.61083,0.61048,0.61040,0.61061,0.61128,0.61228,NaN,NaN,NaN,0.58845,0.58700,0.58553,0.58434,0.58335,0.58263,0.58225,0.58243,0.58316,NaN,NaN,NaN,0.52713,0.52535,0.52329,0.52135,0.51956,0.51802,0.51687,0.51641,0.51680,NaN,NaN,NaN,0.41354,0.41121,0.40814,0.40494,0.40174,0.39876,0.39623,0.39462,0.39436,NaN,NaN,NaN,0.11566,0.11170,0.10567,0.09902,0.09202,0.08481,0.07748,0.07009,0.06268,0.05526,0.04785,0.04045,0.03307,0.02570,0.01835,0.01100,0.00367,NaN
NaN,0.00379,0.01136,0.01887,0.02628,0.03354,0.04056,0.04722,0.05337,0.05869,0.06226,NaN,NaN,NaN,0.37573,0.37531,0.37571,0.37725,0.37948,0.38211,0.38495,0.38789,0.39016,NaN,NaN,NaN,0.50921,0.50836,0.50799,0.50855,0.50970,0.51128,0.51318,0.51542,0.51731,NaN,NaN,NaN,0.58522,0.58414,0.58334,0.58334,0.58388,0.58484,0.58621,0.58803,0.58969,NaN,NaN,NaN,0.62296,0.62169,0.62057,0.62014,0.62020,0.62070,0.62163,0.62314,0.62462,NaN,NaN,NaN,0.62866,0.62723,0.62581,0.62498,0.62461,0.62467,0.62522,0.62643,0.62774,NaN,NaN,NaN,0.60290,0.60129,0.59955,0.59831,0.59748,0.59708,0.59720,0.59809,0.59923,NaN,NaN,NaN,0.54082,0.53899,0.53686,0.53509,0.53367,0.53268,0.53227,0.53274,0.53365,NaN,NaN,NaN,0.42593,0.42373,0.42092,0.41825,0.41581,0.41377,0.41240,0.41213,0.41262,NaN,NaN,NaN,0.10826,0.10480,0.09968,0.09384,0.08754,0.08095,0.07416,0.06725,0.06026,0.05321,0.04614,0.03905,0.03195,0.02485,0.01775,0.01065,0.00355,NaN
NaN,0.00352,0.01053,0.01748,0.02431,0.03095,0.03732,0.04332,0.04878,0.05357,0.05680,NaN,NaN,NaN,0.39222,0.39133,0.39102,0.39171,0.39317,0.39517,0.39753,0.40016,0.40228,NaN,NaN,NaN,0.52471,0.52355,0.52271,0.52272,0.52342,0.52466,0.52637,0.52850,0.53037,NaN,NaN,NaN,0.60017,0.59885,0.59771,0.59734,0.59760,0.59841,0.59973,0.60158,0.60329,NaN,NaN,NaN,0.63749,0.63604,0.63468,0.63400,0.63392,0.63440,0.63543,0.63705,0.63864,NaN,NaN,NaN,0.64280,0.64124,0.63967,0.63872,0.63834,0.63850,0.63926,0.64068,0.64215,NaN,NaN,NaN,0.61662,0.61494,0.61316,0.61191,0.61120,0.61104,0.61150,0.61270,0.61406,NaN,NaN,NaN,0.55401,0.55219,0.55013,0.54852,0.54739,0.54680,0.54689,0.54781,0.54901,NaN,NaN,NaN,0.43822,0.43614,0.43360,0.43136,0.42950,0.42817,0.42760,0.42801,0.42894,NaN,NaN,NaN,0.10210,0.09895,0.09432,0.08907,0.08334,0.07727,0.07097,0.06449,0.05788,0.05120,0.04445,0.03766,0.03084,0.02400,0.01715,0.01029,0.00343,NaN
NaN,0.00327,0.00977,0.01620,0.02250,0.02861,0.03444,0.03991,0.04490,0.04931,0.05233,NaN,NaN,NaN,0.40720,0.40606,0.40529,0.40544,0.40635,0.40787,0.40987,0.41225,0.41424,NaN,NaN,NaN,0.53902,0.53769,0.53656,0.53623,0.53661,0.53760,0.53913,0.54117,0.54298,NaN,NaN,NaN,0.61410,0.61266,0.61132,0.61073,0.61080,0.61148,0.61274,0.61458,0.61628,NaN,NaN,NaN,0.65112,0.64959,0.64810,0.64729,0.64712,0.64757,0.64862,0.65030,0.65193,NaN,NaN,NaN,0.65616,0.65455,0.65292,0.65192,0.65153,0.65176,0.65262,0.65416,0.65571,NaN,NaN,NaN,0.62969,0.62801,0.62622,0.62502,0.62440,0.62440,0.62505,0.62644,0.62790,NaN,NaN,NaN,0.56673,0.56494,0.56295,0.56149,0.56058,0.56028,0.56068,0.56187,0.56323,NaN,NaN,NaN,0.45030,0.44833,0.44602,0.44411,0.44268,0.44186,0.44179,0.44263,0.44381,NaN,NaN,NaN,0.09686,0.09389,0.08959,0.08474,0.07946,0.07383,0.06793,0.06184,0.05559,0.04924,0.04280,0.03629,0.02975,0.02317,0.01656,0.00994,0.00332,NaN
NaN,0.00304,0.00908,0.01505,0.02089,0.02654,0.03192,0.03697,0.04160,0.04574,0.04862,NaN,NaN,NaN,0.42099,0.41969,0.41862,0.41841,0.41895,0.42012,0.42184,0.42402,0.42592,NaN,NaN,NaN,0.55234,0.55091,0.54960,0.54905,0.54921,0.55001,0.55140,0.55334,0.55511,NaN,NaN,NaN,0.62715,0.62564,0.62419,0.62345,0.62340,0.62398,0.62518,0.62699,0.62868,NaN,NaN,NaN,0.66396,0.66239,0.66083,0.65995,0.65973,0.66015,0.66120,0.66289,0.66453,NaN,NaN,NaN,0.66881,0.66719,0.66553,0.66451,0.66414,0.66440,0.66532,0.66692,0.66850,NaN,NaN,NaN,0.64215,0.64047,0.63870,0.63754,0.63700,0.63711,0.63788,0.63937,0.64090,NaN,NaN,NaN,0.57893,0.57718,0.57527,0.57393,0.57319,0.57308,0.57367,0.57502,0.57648,NaN,NaN,NaN,0.46206,0.46018,0.45804,0.45638,0.45528,0.45481,0.45508,0.45618,0.45751,NaN,NaN,NaN,0.09233,0.08948,0.08540,0.08086,0.07591,0.07063,0.06509,0.05933,0.05341,0.04736,0.04120,0.03497,0.02868,0.02235,0.01599,0.00960,0.00320,NaN
NaN,0.00283,0.00847,0.01403,0.01947,0.02472,0.02974,0.03445,0.03881,0.04274,0.04552,NaN,NaN,NaN,0.43376,0.43235,0.43110,0.43064,0.43092,0.43184,0.43335,0.43539,0.43721,NaN,NaN,NaN,0.56479,0.56329,0.56186,0.56117,0.56118,0.56185,0.56313,0.56499,0.56673,NaN,NaN,NaN,0.63941,0.63786,0.63633,0.63551,0.63537,0.63588,0.63703,0.63880,0.64048,NaN,NaN,NaN,0.67607,0.67448,0.67288,0.67195,0.67170,0.67209,0.67314,0.67483,0.67647,NaN,NaN,NaN,0.68079,0.67916,0.67749,0.67647,0.67611,0.67640,0.67735,0.67897,0.68057,NaN,NaN,NaN,0.65399,0.65232,0.65057,0.64945,0.64897,0.64915,0.65000,0.65155,0.65311,NaN,NaN,NaN,0.59059,0.58887,0.58703,0.58578,0.58515,0.58518,0.58591,0.58736,0.58887,NaN,NaN,NaN,0.47341,0.47160,0.46959,0.46812,0.46724,0.46702,0.46751,0.46880,0.47022,NaN,NaN,NaN,0.08836,0.08560,0.08169,0.07737,0.07269,0.06770,0.06245,0.05699,0.05135,0.04558,0.03969,0.03371,0.02766,0.02157,0.01543,0.00927,0.00309,NaN
NaN,0.00265,0.00792,0.01313,0.01822,0.02315,0.02786,0.03230,0.03643,0.04021,0.04291,NaN,NaN,NaN,0.44562,0.44415,0.44276,0.44214,0.44223,0.44298,0.44434,0.44628,0.44804,NaN,NaN,NaN,0.57642,0.57488,0.57338,0.57259,0.57250,0.57307,0.57427,0.57608,0.57778,NaN,NaN,NaN,0.65092,0.64934,0.64777,0.64689,0.64669,0.64715,0.64826,0.65000,0.65167,NaN,NaN,NaN,0.68748,0.68587,0.68425,0.68330,0.68301,0.68339,0.68443,0.68612,0.68776,NaN,NaN,NaN,0.69211,0.69047,0.68880,0.68778,0.68743,0.68773,0.68870,0.69034,0.69195,NaN,NaN,NaN,0.66520,0.66354,0.66181,0.66073,0.66029,0.66051,0.66141,0.66300,0.66459,NaN,NaN,NaN,0.60168,0.59998,0.59819,0.59701,0.59647,0.59659,0.59740,0.59892,0.60047,NaN,NaN,NaN,0.48428,0.48252,0.48061,0.47928,0.47856,0.47850,0.47915,0.48056,0.48204,NaN,NaN,NaN,0.08487,0.08218,0.07840,0.07425,0.06978,0.06503,0.06003,0.05482,0.04943,0.04390,0.03826,0.03251,0.02670,0.02082,0.01490,0.00895,0.00299,NaN
NaN,0.00249,0.00745,0.01235,0.01714,0.02178,0.02624,0.03046,0.03441,0.03807,0.04070,NaN,NaN,NaN,0.45666,0.45514,0.45367,0.45293,0.45289,0.45352,0.45477,0.45663,0.45836,NaN,NaN,NaN,0.58730,0.58573,0.58418,0.58332,0.58316,0.58366,0.58480,0.58657,0.58825,NaN,NaN,NaN,0.66170,0.66011,0.65850,0.65759,0.65735,0.65777,0.65885,0.66057,0.66223,NaN,NaN,NaN,0.69819,0.69658,0.69494,0.69397,0.69367,0.69404,0.69507,0.69675,0.69839,NaN,NaN,NaN,0.70276,0.70112,0.69945,0.69843,0.69808,0.69840,0.69938,0.70103,0.70265,NaN,NaN,NaN,0.67578,0.67413,0.67242,0.67136,0.67095,0.67121,0.67214,0.67375,0.67535,NaN,NaN,NaN,0.61217,0.61049,0.60874,0.60761,0.60713,0.60732,0.60818,0.60975,0.61133,NaN,NaN,NaN,0.49462,0.49290,0.49106,0.48982,0.48922,0.48928,0.49004,0.49152,0.49305,NaN,NaN,NaN,0.08179,0.07914,0.07546,0.07146,0.06716,0.06260,0.05781,0.05282,0.04766,0.04235,0.03692,0.03139,0.02578,0.02012,0.01440,0.00865,0.00289,NaN
NaN,0.00235,0.00704,0.01167,0.01621,0.02061,0.02485,0.02889,0.03270,0.03625,0.03883,NaN,NaN,NaN,0.46691,0.46536,0.46383,0.46301,0.46289,0.46343,0.46461,0.46641,0.46810,NaN,NaN,NaN,0.59744,0.59586,0.59427,0.59337,0.59315,0.59360,0.59470,0.59644,0.59811,NaN,NaN,NaN,0.67178,0.67018,0.66855,0.66761,0.66734,0.66774,0.66880,0.67050,0.67215,NaN,NaN,NaN,0.70822,0.70661,0.70496,0.70398,0.70367,0.70403,0.70505,0.70673,0.70836,NaN,NaN,NaN,0.71274,0.71111,0.70944,0.70843,0.70808,0.70840,0.70939,0.71104,0.71267,NaN,NaN,NaN,0.68572,0.68408,0.68238,0.68133,0.68095,0.68123,0.68218,0.68381,0.68542,NaN,NaN,NaN,0.62205,0.62038,0.61865,0.61756,0.61713,0.61736,0.61827,0.61986,0.62146,NaN,NaN,NaN,0.50439,0.50269,0.50090,0.49974,0.49921,0.49936,0.50019,0.50173,0.50329,NaN,NaN,NaN,0.07905,0.07645,0.07285,0.06896,0.06481,0.06041,0.05580,0.05099,0.04602,0.04091,0.03568,0.03035,0.02493,0.01946,0.01393,0.00837,0.00279,NaN
NaN,0.00223,0.00669,0.01109,0.01541,0.01961,0.02367,0.02755,0.03124,0.03471,0.03725,NaN,NaN,NaN,0.47643,0.47485,0.47328,0.47241,0.47222,0.47270,0.47382,0.47558,0.47726,NaN,NaN,NaN,0.60688,0.60528,0.60367,0.60274,0.60249,0.60290,0.60397,0.60569,0.60735,NaN,NaN,NaN,0.68117,0.67956,0.67792,0.67696,0.67668,0.67705,0.67809,0.67979,0.68143,NaN,NaN,NaN,0.71758,0.71596,0.71430,0.71332,0.71300,0.71335,0.71436,0.71604,0.71767,NaN,NaN,NaN,0.72206,0.72043,0.71876,0.71775,0.71741,0.71773,0.71873,0.72039,0.72201,NaN,NaN,NaN,0.69501,0.69337,0.69168,0.69065,0.69028,0.69057,0.69154,0.69318,0.69480,NaN,NaN,NaN,0.63129,0.62964,0.62793,0.62686,0.62646,0.62672,0.62766,0.62927,0.63088,NaN,NaN,NaN,0.51356,0.51188,0.51013,0.50901,0.50855,0.50875,0.50963,0.51121,0.51279,NaN,NaN,NaN,0.07663,0.07406,0.07052,0.06673,0.06269,0.05843,0.05397,0.04933,0.04453,0.03959,0.03454,0.02938,0.02415,0.01885,0.01350,0.00811,0.00271,NaN
NaN,0.00213,0.00638,0.01059,0.01472,0.01875,0.02266,0.02642,0.03001,0.03341,0.03590,NaN,NaN,NaN,0.48522,0.48363,0.48203,0.48112,0.48088,0.48132,0.48241,0.48414,0.48580,NaN,NaN,NaN,0.61561,0.61401,0.61238,0.61143,0.61115,0.61154,0.61259,0.61429,0.61594,NaN,NaN,NaN,0.68988,0.68826,0.68661,0.68564,0.68534,0.68571,0.68673,0.68842,0.69006,NaN,NaN,NaN,0.72626,0.72464,0.72298,0.72199,0.72167,0.72201,0.72302,0.72469,0.72633,NaN,NaN,NaN,0.73072,0.72909,0.72742,0.72642,0.72608,0.72640,0.72740,0.72906,0.73069,NaN,NaN,NaN,0.70364,0.70201,0.70032,0.69930,0.69894,0.69925,0.70023,0.70188,0.70350,NaN,NaN,NaN,0.63990,0.63825,0.63655,0.63551,0.63512,0.63541,0.63636,0.63800,0.63961,NaN,NaN,NaN,0.52211,0.52045,0.51872,0.51764,0.51721,0.51745,0.51837,0.51997,0.52157,NaN,NaN,NaN,0.07448,0.07194,0.06845,0.06474,0.06080,0.05666,0.05233,0.04783,0.04318,0.03839,0.03349,0.02850,0.02342,0.01828,0.01309,0.00787,0.00263,NaN
NaN,0.00205,0.00612,0.01016,0.01414,0.01803,0.02180,0.02545,0.02896,0.03230,0.03477,NaN,NaN,NaN,0.49331,0.49170,0.49008,0.48914,0.48888,0.48929,0.49035,0.49206,0.49372,NaN,NaN,NaN,0.62366,0.62205,0.62041,0.61944,0.61915,0.61952,0.62056,0.62225,0.62389,NaN,NaN,NaN,0.69790,0.69628,0.69463,0.69365,0.69334,0.69370,0.69471,0.69640,0.69803,NaN,NaN,NaN,0.73427,0.73264,0.73098,0.72999,0.72966,0.73001,0.73101,0.73269,0.73432,NaN,NaN,NaN,0.73872,0.73709,0.73542,0.73441,0.73407,0.73440,0.73540,0.73706,0.73869,NaN,NaN,NaN,0.71162,0.70999,0.70831,0.70729,0.70694,0.70726,0.70824,0.70990,0.71152,NaN,NaN,NaN,0.64785,0.64621,0.64452,0.64349,0.64312,0.64342,0.64439,0.64603,0.64765,NaN,NaN,NaN,0.53003,0.52838,0.52667,0.52561,0.52521,0.52548,0.52642,0.52804,0.52965,NaN,NaN,NaN,0.07258,0.07006,0.06662,0.06297,0.05911,0.05507,0.05085,0.04647,0.04195,0.03731,0.03255,0.02770,0.02277,0.01777,0.01273,0.00765,0.00255,NaN
NaN,0.00197,0.00590,0.00980,0.01364,0.01741,0.02108,0.02464,0.02807,0.03137,0.03381,NaN,NaN,NaN,0.50070,0.49909,0.49745,0.49650,0.49621,0.49660,0.49764,0.49934,0.50099,NaN,NaN,NaN,0.63103,0.62941,0.62776,0.62679,0.62648,0.62684,0.62787,0.62955,0.63119,NaN,NaN,NaN,0.70526,0.70363,0.70198,0.70099,0.70067,0.70102,0.70204,0.70371,0.70535,NaN,NaN,NaN,0.74161,0.73998,0.73832,0.73732,0.73700,0.73734,0.73834,0.74001,0.74164,NaN,NaN,NaN,0.74605,0.74442,0.74275,0.74174,0.74141,0.74174,0.74273,0.74440,0.74603,NaN,NaN,NaN,0.71894,0.71731,0.71563,0.71462,0.71427,0.71459,0.71558,0.71724,0.71887,NaN,NaN,NaN,0.65516,0.65352,0.65184,0.65081,0.65046,0.65076,0.65174,0.65339,0.65501,NaN,NaN,NaN,0.53730,0.53566,0.53396,0.53292,0.53254,0.53283,0.53379,0.53543,0.53704,NaN,NaN,NaN,0.07090,0.06840,0.06500,0.06140,0.05762,0.05366,0.04954,0.04526,0.04086,0.03633,0.03170,0.02697,0.02217,0.01731,0.01240,0.00745,0.00249,NaN
NaN,0.00191,0.00571,0.00949,0.01322,0.01688,0.02046,0.02395,0.02732,0.03058,0.03300,NaN,NaN,NaN,0.50741,0.50579,0.50415,0.50318,0.50288,0.50325,0.50428,0.50597,0.50761,NaN,NaN,NaN,0.63772,0.63610,0.63444,0.63346,0.63315,0.63350,0.63452,0.63620,0.63784,NaN,NaN,NaN,0.71194,0.71031,0.70865,0.70766,0.70734,0.70768,0.70869,0.71037,0.71200,NaN,NaN,NaN,0.74828,0.74665,0.74499,0.74399,0.74366,0.74400,0.74500,0.74667,0.74830,NaN,NaN,NaN,0.75271,0.75108,0.74941,0.74841,0.74807,0.74840,0.74940,0.75107,0.75270,NaN,NaN,NaN,0.72560,0.72396,0.72229,0.72128,0.72094,0.72126,0.72226,0.72392,0.72554,NaN,NaN,NaN,0.66180,0.66017,0.65849,0.65747,0.65712,0.65744,0.65842,0.66008,0.66170,NaN,NaN,NaN,0.54393,0.54229,0.54060,0.53957,0.53921,0.53951,0.54048,0.54213,0.54375,NaN,NaN,NaN,0.06943,0.06695,0.06357,0.06002,0.05630,0.05241,0.04837,0.04419,0.03988,0.03546,0.03094,0.02632,0.02164,0.01689,0.01210,0.00727,0.00243,NaN
NaN,0.00185,0.00556,0.00923,0.01287,0.01644,0.01995,0.02337,0.02670,0.02992,0.03233,NaN,NaN,NaN,0.51344,0.51182,0.51017,0.50919,0.50888,0.50924,0.51026,0.51195,0.51358,NaN,NaN,NaN,0.64374,0.64212,0.64045,0.63946,0.63914,0.63949,0.64051,0.64219,0.64382,NaN,NaN,NaN,0.71795,0.71632,0.71466,0.71366,0.71333,0.71368,0.71469,0.71636,0.71799,NaN,NaN,NaN,0.75429,0.75266,0.75099,0.74999,0.74966,0.75000,0.75100,0.75267,0.75430,NaN,NaN,NaN,0.75871,0.75708,0.75541,0.75440,0.75407,0.75440,0.75540,0.75707,0.75870,NaN,NaN,NaN,0.73159,0.72996,0.72828,0.72728,0.72694,0.72726,0.72826,0.72993,0.73155,NaN,NaN,NaN,0.66779,0.66615,0.66448,0.66346,0.66312,0.66344,0.66443,0.66609,0.66772,NaN,NaN,NaN,0.54991,0.54827,0.54658,0.54556,0.54520,0.54552,0.54650,0.54815,0.54978,NaN,NaN,NaN,0.06815,0.06568,0.06233,0.05882,0.05514,0.05132,0.04735,0.04325,0.03902,0.03469,0.03026,0.02575,0.02116,0.01652,0.01183,0.00711,0.00237,NaN
NaN,0.00181,0.00542,0.00901,0.01257,0.01607,0.01952,0.02289,0.02618,0.02937,0.03177,NaN,NaN,NaN,0.51880,0.51717,0.51551,0.51452,0.51421,0.51456,0.51558,0.51726,0.51890,NaN,NaN,NaN,0.64909,0.64746,0.64579,0.64480,0.64447,0.64482,0.64583,0.64751,0.64915,NaN,NaN,NaN,0.72329,0.72166,0.71999,0.71899,0.71866,0.71900,0.72001,0.72169,0.72332,NaN,NaN,NaN,0.75963,0.75799,0.75632,0.75532,0.75499,0.75532,0.75633,0.75800,0.75964,NaN,NaN,NaN,0.76405,0.76241,0.76074,0.75973,0.75940,0.75973,0.76074,0.76241,0.76404,NaN,NaN,NaN,0.73692,0.73529,0.73361,0.73260,0.73226,0.73259,0.73360,0.73527,0.73690,NaN,NaN,NaN,0.67312,0.67148,0.66980,0.66879,0.66845,0.66877,0.66977,0.67144,0.67307,NaN,NaN,NaN,0.55522,0.55359,0.55190,0.55088,0.55053,0.55085,0.55184,0.55351,0.55513,NaN,NaN,NaN,0.06704,0.06458,0.06125,0.05777,0.05414,0.05036,0.04646,0.04242,0.03827,0.03402,0.02967,0.02525,0.02075,0.01620,0.01160,0.00697,0.00233,NaN
NaN,0.00177,0.00531,0.00883,0.01232,0.01577,0.01916,0.02249,0.02575,0.02892,0.03131,NaN,NaN,NaN,0.52349,0.52186,0.52019,0.51919,0.51886,0.51921,0.52023,0.52192,0.52356,NaN,NaN,NaN,0.65377,0.65214,0.65046,0.64946,0.64913,0.64947,0.65049,0.65217,0.65381,NaN,NaN,NaN,0.72797,0.72634,0.72466,0.72365,0.72332,0.72366,0.72467,0.72636,0.72800,NaN,NaN,NaN,0.76430,0.76267,0.76099,0.75998,0.75964,0.75998,0.76099,0.76267,0.76431,NaN,NaN,NaN,0.76872,0.76708,0.76540,0.76439,0.76405,0.76439,0.76540,0.76708,0.76872,NaN,NaN,NaN,0.74159,0.73996,0.73827,0.73726,0.73692,0.73725,0.73826,0.73994,0.74158,NaN,NaN,NaN,0.67778,0.67615,0.67446,0.67345,0.67310,0.67343,0.67444,0.67612,0.67775,NaN,NaN,NaN,0.55989,0.55825,0.55656,0.55554,0.55519,0.55552,0.55652,0.55819,0.55982,NaN,NaN,NaN,0.06609,0.06364,0.06033,0.05688,0.05328,0.04955,0.04569,0.04171,0.03763,0.03344,0.02916,0.02481,0.02039,0.01592,0.01140,0.00685,0.00229,NaN
NaN,0.00174,0.00522,0.00869,0.01212,0.01552,0.01886,0.02216,0.02540,0.02856,0.03095,NaN,NaN,NaN,0.52752,0.52588,0.52419,0.52317,0.52284,0.52319,0.52422,0.52592,0.52757,NaN,NaN,NaN,0.65780,0.65615,0.65446,0.65344,0.65311,0.65345,0.65448,0.65618,0.65783,NaN,NaN,NaN,0.73200,0.73035,0.72866,0.72764,0.72730,0.72764,0.72867,0.73036,0.73201,NaN,NaN,NaN,0.76833,0.76668,0.76498,0.76396,0.76362,0.76396,0.76499,0.76668,0.76833,NaN,NaN,NaN,0.77274,0.77109,0.76940,0.76837,0.76803,0.76837,0.76940,0.77109,0.77274,NaN,NaN,NaN,0.74561,0.74396,0.74227,0.74124,0.74090,0.74124,0.74226,0.74395,0.74560,NaN,NaN,NaN,0.68180,0.68015,0.67845,0.67743,0.67708,0.67742,0.67844,0.68013,0.68178,NaN,NaN,NaN,0.56390,0.56225,0.56055,0.55952,0.55917,0.55950,0.56052,0.56221,0.56385,NaN,NaN,NaN,0.06531,0.06286,0.05956,0.05612,0.05255,0.04886,0.04504,0.04111,0.03708,0.03295,0.02873,0.02444,0.02009,0.01568,0.01123,0.00675,0.00225,NaN
NaN,0.00172,0.00515,0.00857,0.01196,0.01531,0.01863,0.02189,0.02511,0.02829,0.03067,NaN,NaN,NaN,0.53091,0.52924,0.52750,0.52647,0.52614,0.52649,0.52753,0.52927,0.53095,NaN,NaN,NaN,0.66119,0.65952,0.65778,0.65674,0.65641,0.65675,0.65779,0.65953,0.66121,NaN,NaN,NaN,0.73538,0.73371,0.73197,0.73094,0.73060,0.73094,0.73198,0.73372,0.73539,NaN,NaN,NaN,0.77171,0.77004,0.76829,0.76726,0.76692,0.76726,0.76830,0.77004,0.77171,NaN,NaN,NaN,0.77612,0.77445,0.77271,0.77167,0.77133,0.77167,0.77271,0.77445,0.77612,NaN,NaN,NaN,0.74899,0.74732,0.74558,0.74454,0.74420,0.74454,0.74557,0.74731,0.74898,NaN,NaN,NaN,0.68518,0.68351,0.68176,0.68072,0.68038,0.68072,0.68175,0.68349,0.68516,NaN,NaN,NaN,0.56727,0.56560,0.56385,0.56281,0.56247,0.56280,0.56383,0.56557,0.56724,NaN,NaN,NaN,0.06469,0.06223,0.05892,0.05549,0.05195,0.04829,0.04451,0.04062,0.03663,0.03255,0.02838,0.02414,0.01984,0.01548,0.01109,0.00666,0.00222,NaN
NaN,0.00170,0.00509,0.00847,0.01183,0.01515,0.01844,0.02167,0.02486,0.02803,0.03056,NaN,NaN,NaN,0.53376,0.53187,0.53011,0.52910,0.52876,0.52911,0.53012,0.53189,0.53379,NaN,NaN,NaN,0.66404,0.66214,0.66038,0.65937,0.65903,0.65937,0.66039,0.66215,0.66405,NaN,NaN,NaN,0.73823,0.73634,0.73457,0.73356,0.73322,0.73356,0.73457,0.73634,0.73824,NaN,NaN,NaN,0.77456,0.77266,0.77089,0.76988,0.76954,0.76988,0.77090,0.77266,0.77456,NaN,NaN,NaN,0.77897,0.77707,0.77531,0.77429,0.77395,0.77429,0.77530,0.77707,0.77897,NaN,NaN,NaN,0.75184,0.74994,0.74817,0.74716,0.74682,0.74716,0.74817,0.74994,0.75183,NaN,NaN,NaN,0.68802,0.68613,0.68436,0.68334,0.68300,0.68334,0.68435,0.68612,0.68801,NaN,NaN,NaN,0.57012,0.56822,0.56645,0.56543,0.56509,0.56542,0.56643,0.56820,0.57009,NaN,NaN,NaN,0.06428,0.06169,0.05838,0.05499,0.05147,0.04784,0.04409,0.04023,0.03628,0.03223,0.02810,0.02390,0.01964,0.01533,0.01098,0.00660,0.00220,NaN
NaN,0.00169,0.00505,0.00841,0.01174,0.01503,0.01829,0.02151,0.02467,0.02773,0.03062,0.03287,NaN,0.53848,0.53599,0.53366,0.53203,0.53103,0.53071,0.53104,0.53205,0.53367,0.53601,0.53850,NaN,0.66875,0.66626,0.66393,0.66230,0.66130,0.66098,0.66131,0.66231,0.66394,0.66627,0.66877,NaN,0.74295,0.74045,0.73812,0.73650,0.73549,0.73517,0.73550,0.73650,0.73812,0.74046,0.74295,NaN,0.77927,0.77677,0.77444,0.77282,0.77182,0.77149,0.77182,0.77282,0.77444,0.77678,0.77927,NaN,0.78368,0.78119,0.77885,0.77723,0.77623,0.77590,0.77623,0.77723,0.77885,0.78119,0.78368,NaN,0.75655,0.75406,0.75172,0.75010,0.74910,0.74877,0.74909,0.75010,0.75172,0.75405,0.75655,NaN,0.69274,0.69024,0.68791,0.68628,0.68528,0.68495,0.68528,0.68628,0.68790,0.69023,0.69273,NaN,0.57483,0.57233,0.57000,0.56837,0.56737,0.56704,0.56736,0.56836,0.56998,0.57231,0.57481,NaN,0.06636,0.06414,0.06119,0.05799,0.05461,0.05112,0.04750,0.04377,0.03994,0.03601,0.03199,0.02789,0.02372,0.01949,0.01521,0.01089,0.00655,0.00218,NaN
NaN,0.00168,0.00503,0.00836,0.01167,0.01496,0.01820,0.02139,0.02453,0.02759,0.03061,0.03289,NaN,0.53901,0.53709,0.53486,0.53327,0.53232,0.53199,0.53232,0.53328,0.53488,0.53711,0.53903,NaN,0.66928,0.66736,0.66513,0.66354,0.66258,0.66226,0.66259,0.66355,0.66514,0.66737,0.66929,NaN,0.74348,0.74155,0.73933,0.73773,0.73678,0.73645,0.73678,0.73774,0.73933,0.74156,0.74348,NaN,0.77980,0.77788,0.77565,0.77406,0.77310,0.77277,0.77310,0.77406,0.77565,0.77788,0.77980,NaN,0.78421,0.78229,0.78006,0.77847,0.77751,0.77718,0.77751,0.77847,0.78006,0.78229,0.78421,NaN,0.75708,0.75516,0.75293,0.75134,0.75038,0.75005,0.75038,0.75133,0.75293,0.75515,0.75708,NaN,0.69327,0.69134,0.68911,0.68752,0.68656,0.68623,0.68656,0.68751,0.68911,0.69133,0.69326,NaN,0.57536,0.57343,0.57120,0.56961,0.56865,0.56832,0.56864,0.56960,0.57119,0.57342,0.57534,NaN,0.06633,0.06401,0.06091,0.05771,0.05436,0.05088,0.04728,0.04356,0.03975,0.03583,0.03183,0.02775,0.02360,0.01939,0.01514,0.01084,0.00651,0.00217,NaN
NaN,0.00167,0.00501,0.00834,0.01164,0.01492,0.01815,0.02134,0.02447,0.02755,0.03058,0.03289,NaN,0.53941,0.53754,0.53545,0.53389,0.53295,0.53263,0.53295,0.53390,0.53546,0.53755,0.53943,NaN,0.66968,0.66781,0.66572,0.66416,0.66322,0.66290,0.66322,0.66417,0.66572,0.66782,0.66969,NaN,0.74388,0.74200,0.73991,0.73835,0.73741,0.73709,0.73741,0.73836,0.73991,0.74201,0.74388,NaN,0.78020,0.77832,0.77623,0.77468,0.77373,0.77341,0.77373,0.77468,0.77623,0.77833,0.78020,NaN,0.78461,0.78274,0.78064,0.77909,0.77814,0.77782,0.77814,0.77909,0.78064,0.78274,0.78461,NaN,0.75748,0.75560,0.75351,0.75196,0.75101,0.75069,0.75101,0.75195,0.75351,0.75560,0.75748,NaN,0.69366,0.69179,0.68970,0.68814,0.68719,0.68688,0.68719,0.68814,0.68969,0.69178,0.69366,NaN,0.57575,0.57388,0.57179,0.57023,0.56928,0.56896,0.56928,0.57022,0.57177,0.57387,0.57574,NaN,0.06629,0.06394,0.06081,0.05758,0.05423,0.05076,0.04717,0.04346,0.03965,0.03575,0.03175,0.02768,0.02354,0.01934,0.01510,0.01081,0.00650,0.00217,NaN
NaN,NaN,NaN,NaN,NaN,NaN,NaN,NaN,NaN,NaN,NaN,NaN,NaN,NaN,NaN,NaN,NaN,NaN,NaN,NaN,NaN,NaN,NaN,NaN,NaN,NaN,NaN,NaN,NaN,NaN,NaN,NaN,NaN,NaN,NaN,NaN,NaN,NaN,NaN,NaN,NaN,NaN,NaN,NaN,NaN,NaN,NaN,NaN,NaN,NaN,NaN,NaN,NaN,NaN,NaN,NaN,NaN,NaN,NaN,NaN,NaN,NaN,NaN,NaN,NaN,NaN,NaN,NaN,NaN,NaN,NaN,NaN,NaN,NaN,NaN,NaN,NaN,NaN,NaN,NaN,NaN,NaN,NaN,NaN,NaN,NaN,NaN,NaN,NaN,NaN,NaN,NaN,NaN,NaN,NaN,NaN,NaN,NaN,NaN,NaN,NaN,NaN,NaN,NaN,NaN,NaN,NaN,NaN,NaN,NaN,NaN,NaN,NaN,NaN,NaN,NaN,NaN,NaN,NaN,NaN,NaN,NaN,NaN,NaN,NaN,NaN,NaN,NaN