step,t_s,u_max,dC_H2O_mean,dC_CO2_mean,dC_O2_mean,g_bl_mol_m2_s,delta_mm,Sherwood
250,0.0433,0.0236,0.031,-0.037,0.027,4.39,0.15,98.8
500,0.0865,0.0258,0.045,-0.054,0.039,2.969,0.22,66.8
750,0.1298,0.0268,0.055,-0.067,0.048,2.399,0.28,54
1000,0.1730,0.0275,0.063,-0.077,0.055,2.08,0.32,46.8
1250,0.2162,0.0281,0.07,-0.086,0.061,1.872,0.36,42.1
1500,0.2595,0.0287,0.075,-0.093,0.066,1.726,0.39,38.8
1750,0.3028,0.0292,0.08,-0.099,0.07,1.619,0.41,36.4
2000,0.3460,0.0295,0.084,-0.105,0.074,1.537,0.43,34.6
2250,0.3892,0.0298,0.087,-0.109,0.077,1.473,0.45,33.1
2500,0.4325,0.03,0.09,-0.113,0.079,1.422,0.47,32
2750,0.4758,0.0302,0.092,-0.116,0.081,1.382,0.48,31.1
3000,0.5190,0.0303,0.094,-0.119,0.083,1.351,0.49,30.4
3250,0.5623,0.0304,0.096,-0.121,0.085,1.325,0.5,29.8
3500,0.6055,0.0304,0.097,-0.123,0.086,1.305,0.51,29.4
3750,0.6488,0.0304,0.098,-0.125,0.087,1.29,0.52,29
4000,0.6920,0.0305,0.099,-0.126,0.087,1.277,0.52,28.7
4250,0.7353,0.0305,0.099,-0.127,0.088,1.267,0.53,28.5
4500,0.7785,0.0305,0.1,-0.128,0.088,1.26,0.53,28.3
4750,0.8217,0.0305,0.1,-0.128,0.089,1.254,0.53,28.2
5000,0.8650,0.0305,0.1,-0.129,0.089,1.249,0.53,28.1
5250,0.9083,0.0305,0.101,-0.129,0.089,1.245,0.53,28
5500,0.9515,0.0305,0.101,-0.13,0.09,1.242,0.54,28
5750,0.9948,0.0305,0.101,-0.13,0.09,1.24,0.54,27.9
6000,1.0380,0.0305,0.101,-0.13,0.09,1.239,0.54,27.9
6250,1.0813,0.0305,0.101,-0.13,0.09,1.237,0.54,27.8
6500,1.1245,0.0305,0.101,-0.13,0.09,1.236,0.54,27.8
6750,1.1678,0.0305,0.101,-0.13,0.09,1.235,0.54,27.8
7000,1.2110,0.0305,0.101,-0.13,0.09,1.235,0.54,27.8
7250,1.2543,0.0305,0.101,-0.13,0.09,1.234,0.54,27.8
7500,1.2975,0.0305,0.101,-0.13,0.09,1.234,0.54,27.8
7750,1.3408,0.0305,0.101,-0.131,0.09,1.234,0.54,27.8
8000,1.3840,0.0305,0.101,-0.131,0.09,1.234,0.54,27.8
8250,1.4273,0.0305,0.101,-0.131,0.09,1.233,0.54,27.8
8500,1.4705,0.0305,0.101,-0.131,0.09,1.233,0.54,27.7
8750,1.5137,0.0305,0.101,-0.131,0.09,1.233,0.54,27.7
9000,1.5570,0.0305,0.101,-0.131,0.09,1.233,0.54,27.7
9250,1.6002,0.0305,0.101,-0.131,0.09,1.233,0.54,27.7
9500,1.6435,0.0305,0.101,-0.131,0.09,1.233,0.54,27.7
9750,1.6867,0.0305,0.101,-0.131,0.09,1.233,0.54,27.7
10000,1.7300,0.0305,0.101,-0.131,0.09,1.233,0.54,27.7
10250,1.7732,0.0305,0.101,-0.131,0.09,1.233,0.54,27.7
10500,1.8165,0.0305,0.101,-0.131,0.09,1.233,0.54,27.7
10750,1.8598,0.0305,0.101,-0.131,0.09,1.233,0.54,27.7
11000,1.9030,0.0305,0.101,-0.131,0.09,1.233,0.54,27.7
11250,1.9463,0.0305,0.101,-0.131,0.09,1.233,0.54,27.7
11500,1.9895,0.0305,0.101,-0.131,0.09,1.233,0.54,27.7
11750,2.0328,0.0305,0.101,-0.131,0.09,1.233,0.54,27.7
12000,2.0760,0.0305,0.101,-0.131,0.09,1.233,0.54,27.7
12250,2.1193,0.0305,0.101,-0.131,0.09,1.233,0.54,27.7
12500,2.1625,0.0305,0.101,-0.131,0.09,1.233,0.54,27.7
12750,2.2058,0.0305,0.101,-0.131,0.09,1.233,0.54,27.7
13000,2.2490,0.0305,0.101,-0.131,0.09,1.233,0.54,27.7
13250,2.2923,0.0305,0.101,-0.131,0.09,1.233,0.54,27.7
13500,2.3355,0.0305,0.101,-0.131,0.09,1.233,0.54,27.7
13750,2.3788,0.0305,0.101,-0.131,0.09,1.233,0.54,27.7
14000,2.4220,0.0305,0.101,-0.131,0.09,1.233,0.54,27.7
14250,2.4653,0.0305,0.101,-0.131,0.09,1.233,0.54,27.7
14500,2.5085,0.0305,0.101,-0.131,0.09,1.233,0.54,27.7
14750,2.5518,0.0305,0.101,-0.131,0.09,1.233,0.54,27.7
15000,2.5950,0.0305,0.101,-0.131,0.09,1.233,0.54,27.7
15250,2.6383,0.0305,0.101,-0.131,0.09,1.233,0.54,27.7
15500,2.6815,0.0305,0.101,-0.131,0.09,1.233,0.54,27.7
15750,2.7248,0.0305,0.101,-0.131,0.09,1.233,0.54,27.7
16000,2.7680,0.0305,0.101,-0.131,0.09,1.233,0.54,27.7
16250,2.8113,0.0305,0.101,-0.131,0.09,1.233,0.54,27.7
16500,2.8545,0.0305,0.101,-0.131,0.09,1.233,0.54,27.7
16750,2.8978,0.0305,0.101,-0.131,0.09,1.233,0.54,27.7
17000,2.9410,0.0305,0.101,-0.131,0.09,1.233,0.54,27.7
17250,2.9842,0.0305,0.101,-0.131,0.09,1.233,0.54,27.7
17500,3.0275,0.0305,0.101,-0.131,0.09,1.233,0.54,27.7
17750,3.0707,0.0305,0.101,-0.131,0.09,1.233,0.54,27.7
18000,3.1140,0.0305,0.101,-0.131,0.09,1.233,0.54,27.7
18250,3.1572,0.0305,0.101,-0.131,0.09,1.233,0.54,27.7
18500,3.2005,0.0305,0.101,-0.131,0.09,1.233,0.54,27.7
18750,3.2437,0.0305,0.101,-0.131,0.09,1.233,0.54,27.7
19000,3.2870,0.0305,0.101,-0.131,0.09,1.233,0.54,27.7
19250,3.3302,0.0305,0.101,-0.131,0.09,1.233,0.54,27.7
19500,3.3735,0.0305,0.101,-0.131,0.09,1.233,0.54,27.7
19750,3.4167,0.0305,0.101,-0.131,0.09,1.233,0.54,27.7
20000,3.4600,0.0305,0.101,-0.131,0.09,1.233,0.54,27.7
20250,3.5032,0.0305,0.101,-0.131,0.09,1.233,0.54,27.7
20500,3.5465,0.0305,0.101,-0.131,0.09,1.233,0.54,27.7
20750,3.5897,0.0305,0.101,-0.131,0.09,1.233,0.54,27.7
21000,3.6330,0.0305,0.101,-0.131,0.09,1.233,0.54,27.7
21250,3.6763,0.0305,0.101,-0.131,0.09,1.233,0.54,27.7
21500,3.7195,0.0305,0.101,-0.131,0.09,1.233,0.54,27.7
21750,3.7628,0.0305,0.101,-0.131,0.09,1.233,0.54,27.7
22000,3.8060,0.0305,0.101,-0.131,0.09,1.233,0.54,27.7
22250,3.8493,0.0305,0.101,-0.131,0.09,1.233,0.54,27.7
22500,3.8925,0.0305,0.101,-0.131,0.09,1.233,0.54,27.7
22750,3.9358,0.0305,0.101,-0.131,0.09,1.233,0.54,27.7
23000,3.9790,0.0305,0.101,-0.131,0.09,1.233,0.54,27.7
23250,4.0222,0.0305,0.101,-0.131,0.09,1.233,0.54,27.7
23500,4.0655,0.0305,0.101,-0.131,0.09,1.233,0.54,27.7
23750,4.1087,0.0305,0.101,-0.131,0.09,1.233,0.54,27.7
24000,4.1520,0.0305,0.101,-0.131,0.09,1.233,0.54,27.7
24250,4.1952,0.0305,0.101,-0.131,0.09,1.233,0.54,27.7
24500,4.2385,0.0305,0.101,-0.131,0.09,1.233,0.54,27.7
24750,4.2817,0.0305,0.101,-0.131,0.09,1.233,0.54,27.7
25000,4.3250,0.0305,0.101,-0.131,0.09,1.233,0.54,27.7
25250,4.3682,0.0305,0.101,-0.131,0.09,1.233,0.54,27.7
25500,4.4115,0.0305,0.101,-0.131,0.09,1.233,0.54,27.7
25750,4.4547,0.0305,0.101,-0.131,0.09,1.233,0.54,27.7
26000,4.4980,0.0305,0.101,-0.131,0.09,1.233,0.54,27.7
26250,4.5412,0.0305,0.101,-0.131,0.09,1.233,0.54,27.7
26500,4.5845,0.0305,0.101,-0.131,0.09,1.233,0.54,27.7
26750,4.6277,0.0305,0.101,-0.131,0.09,1.233,0.54,27.7
27000,4.6710,0.0305,0.101,-0.131,0.09,1.233,0.54,27.7
27250,4.7142,0.0305,0.101,-0.131,0.09,1.233,0.54,27.7
27500,4.7575,0.0305,0.101,-0.131,0.09,1.233,0.54,27.7
27750,4.8007,0.0305,0.101,-0.131,0.09,1.233,0.54,27.7
28000,4.8440,0.0305,0.101,-0.131,0.09,1.233,0.54,27.7
28250,4.8872,0.0305,0.101,-0.131,0.09,1.233,0.54,27.7
28500,4.9305,0.0305,0.101,-0.131,0.09,1.233,0.54,27.7
28750,4.9737,0.0305,0.101,-0.131,0.09,1.233,0.54,27.7
29000,5.0170,0.0305,0.101,-0.131,0.09,1.233,0.54,27.7
29250,5.0602,0.0305,0.101,-0.131,0.09,1.233,0.54,27.7
29500,5.1035,0.0305,0.101,-0.131,0.09,1.233,0.54,27.7
29750,5.1467,0.0305,0.101,-0.131,0.09,1.233,0.54,27.7
30000,5.1900,0.0305,0.101,-0.131,0.09,1.233,0.54,27.7
30250,5.2332,0.0305,0.101,-0.131,0.09,1.233,0.54,27.7
30500,5.2765,0.0305,0.101,-0.131,0.09,1.233,0.54,27.7
30750,5.3197,0.0305,0.101,-0.131,0.09,1.233,0.54,27.7
31000,5.3630,0.0305,0.101,-0.131,0.09,1.233,0.54,27.7
31250,5.4063,0.0305,0.101,-0.131,0.09,1.233,0.54,27.7
31500,5.4495,0.0305,0.101,-0.131,0.09,1.233,0.54,27.7
31750,5.4928,0.0305,0.101,-0.131,0.09,1.233,0.54,27.7
32000,5.5360,0.0305,0.101,-0.131,0.09,1.233,0.54,27.7
32250,5.5793,0.0305,0.101,-0.131,0.09,1.233,0.54,27.7
32500,5.6225,0.0305,0.101,-0.131,0.09,1.233,0.54,27.7
32750,5.6658,0.0305,0.101,-0.131,0.09,1.233,0.54,27.7
33000,5.7090,0.0305,0.101,-0.131,0.09,1.233,0.54,27.7
33250,5.7523,0.0305,0.101,-0.131,0.09,1.233,0.54,27.7
33500,5.7955,0.0305,0.101,-0.131,0.09,1.233,0.54,27.7
33750,5.8388,0.0305,0.101,-0.131,0.09,1.233,0.54,27.7
34000,5.8820,0.0305,0.101,-0.131,0.09,1.233,0.54,27.7
34250,5.9253,0.0305,0.101,-0.131,0.09,1.233,0.54,27.7
34500,5.9685,0.0305,0.101,-0.131,0.09,1.233,0.54,27.7
34750,6.0118,0.0305,0.101,-0.131,0.09,1.233,0.54,27.7
35000,6.0550,0.0305,0.101,-0.131,0.09,1.233,0.54,27.7
35250,6.0983,0.0305,0.101,-0.131,0.09,1.233,0.54,27.7
35500,6.1415,0.0305,0.101,-0.131,0.09,1.233,0.54,27.7
35750,6.1848,0.0305,0.101,-0.131,0.09,1.233,0.54,27.7
36000,6.2280,0.0305,0.101,-0.131,0.09,1.233,0.54,27.7
36250,6.2713,0.0305,0.101,-0.131,0.09,1.233,0.54,27.7
36500,6.3145,0.0305,0.101,-0.131,0.09,1.233,0.54,27.7
36750,6.3578,0.0305,0.101,-0.131,0.09,1.233,0.54,27.7
37000,6.4010,0.0305,0.101,-0.131,0.09,1.233,0.54,27.7
37250,6.4443,0.0305,0.101,-0.131,0.09,1.233,0.54,27.7
37500,6.4875,0.0305,0.101,-0.131,0.09,1.233,0.54,27.7
37750,6.5308,0.0305,0.101,-0.131,0.09,1.233,0.54,27.7
38000,6.5740,0.0305,0.101,-0.131,0.09,1.233,0.54,27.7
38250,6.6173,0.0305,0.101,-0.131,0.09,1.233,0.54,27.7
38500,6.6605,0.0305,0.101,-0.131,0.09,1.233,0.54,27.7
38750,6.7038,0.0305,0.101,-0.131,0.09,1.233,0.54,27.7
39000,6.7470,0.0305,0.101,-0.131,0.09,1.233,0.54,27.7
39250,6.7903,0.0305,0.101,-0.131,0.09,1.233,0.54,27.7
39500,6.8335,0.0305,0.101,-0.131,0.09,1.233,0.54,27.7
39750,6.8768,0.0305,0.101,-0.131,0.09,1.233,0.54,27.7
40000,6.9200,0.0305,0.101,-0.131,0.09,1.233,0.54,27.7
40250,6.9633,0.0305,0.101,-0.131,0.09,1.233,0.54,27.7
40500,7.0065,0.0305,0.101,-0.131,0.09,1.233,0.54,27.7
40750,7.0498,0.0305,0.101,-0.131,0.09,1.233,0.54,27.7
41000,7.0930,0.0305,0.101,-0.131,0.09,1.233,0.54,27.7
41250,7.1363,0.0305,0.101,-0.131,0.09,1.233,0.54,27.7
41500,7.1795,0.0305,0.101,-0.131,0.09,1.233,0.54,27.7
41750,7.2228,0.0305,0.101,-0.131,0.09,1.233,0.54,27.7
42000,7.2660,0.0305,0.101,-0.131,0.09,1.233,0.54,27.7
42250,7.3093,0.0305,0.101,-0.131,0.09,1.233,0.54,27.7
42500,7.3525,0.0305,0.101,-0.131,0.09,1.233,0.54,27.7
42750,7.3958,0.0305,0.101,-0.131,0.09,1.233,0.54,27.7
43000,7.4390,0.0305,0.101,-0.131,0.09,1.233,0.54,27.7
43250,7.4823,0.0305,0.101,-0.131,0.09,1.233,0.54,27.7
43500,7.5255,0.0305,0.101,-0.131,0.09,1.233,0.54,27.7
43750,7.5688,0.0305,0.101,-0.131,0.09,1.233,0.54,27.7
44000,7.6120,0.0305,0.101,-0.131,0.09,1.233,0.54,27.7
44250,7.6553,0.0305,0.101,-0.131,0.09,1.233,0.54,27.7
44500,7.6985,0.0305,0.101,-0.131,0.09,1.233,0.54,27.7
44750,7.7418,0.0305,0.101,-0.131,0.09,1.233,0.54,27.7
45000,7.7850,0.0305,0.101,-0.131,0.09,1.233,0.54,27.7
45250,7.8283,0.0305,0.101,-0.131,0.09,1.233,0.54,27.7
45500,7.8715,0.0305,0.101,-0.131,0.09,1.233,0.54,27.7
45750,7.9148,0.0305,0.101,-0.131,0.09,1.233,0.54,27.7
46000,7.9580,0.0305,0.101,-0.131,0.09,1.233,0.54,27.7
46250,8.0013,0.0305,0.101,-0.131,0.09,1.233,0.54,27.7
46500,8.0445,0.0305,0.101,-0.131,0.09,1.233,0.54,27.7
46750,8.0877,0.0305,0.101,-0.131,0.09,1.233,0.54,27.7
47000,8.1310,0.0305,0.101,-0.131,0.09,1.233,0.54,27.7
47250,8.1743,0.0305,0.101,-0.131,0.09,1.233,0.54,27.7
47500,8.2175,0.0305,0.101,-0.131,0.09,1.233,0.54,27.7
47750,8.2607,0.0305,0.101,-0.131,0.09,1.233,0.54,27.7
48000,8.3040,0.0305,0.101,-0.131,0.09,1.233,0.54,27.7
48250,8.3473,0.0305,0.101,-0.131,0.09,1.233,0.54,27.7
48500,8.3905,0.0305,0.101,-0.131,0.09,1.233,0.54,27.7
48750,8.4337,0.0305,0.101,-0.131,0.09,1.233,0.54,27.7
49000,8.4770,0.0305,0.101,-0.131,0.09,1.233,0.54,27.7
49250,8.5203,0.0305,0.101,-0.131,0.09,1.233,0.54,27.7
49500,8.5635,0.0305,0.101,-0.131,0.09,1.233,0.54,27.7
49750,8.6067,0.0305,0.101,-0.131,0.09,1.233,0.54,27.7
50000,8.6500,0.0305,0.101,-0.131,0.09,1.233,0.54,27.7
50250,8.6933,0.0305,0.101,-0.131,0.09,1.233,0.54,27.7
50500,8.7365,0.0305,0.101,-0.131,0.09,1.233,0.54,27.7
50750,8.7797,0.0305,0.101,-0.131,0.09,1.233,0.54,27.7
51000,8.8230,0.0305,0.101,-0.131,0.09,1.233,0.54,27.7
51250,8.8663,0.0305,0.101,-0.131,0.09,1.233,0.54,27.7
51500,8.9095,0.0305,0.101,-0.131,0.09,1.233,0.54,27.7
51750,8.9527,0.0305,0.101,-0.131,0.09,1.233,0.54,27.7
52000,8.9960,0.0305,0.101,-0.131,0.09,1.233,0.54,27.7
52250,9.0393,0.0305,0.101,-0.131,0.09,1.233,0.54,27.7
52500,9.0825,0.0305,0.101,-0.131,0.09,1.233,0.54,27.7
52750,9.1258,0.0305,0.101,-0.131,0.09,1.233,0.54,27.7
53000,9.1690,0.0305,0.101,-0.131,0.09,1.233,0.54,27.7
53250,9.2123,0.0305,0.101,-0.131,0.09,1.233,0.54,27.7
53500,9.2555,0.0305,0.101,-0.131,0.09,1.233,0.54,27.7
53750,9.2988,0.0305,0.101,-0.131,0.09,1.233,0.54,27.7
54000,9.3420,0.0305,0.101,-0.131,0.09,1.233,0.54,27.7
54250,9.3853,0.0305,0.101,-0.131,0.09,1.233,0.54,27.7
54500,9.4285,0.0305,0.101,-0.131,0.09,1.233,0.54,27.7
54750,9.4718,0.0305,0.101,-0.131,0.09,1.233,0.54,27.7
55000,9.5150,0.0305,0.101,-0.131,0.09,1.233,0.54,27.7
55250,9.5583,0.0305,0.101,-0.131,0.09,1.233,0.54,27.7
55500,9.6015,0.0305,0.101,-0.131,0.09,1.233,0.54,27.7
55750,9.6448,0.0305,0.101,-0.131,0.09,1.233,0.54,27.7
56000,9.6880,0.0305,0.101,-0.131,0.09,1.233,0.54,27.7
56250,9.7313,0.0305,0.101,-0.131,0.09,1.233,0.54,27.7
56500,9.7745,0.0305,0.101,-0.131,0.09,1.233,0.54,27.7
56750,9.8178,0.0305,0.101,-0.131,0.09,1.233,0.54,27.7
57000,9.8610,0.0305,0.101,-0.131,0.09,1.233,0.54,27.7
57250,9.9042,0.0305,0.101,-0.131,0.09,1.233,0.54,27.7
57500,9.9475,0.0305,0.101,-0.131,0.09,1.233,0.54,27.7
57750,9.9908,0.0305,0.101,-0.131,0.09,1.233,0.54,27.7
58000,10.0340,0.0305,0.101,-0.131,0.09,1.233,0.54,27.7
58250,10.0772,0.0305,0.101,-0.131,0.09,1.233,0.54,27.7
58500,10.1205,0.0305,0.101,-0.131,0.09,1.233,0.54,27.7
58750,10.1638,0.0305,0.101,-0.131,0.09,1.233,0.54,27.7
59000,10.2070,0.0305,0.101,-0.131,0.09,1.233,0.54,27.7
59250,10.2502,0.0305,0.101,-0.131,0.09,1.233,0.54,27.7
59500,10.2935,0.0305,0.101,-0.131,0.09,1.233,0.54,27.7
59750,10.3368,0.0305,0.101,-0.131,0.09,1.233,0.54,27.7
60000,10.3800,0.0305,0.101,-0.131,0.09,1.233,0.54,27.7
60250,10.4232,0.0305,0.101,-0.131,0.09,1.233,0.54,27.7
60500,10.4665,0.0305,0.101,-0.131,0.09,1.233,0.54,27.7
60750,10.5098,0.0305,0.101,-0.131,0.09,1.233,0.54,27.7
61000,10.5530,0.0305,0.101,-0.131,0.09,1.233,0.54,27.7
61250,10.5962,0.0305,0.101,-0.131,0.09,1.233,0.54,27.7
61500,10.6395,0.0305,0.101,-0.131,0.09,1.233,0.54,27.7
61750,10.6828,0.0305,0.101,-0.131,0.09,1.233,0.54,27.7
62000,10.7260,0.0305,0.101,-0.131,0.09,1.233,0.54,27.7
62250,10.7692,0.0305,0.101,-0.131,0.09,1.233,0.54,27.7
62500,10.8125,0.0305,0.101,-0.131,0.09,1.233,0.54,27.7
62750,10.8558,0.0305,0.101,-0.131,0.09,1.233,0.54,27.7
63000,10.8990,0.0305,0.101,-0.131,0.09,1.233,0.54,27.7
63250,10.9422,0.0305,0.101,-0.131,0.09,1.233,0.54,27.7
63500,10.9855,0.0305,0.101,-0.131,0.09,1.233,0.54,27.7
63750,11.0288,0.0305,0.101,-0.131,0.09,1.233,0.54,27.7
64000,11.0720,0.0305,0.101,-0.131,0.09,1.233,0.54,27.7
64250,11.1152,0.0305,0.101,-0.131,0.09,1.233,0.54,27.7
64500,11.1585,0.0305,0.101,-0.131,0.09,1.233,0.54,27.7
64750,11.2018,0.0305,0.101,-0.131,0.09,1.233,0.54,27.7
65000,11.2450,0.0305,0.101,-0.131,0.09,1.233,0.54,27.7
65250,11.2882,0.0305,0.101,-0.131,0.09,1.233,0.54,27.7
65500,11.3315,0.0305,0.101,-0.131,0.09,1.233,0.54,27.7
65750,11.3748,0.0305,0.101,-0.131,0.09,1.233,0.54,27.7
66000,11.4180,0.0305,0.101,-0.131,0.09,1.233,0.54,27.7
66250,11.4612,0.0305,0.101,-0.131,0.09,1.233,0.54,27.7
66500,11.5045,0.0305,0.101,-0.131,0.09,1.233,0.54,27.7
66750,11.5478,0.0305,0.101,-0.131,0.09,1.233,0.54,27.7
67000,11.5910,0.0305,0.101,-0.131,0.09,1.233,0.54,27.7
67250,11.6342,0.0305,0.101,-0.131,0.09,1.233,0.54,27.7
67500,11.6775,0.0305,0.101,-0.131,0.09,1.233,0.54,27.7
67750,11.7208,0.0305,0.101,-0.131,0.09,1.233,0.54,27.7
68000,11.7640,0.0305,0.101,-0.131,0.09,1.233,0.54,27.7
68250,11.8072,0.0305,0.101,-0.131,0.09,1.233,0.54,27.7
68500,11.8505,0.0305,0.101,-0.131,0.09,1.233,0.54,27.7
68750,11.8938,0.0305,0.101,-0.131,0.09,1.233,0.54,27.7
69000,11.9370,0.0305,0.101,-0.131,0.09,1.233,0.54,27.7
69250,11.9802,0.0305,0.101,-0.131,0.09,1.233,0.54,27.7
69500,12.0235,0.0305,0.101,-0.131,0.09,1.233,0.54,27.7
69750,12.0668,0.0305,0.101,-0.131,0.09,1.233,0.54,27.7
70000,12.1100,0.0305,0.101,-0.131,0.09,1.233,0.54,27.7
70250,12.1532,0.0305,0.101,-0.131,0.09,1.233,0.54,27.7
70500,12.1965,0.0305,0.101,-0.131,0.09,1.233,0.54,27.7
70750,12.2398,0.0305,0.101,-0.131,0.09,1.233,0.54,27.7
71000,12.2830,0.0305,0.101,-0.131,0.09,1.233,0.54,27.7
71250,12.3262,0.0305,0.101,-0.131,0.09,1.233,0.54,27.7
71500,12.3695,0.0305,0.101,-0.131,0.09,1.233,0.54,27.7
71750,12.4128,0.0305,0.101,-0.131,0.09,1.233,0.54,27.7
72000,12.4560,0.0305,0.101,-0.131,0.09,1.233,0.54,27.7
72250,12.4992,0.0305,0.101,-0.131,0.09,1.233,0.54,27.7
72500,12.5425,0.0305,0.101,-0.131,0.09,1.233,0.54,27.7
72750,12.5858,0.0305,0.101,-0.131,0.09,1.233,0.54,27.7
73000,12.6290,0.0305,0.101,-0.131,0.09,1.233,0.54,27.7
73250,12.6723,0.0305,0.101,-0.131,0.09,1.233,0.54,27.7
73500,12.7155,0.0305,0.101,-0.131,0.09,1.233,0.54,27.7
73750,12.7588,0.0305,0.101,-0.131,0.09,1.233,0.54,27.7
74000,12.8020,0.0305,0.101,-0.131,0.09,1.233,0.54,27.7
74250,12.8453,0.0305,0.101,-0.131,0.09,1.233,0.54,27.7
74500,12.8885,0.0305,0.101,-0.131,0.09,1.233,0.54,27.7
74750,12.9318,0.0305,0.101,-0.131,0.09,1.233,0.54,27.7
75000,12.9750,0.0305,0.101,-0.131,0.09,1.233,0.54,27.7
75250,13.0183,0.0305,0.101,-0.131,0.09,1.233,0.54,27.7
75500,13.0615,0.0305,0.101,-0.131,0.09,1.233,0.54,27.7
75750,13.1048,0.0305,0.101,-0.131,0.09,1.233,0.54,27.7
76000,13.1480,0.0305,0.101,-0.131,0.09,1.233,0.54,27.7
76250,13.1913,0.0305,0.101,-0.131,0.09,1.233,0.54,27.7
76500,13.2345,0.0305,0.101,-0.131,0.09,1.233,0.54,27.7
76750,13.2778,0.0305,0.101,-0.131,0.09,1.233,0.54,27.7
77000,13.3210,0.0305,0.101,-0.131,0.09,1.233,0.54,27.7
77250,13.3643,0.0305,0.101,-0.131,0.09,1.233,0.54,27.7
77500,13.4075,0.0305,0.101,-0.131,0.09,1.233,0.54,27.7
77750,13.4508,0.0305,0.101,-0.131,0.09,1.233,0.54,27.7
78000,13.4940,0.0305,0.101,-0.131,0.09,1.233,0.54,27.7
78250,13.5373,0.0305,0.101,-0.131,0.09,1.233,0.54,27.7
78500,13.5805,0.0305,0.101,-0.131,0.09,1.233,0.54,27.7
78750,13.6238,0.0305,0.101,-0.131,0.09,1.233,0.54,27.7
79000,13.6670,0.0305,0.101,-0.131,0.09,1.233,0.54,27.7
79250,13.7103,0.0305,0.101,-0.131,0.09,1.233,0.54,27.7
79500,13.7535,0.0305,0.101,-0.131,0.09,1.233,0.54,27.7
79750,13.7968,0.0305,0.101,-0.131,0.09,1.233,0.54,27.7
80000,13.8400,0.0305,0.101,-0.131,0.09,1.233,0.54,27.7
80250,13.8833,0.0305,0.101,-0.131,0.09,1.233,0.54,27.7
80500,13.9265,0.0305,0.101,-0.131,0.09,1.233,0.54,27.7
80750,13.9697,0.0305,0.101,-0.131,0.09,1.233,0.54,27.7
81000,14.0130,0.0305,0.101,-0.131,0.09,1.233,0.54,27.7
81250,14.0563,0.0305,0.101,-0.131,0.09,1.233,0.54,27.7
81500,14.0995,0.0305,0.101,-0.131,0.09,1.233,0.54,27.7
81750,14.1427,0.0305,0.101,-0.131,0.09,1.233,0.54,27.7
82000,14.1860,0.0305,0.101,-0.131,0.09,1.233,0.54,27.7
82250,14.2293,0.0305,0.101,-0.131,0.09,1.233,0.54,27.7
82500,14.2725,0.0305,0.101,-0.131,0.09,1.233,0.54,27.7
82750,14.3157,0.0305,0.101,-0.131,0.09,1.233,0.54,27.7
83000,14.3590,0.0305,0.101,-0.131,0.09,1.233,0.54,27.7
83250,14.4023,0.0305,0.101,-0.131,0.09,1.233,0.54,27.7
83500,14.4455,0.0305,0.101,-0.131,0.09,1.233,0.54,27.7
83750,14.4887,0.0305,0.101,-0.131,0.09,1.233,0.54,27.7
84000,14.5320,0.0305,0.101,-0.131,0.09,1.233,0.54,27.7
84250,14.5753,0.0305,0.101,-0.131,0.09,1.233,0.54,27.7
84500,14.6185,0.0305,0.101,-0.131,0.09,1.233,0.54,27.7
84750,14.6617,0.0305,0.101,-0.131,0.09,1.233,0.54,27.7
85000,14.7050,0.0305,0.101,-0.131,0.09,1.233,0.54,27.7
85250,14.7483,0.0305,0.101,-0.131,0.09,1.233,0.54,27.7
85500,14.7915,0.0305,0.101,-0.131,0.09,1.233,0.54,27.7
85750,14.8347,0.0305,0.101,-0.131,0.09,1.233,0.54,27.7
86000,14.8780,0.0305,0.101,-0.131,0.09,1.233,0.54,27.7
86250,14.9213,0.0305,0.101,-0.131,0.09,1.233,0.54,27.7
86500,14.9645,0.0305,0.101,-0.131,0.09,1.233,0.54,27.7
86750,15.0077,0.0305,0.101,-0.131,0.09,1.233,0.54,27.7
87000,15.0510,0.0305,0.101,-0.131,0.09,1.233,0.54,27.7
87250,15.0943,0.0305,0.101,-0.131,0.09,1.233,0.54,27.7
87500,15.1375,0.0305,0.101,-0.131,0.09,1.233,0.54,27.7
87750,15.1807,0.0305,0.101,-0.131,0.09,1.233,0.54,27.7
88000,15.2240,0.0305,0.101,-0.131,0.09,1.233,0.54,27.7
88250,15.2673,0.0305,0.101,-0.131,0.09,1.233,0.54,27.7
88500,15.3105,0.0305,0.101,-0.131,0.09,1.233,0.54,27.7
88750,15.3537,0.0305,0.101,-0.131,0.09,1.233,0.54,27.7
89000,15.3970,0.0305,0.101,-0.131,0.09,1.233,0.54,27.7
89250,15.4403,0.0305,0.101,-0.131,0.09,1.233,0.54,27.7
89500,15.4835,0.0305,0.101,-0.131,0.09,1.233,0.54,27.7
89750,15.5267,0.0305,0.101,-0.131,0.09,1.233,0.54,27.7
90000,15.5700,0.0305,0.101,-0.131,0.09,1.233,0.54,27.7
90250,15.6133,0.0305,0.101,-0.131,0.09,1.233,0.54,27.7
90500,15.6565,0.0305,0.101,-0.131,0.09,1.233,0.54,27.7
90750,15.6997,0.0305,0.101,-0.131,0.09,1.233,0.54,27.7
91000,15.7430,0.0305,0.101,-0.131,0.09,1.233,0.54,27.7
91250,15.7863,0.0305,0.101,-0.131,0.09,1.233,0.54,27.7
91500,15.8295,0.0305,0.101,-0.131,0.09,1.233,0.54,27.7
91750,15.8727,0.0305,0.101,-0.131,0.09,1.233,0.54,27.7
92000,15.9160,0.0305,0.101,-0.131,0.09,1.233,0.54,27.7
92250,15.9593,0.0305,0.101,-0.131,0.09,1.233,0.54,27.7
92500,16.0025,0.0305,0.101,-0.131,0.09,1.233,0.54,27.7
92750,16.0458,0.0305,0.101,-0.131,0.09,1.233,0.54,27.7
93000,16.0890,0.0305,0.101,-0.131,0.09,1.233,0.54,27.7
93250,16.1322,0.0305,0.101,-0.131,0.09,1.233,0.54,27.7
93500,16.1755,0.0305,0.101,-0.131,0.09,1.233,0.54,27.7
93750,16.2188,0.0305,0.101,-0.131,0.09,1.233,0.54,27.7
94000,16.2620,0.0305,0.101,-0.131,0.09,1.233,0.54,27.7
94250,16.3053,0.0305,0.101,-0.131,0.09,1.233,0.54,27.7
94500,16.3485,0.0305,0.101,-0.131,0.09,1.233,0.54,27.7
94750,16.3918,0.0305,0.101,-0.131,0.09,1.233,0.54,27.7
95000,16.4350,0.0305,0.101,-0.131,0.09,1.233,0.54,27.7
95250,16.4782,0.0305,0.101,-0.131,0.09,1.233,0.54,27.7
95500,16.5215,0.0305,0.101,-0.131,0.09,1.233,0.54,27.7
95750,16.5648,0.0305,0.101,-0.131,0.09,1.233,0.54,27.7
96000,16.6080,0.0305,0.101,-0.131,0.09,1.233,0.54,27.7
96250,16.6513,0.0305,0.101,-0.131,0.09,1.233,0.54,27.7
96500,16.6945,0.0305,0.101,-0.131,0.09,1.233,0.54,27.7
96750,16.7378,0.0305,0.101,-0.131,0.09,1.233,0.54,27.7
97000,16.7810,0.0305,0.101,-0.131,0.09,1.233,0.54,27.7
97250,16.8242,0.0305,0.101,-0.131,0.09,1.233,0.54,27.7
97500,16.8675,0.0305,0.101,-0.131,0.09,1.233,0.54,27.7
97750,16.9108,0.0305,0.101,-0.131,0.09,1.233,0.54,27.7
98000,16.9540,0.0305,0.101,-0.131,0.09,1.233,0.54,27.7
98250,16.9973,0.0305,0.101,-0.131,0.09,1.233,0.54,27.7
98500,17.0405,0.0305,0.101,-0.131,0.09,1.233,0.54,27.7
98750,17.0838,0.0305,0.101,-0.131,0.09,1.233,0.54,27.7
99000,17.1270,0.0305,0.101,-0.131,0.09,1.233,0.54,27.7
99250,17.1702,0.0305,0.101,-0.131,0.09,1.233,0.54,27.7
99500,17.2135,0.0305,0.101,-0.131,0.09,1.233,0.54,27.7
99750,17.2568,0.0305,0.101,-0.131,0.09,1.233,0.54,27.7
100000,17.3000,0.0305,0.101,-0.131,0.09,1.233,0.54,27.7
100250,17.3433,0.0305,0.101,-0.131,0.09,1.233,0.54,27.7
100500,17.3865,0.0305,0.101,-0.131,0.09,1.233,0.54,27.7
100750,17.4298,0.0305,0.101,-0.131,0.09,1.233,0.54,27.7
101000,17.4730,0.0305,0.101,-0.131,0.09,1.233,0.54,27.7
101250,17.5162,0.0305,0.101,-0.131,0.09,1.233,0.54,27.7
101500,17.5595,0.0305,0.101,-0.131,0.09,1.233,0.54,27.7
101750,17.6028,0.0305,0.101,-0.131,0.09,1.233,0.54,27.7
102000,17.6460,0.0305,0.101,-0.131,0.09,1.233,0.54,27.7
102250,17.6893,0.0305,0.101,-0.131,0.09,1.233,0.54,27.7
102500,17.7325,0.0305,0.101,-0.131,0.09,1.233,0.54,27.7
102750,17.7758,0.0305,0.101,-0.131,0.09,1.233,0.54,27.7
103000,17.8190,0.0305,0.101,-0.131,0.09,1.233,0.54,27.7
103250,17.8622,0.0305,0.101,-0.131,0.09,1.233,0.54,27.7
103500,17.9055,0.0305,0.101,-0.131,0.09,1.233,0.54,27.7
103750,17.9488,0.0305,0.101,-0.131,0.09,1.233,0.54,27.7
104000,17.9920,0.0305,0.101,-0.131,0.09,1.233,0.54,27.7
104250,18.0353,0.0305,0.101,-0.131,0.09,1.233,0.54,27.7
104500,18.0785,0.0305,0.101,-0.131,0.09,1.233,0.54,27.7
104750,18.1217,0.0305,0.101,-0.131,0.09,1.233,0.54,27.7
105000,18.1650,0.0305,0.101,-0.131,0.09,1.233,0.54,27.7
105250,18.2082,0.0305,0.101,-0.131,0.09,1.233,0.54,27.7
105500,18.2515,0.0305,0.101,-0.131,0.09,1.233,0.54,27.7
105750,18.2948,0.0305,0.101,-0.131,0.09,1.233,0.54,27.7
106000,18.3380,0.0305,0.101,-0.131,0.09,1.233,0.54,27.7
106250,18.3813,0.0305,0.101,-0.131,0.09,1.233,0.54,27.7
106500,18.4245,0.0305,0.101,-0.131,0.09,1.233,0.54,27.7
106750,18.4677,0.0305,0.101,-0.131,0.09,1.233,0.54,27.7
107000,18.5110,0.0305,0.101,-0.131,0.09,1.233,0.54,27.7
107250,18.5542,0.0305,0.101,-0.131,0.09,1.233,0.54,27.7
107500,18.5975,0.0305,0.101,-0.131,0.09,1.233,0.54,27.7
107750,18.6408,0.0305,0.101,-0.131,0.09,1.233,0.54,27.7
108000,18.6840,0.0305,0.101,-0.131,0.09,1.233,0.54,27.7
108250,18.7273,0.0305,0.101,-0.131,0.09,1.233,0.54,27.7
108500,18.7705,0.0305,0.101,-0.131,0.09,1.233,0.54,27.7
108750,18.8137,0.0305,0.101,-0.131,0.09,1.233,0.54,27.7
109000,18.8570,0.0305,0.101,-0.131,0.09,1.233,0.54,27.7
109250,18.9002,0.0305,0.101,-0.131,0.09,1.233,0.54,27.7
109500,18.9435,0.0305,0.101,-0.131,0.09,1.233,0.54,27.7
109750,18.9868,0.0305,0.101,-0.131,0.09,1.233,0.54,27.7
110000,19.0300,0.0305,0.101,-0.131,0.09,1.233,0.54,27.7
110250,19.0733,0.0305,0.101,-0.131,0.09,1.233,0.54,27.7
110500,19.1165,0.0305,0.101,-0.131,0.09,1.233,0.54,27.7
110750,19.1597,0.0305,0.101,-0.131,0.09,1.233,0.54,27.7
111000,19.2030,0.0305,0.101,-0.131,0.09,1.233,0.54,27.7
111250,19.2462,0.0305,0.101,-0.131,0.09,1.233,0.54,27.7
111500,19.2895,0.0305,0.101,-0.131,0.09,1.233,0.54,27.7
111750,19.3328,0.0305,0.101,-0.131,0.09,1.233,0.54,27.7
112000,19.3760,0.0305,0.101,-0.131,0.09,1.233,0.54,27.7
112250,19.4193,0.0305,0.101,-0.131,0.09,1.233,0.54,27.7
112500,19.4625,0.0305,0.101,-0.131,0.09,1.233,0.54,27.7
112750,19.5057,0.0305,0.101,-0.131,0.09,1.233,0.54,27.7
113000,19.5490,0.0305,0.101,-0.131,0.09,1.233,0.54,27.7
113250,19.5922,0.0305,0.101,-0.131,0.09,1.233,0.54,27.7
113500,19.6355,0.0305,0.101,-0.131,0.09,1.233,0.54,27.7
113750,19.6788,0.0305,0.101,-0.131,0.09,1.233,0.54,27.7
114000,19.7220,0.0305,0.101,-0.131,0.09,1.233,0.54,27.7
114250,19.7653,0.0305,0.101,-0.131,0.09,1.233,0.54,27.7
114500,19.8085,0.0305,0.101,-0.131,0.09,1.233,0.54,27.7
114750,19.8517,0.0305,0.101,-0.131,0.09,1.233,0.54,27.7
115000,19.8950,0.0305,0.101,-0.131,0.09,1.233,0.54,27.7
115250,19.9383,0.0305,0.101,-0.131,0.09,1.233,0.54,27.7
115500,19.9815,0.0305,0.101,-0.131,0.09,1.233,0.54,27.7
115750,20.0248,0.0305,0.101,-0.131,0.09,1.233,0.54,27.7
116000,20.0680,0.0305,0.101,-0.131,0.09,1.233,0.54,27.7
116250,20.1113,0.0305,0.101,-0.131,0.09,1.233,0.54,27.7
116500,20.1545,0.0305,0.101,-0.131,0.09,1.233,0.54,27.7
116750,20.1977,0.0305,0.101,-0.131,0.09,1.233,0.54,27.7
117000,20.2410,0.0305,0.101,-0.131,0.09,1.233,0.54,27.7
117250,20.2843,0.0305,0.101,-0.131,0.09,1.233,0.54,27.7
117500,20.3275,0.0305,0.101,-0.131,0.09,1.233,0.54,27.7
117750,20.3708,0.0305,0.101,-0.131,0.09,1.233,0.54,27.7
118000,20.4140,0.0305,0.101,-0.131,0.09,1.233,0.54,27.7
118250,20.4573,0.0305,0.101,-0.131,0.09,1.233,0.54,27.7
118500,20.5005,0.0305,0.101,-0.131,0.09,1.233,0.54,27.7
118750,20.5437,0.0305,0.101,-0.131,0.09,1.233,0.54,27.7
119000,20.5870,0.0305,0.101,-0.131,0.09,1.233,0.54,27.7
119250,20.6303,0.0305,0.101,-0.131,0.09,1.233,0.54,27.7
119500,20.6735,0.0305,0.101,-0.131,0.09,1.233,0.54,27.7
119750,20.7168,0.0305,0.101,-0.131,0.09,1.233,0.54,27.7
120000,20.7600,0.0305,0.101,-0.131,0.09,1.233,0.54,27.7
120250,20.8033,0.0305,0.101,-0.131,0.09,1.233,0.54,27.7
120500,20.8465,0.0305,0.101,-0.131,0.09,1.233,0.54,27.7
120750,20.8897,0.0305,0.101,-0.131,0.09,1.233,0.54,27.7
121000,20.9330,0.0305,0.101,-0.131,0.09,1.233,0.54,27.7
121250,20.9763,0.0305,0.101,-0.131,0.09,1.233,0.54,27.7
121500,21.0195,0.0305,0.101,-0.131,0.09,1.233,0.54,27.7
121750,21.0628,0.0305,0.101,-0.131,0.09,1.233,0.54,27.7
122000,21.1060,0.0305,0.101,-0.131,0.09,1.233,0.54,27.7
122250,21.1493,0.0305,0.101,-0.131,0.09,1.233,0.54,27.7
122500,21.1925,0.0305,0.101,-0.131,0.09,1.233,0.54,27.7
122750,21.2357,0.0305,0.101,-0.131,0.09,1.233,0.54,27.7
123000,21.2790,0.0305,0.101,-0.131,0.09,1.233,0.54,27.7
123250,21.3223,0.0305,0.101,-0.131,0.09,1.233,0.54,27.7
123500,21.3655,0.0305,0.101,-0.131,0.09,1.233,0.54,27.7
123750,21.4088,0.0305,0.101,-0.131,0.09,1.233,0.54,27.7
124000,21.4520,0.0305,0.101,-0.131,0.09,1.233,0.54,27.7
124250,21.4953,0.0305,0.101,-0.131,0.09,1.233,0.54,27.7
124500,21.5385,0.0305,0.101,-0.131,0.09,1.233,0.54,27.7
124750,21.5817,0.0305,0.101,-0.131,0.09,1.233,0.54,27.7
125000,21.6250,0.0305,0.101,-0.131,0.09,1.233,0.54,27.7
125250,21.6683,0.0305,0.101,-0.131,0.09,1.233,0.54,27.7
125500,21.7115,0.0305,0.101,-0.131,0.09,1.233,0.54,27.7
125750,21.7548,0.0305,0.101,-0.131,0.09,1.233,0.54,27.7
126000,21.7980,0.0305,0.101,-0.131,0.09,1.233,0.54,27.7
126250,21.8412,0.0305,0.101,-0.131,0.09,1.233,0.54,27.7
126500,21.8845,0.0305,0.101,-0.131,0.09,1.233,0.54,27.7
126750,21.9277,0.0305,0.101,-0.131,0.09,1.233,0.54,27.7
127000,21.9710,0.0305,0.101,-0.131,0.09,1.233,0.54,27.7
127250,22.0143,0.0305,0.101,-0.131,0.09,1.233,0.54,27.7
127500,22.0575,0.0305,0.101,-0.131,0.09,1.233,0.54,27.7
127750,22.1008,0.0305,0.101,-0.131,0.09,1.233,0.54,27.7
128000,22.1440,0.0305,0.101,-0.131,0.09,1.233,0.54,27.7
128250,22.1872,0.0305,0.101,-0.131,0.09,1.233,0.54,27.7
128500,22.2305,0.0305,0.101,-0.131,0.09,1.233,0.54,27.7
128750,22.2737,0.0305,0.101,-0.131,0.09,1.233,0.54,27.7
129000,22.3170,0.0305,0.101,-0.131,0.09,1.233,0.54,27.7
129250,22.3603,0.0305,0.101,-0.131,0.09,1.233,0.54,27.7
129500,22.4035,0.0305,0.101,-0.131,0.09,1.233,0.54,27.7
129750,22.4468,0.0305,0.101,-0.131,0.09,1.233,0.54,27.7
130000,22.4900,0.0305,0.101,-0.131,0.09,1.233,0.54,27.7
130250,22.5332,0.0305,0.101,-0.131,0.09,1.233,0.54,27.7
130500,22.5765,0.0305,0.101,-0.131,0.09,1.233,0.54,27.7
130750,22.6197,0.0305,0.101,-0.131,0.09,1.233,0.54,27.7
131000,22.6630,0.0305,0.101,-0.131,0.09,1.233,0.54,27.7
131250,22.7063,0.0305,0.101,-0.131,0.09,1.233,0.54,27.7
131500,22.7495,0.0305,0.101,-0.131,0.09,1.233,0.54,27.7
131750,22.7928,0.0305,0.101,-0.131,0.09,1.233,0.54,27.7
132000,22.8360,0.0305,0.101,-0.131,0.09,1.233,0.54,27.7
132250,22.8792,0.0305,0.101,-0.131,0.09,1.233,0.54,27.7
132500,22.9225,0.0305,0.101,-0.131,0.09,1.233,0.54,27.7
132750,22.9657,0.0305,0.101,-0.131,0.09,1.233,0.54,27.7
133000,23.0090,0.0305,0.101,-0.131,0.09,1.233,0.54,27.7
133250,23.0523,0.0305,0.101,-0.131,0.09,1.233,0.54,27.7
133500,23.0955,0.0305,0.101,-0.131,0.09,1.233,0.54,27.7
133750,23.1388,0.0305,0.101,-0.131,0.09,1.233,0.54,27.7
134000,23.1820,0.0305,0.101,-0.131,0.09,1.233,0.54,27.7
134250,23.2252,0.0305,0.101,-0.131,0.09,1.233,0.54,27.7
134500,23.2685,0.0305,0.101,-0.131,0.09,1.233,0.54,27.7
134750,23.3117,0.0305,0.101,-0.131,0.09,1.233,0.54,27.7
135000,23.3550,0.0305,0.101,-0.131,0.09,1.233,0.54,27.7
135250,23.3983,0.0305,0.101,-0.131,0.09,1.233,0.54,27.7
135500,23.4415,0.0305,0.101,-0.131,0.09,1.233,0.54,27.7
135750,23.4848,0.0305,0.101,-0.131,0.09,1.233,0.54,27.7
136000,23.5280,0.0305,0.101,-0.131,0.09,1.233,0.54,27.7
136250,23.5712,0.0305,0.101,-0.131,0.09,1.233,0.54,27.7
136500,23.6145,0.0305,0.101,-0.131,0.09,1.233,0.54,27.7
136750,23.6578,0.0305,0.101,-0.131,0.09,1.233,0.54,27.7
137000,23.7010,0.0305,0.101,-0.131,0.09,1.233,0.54,27.7
137250,23.7443,0.0305,0.101,-0.131,0.09,1.233,0.54,27.7
137500,23.7875,0.0305,0.101,-0.131,0.09,1.233,0.54,27.7
137750,23.8308,0.0305,0.101,-0.131,0.09,1.233,0.54,27.7
138000,23.8740,0.0305,0.101,-0.131,0.09,1.233,0.54,27.7
138250,23.9172,0.0305,0.101,-0.131,0.09,1.233,0.54,27.7
138500,23.9605,0.0305,0.101,-0.131,0.09,1.233,0.54,27.7
138750,24.0038,0.0305,0.101,-0.131,0.09,1.233,0.54,27.7
139000,24.0470,0.0305,0.101,-0.131,0.09,1.233,0.54,27.7
139250,24.0903,0.0305,0.101,-0.131,0.09,1.233,0.54,27.7
139500,24.1335,0.0305,0.101,-0.131,0.09,1.233,0.54,27.7
139750,24.1768,0.0305,0.101,-0.131,0.09,1.233,0.54,27.7
140000,24.2200,0.0305,0.101,-0.131,0.09,1.233,0.54,27.7
140250,24.2632,0.0305,0.101,-0.131,0.09,1.233,0.54,27.7
140500,24.3065,0.0305,0.101,-0.131,0.09,1.233,0.54,27.7
140750,24.3498,0.0305,0.101,-0.131,0.09,1.233,0.54,27.7
141000,24.3930,0.0305,0.101,-0.131,0.09,1.233,0.54,27.7
141250,24.4363,0.0305,0.101,-0.131,0.09,1.233,0.54,27.7
141500,24.4795,0.0305,0.101,-0.131,0.09,1.233,0.54,27.7
141750,24.5228,0.0305,0.101,-0.131,0.09,1.233,0.54,27.7
142000,24.5660,0.0305,0.101,-0.131,0.09,1.233,0.54,27.7
142250,24.6092,0.0305,0.101,-0.131,0.09,1.233,0.54,27.7
142500,24.6525,0.0305,0.101,-0.131,0.09,1.233,0.54,27.7
142750,24.6958,0.0305,0.101,-0.131,0.09,1.233,0.54,27.7
143000,24.7390,0.0305,0.101,-0.131,0.09,1.233,0.54,27.7
143250,24.7823,0.0305,0.101,-0.131,0.09,1.233,0.54,27.7
143500,24.8255,0.0305,0.101,-0.131,0.09,1.233,0.54,27.7
143750,24.8688,0.0305,0.101,-0.131,0.09,1.233,0.54,27.7
144000,24.9120,0.0305,0.101,-0.131,0.09,1.233,0.54,27.7
144250,24.9552,0.0305,0.101,-0.131,0.09,1.233,0.54,27.7
144500,24.9985,0.0305,0.101,-0.131,0.09,1.233,0.54,27.7
144750,25.0418,0.0305,0.101,-0.131,0.09,1.233,0.54,27.7
145000,25.0850,0.0305,0.101,-0.131,0.09,1.233,0.54,27.7
145250,25.1283,0.0305,0.101,-0.131,0.09,1.233,0.54,27.7
145500,25.1715,0.0305,0.101,-0.131,0.09,1.233,0.54,27.7
145750,25.2148,0.0305,0.101,-0.131,0.09,1.233,0.54,27.7
146000,25.2580,0.0305,0.101,-0.131,0.09,1.233,0.54,27.7
146250,25.3012,0.0305,0.101,-0.131,0.09,1.233,0.54,27.7
146500,25.3445,0.0305,0.101,-0.131,0.09,1.233,0.54,27.7
146750,25.3878,0.0305,0.101,-0.131,0.09,1.233,0.54,27.7
147000,25.4310,0.0305,0.101,-0.131,0.09,1.233,0.54,27.7
147250,25.4743,0.0305,0.101,-0.131,0.09,1.233,0.54,27.7
147500,25.5175,0.0305,0.101,-0.131,0.09,1.233,0.54,27.7
147750,25.5608,0.0305,0.101,-0.131,0.09,1.233,0.54,27.7
148000,25.6040,0.0305,0.101,-0.131,0.09,1.233,0.54,27.7
148250,25.6472,0.0305,0.101,-0.131,0.09,1.233,0.54,27.7
148500,25.6905,0.0305,0.101,-0.131,0.09,1.233,0.54,27.7
148750,25.7338,0.0305,0.101,-0.131,0.09,1.233,0.54,27.7
149000,25.7770,0.0305,0.101,-0.131,0.09,1.233,0.54,27.7
149250,25.8203,0.0305,0.101,-0.131,0.09,1.233,0.54,27.7
149500,25.8635,0.0305,0.101,-0.131,0.09,1.233,0.54,27.7
149750,25.9067,0.0305,0.101,-0.131,0.09,1.233,0.54,27.7
150000,25.9500,0.0305,0.101,-0.131,0.09,1.233,0.54,27.7
