step,t_s,g_bl_mol_m2_s,delta_mm,Sherwood,dC_CO2_mean,u_max_lattice
1301,0.100,2.593,0.26,58.3,-0.062,0.00201
2602,0.200,1.826,0.36,41.1,-0.088,0.00508
3903,0.300,1.503,0.44,33.8,-0.107,0.0087
5204,0.400,1.32,0.5,29.7,-0.122,0.0128
6505,0.500,1.208,0.55,27.2,-0.133,0.0171
7806,0.600,1.143,0.58,25.7,-0.141,0.0214
9107,0.700,1.112,0.6,25,-0.145,0.0253
10408,0.800,1.098,0.61,24.7,-0.147,0.0286
11709,0.900,1.091,0.61,24.5,-0.148,0.0306
13010,1.000,1.087,0.61,24.4,-0.148,0.0312
14311,1.100,1.085,0.61,24.4,-0.148,0.0309
15612,1.200,1.085,0.61,24.4,-0.148,0.0301
16913,1.300,1.084,0.61,24.4,-0.149,0.0294
18214,1.400,1.082,0.62,24.3,-0.149,0.029
19515,1.500,1.078,0.62,24.2,-0.149,0.0289
20816,1.601,1.072,0.62,24.1,-0.15,0.029
22117,1.701,1.066,0.62,24,-0.151,0.0292
23418,1.801,1.059,0.63,23.8,-0.152,0.0294
24719,1.901,1.053,0.63,23.7,-0.153,0.0295
26020,2.001,1.047,0.64,23.6,-0.154,0.0297
27321,2.101,1.041,0.64,23.4,-0.155,0.0298
28622,2.201,1.036,0.64,23.3,-0.155,0.0299
29923,2.301,1.032,0.65,23.2,-0.156,0.03
31224,2.401,1.027,0.65,23.1,-0.157,0.0301
32525,2.501,1.024,0.65,23,-0.157,0.0301
33826,2.601,1.02,0.65,23,-0.158,0.0302
35127,2.701,1.018,0.65,22.9,-0.158,0.0303
36428,2.801,1.015,0.66,22.8,-0.159,0.0303
37729,2.901,1.013,0.66,22.8,-0.159,0.0303
39030,3.001,1.011,0.66,22.7,-0.159,0.0304
40331,3.101,1.009,0.66,22.7,-0.16,0.0304
41632,3.201,1.007,0.66,22.7,-0.16,0.0304
42933,3.301,1.006,0.66,22.6,-0.16,0.0304
44234,3.401,1.004,0.66,22.6,-0.16,0.0304
45535,3.501,1.003,0.66,22.6,-0.161,0.0304
46836,3.601,1.001,0.66,22.5,-0.161,0.0304
48137,3.701,1,0.67,22.5,-0.161,0.0305
49438,3.801,0.999,0.67,22.5,-0.161,0.0305
50739,3.901,0.998,0.67,22.5,-0.161,0.0305
52040,4.001,0.997,0.67,22.4,-0.161,0.0305
53341,4.101,0.996,0.67,22.4,-0.162,0.0305
54642,4.201,0.996,0.67,22.4,-0.162,0.0305
55943,4.301,0.995,0.67,22.4,-0.162,0.0305
57244,4.401,0.994,0.67,22.4,-0.162,0.0305
58545,4.501,0.994,0.67,22.4,-0.162,0.0305
59846,4.601,0.993,0.67,22.3,-0.162,0.0305
61147,4.702,0.993,0.67,22.3,-0.162,0.0305
62448,4.802,0.992,0.67,22.3,-0.162,0.0305
63749,4.902,0.992,0.67,22.3,-0.162,0.0305
65050,5.002,0.991,0.67,22.3,-0.162,0.0305
66351,5.102,0.991,0.67,22.3,-0.162,0.0305
67652,5.202,0.99,0.67,22.3,-0.163,0.0305
68953,5.302,0.99,0.67,22.3,-0.163,0.0305
70254,5.402,0.99,0.67,22.3,-0.163,0.0305
71555,5.502,0.99,0.67,22.3,-0.163,0.0305
72856,5.602,0.989,0.67,22.3,-0.163,0.0305
74157,5.702,0.989,0.67,22.3,-0.163,0.0305
75458,5.802,0.989,0.67,22.3,-0.163,0.0305
76759,5.902,0.989,0.67,22.2,-0.163,0.0305
78060,6.002,0.989,0.67,22.2,-0.163,0.0305
79361,6.102,0.988,0.67,22.2,-0.163,0.0305
80662,6.202,0.988,0.67,22.2,-0.163,0.0305
81963,6.302,0.988,0.67,22.2,-0.163,0.0305
83264,6.402,0.988,0.67,22.2,-0.163,0.0305
84565,6.502,0.988,0.67,22.2,-0.163,0.0305
85866,6.602,0.988,0.67,22.2,-0.163,0.0305
87167,6.702,0.988,0.67,22.2,-0.163,0.0305
88468,6.802,0.988,0.67,22.2,-0.163,0.0305
89769,6.902,0.987,0.67,22.2,-0.163,0.0305
91070,7.002,0.987,0.67,22.2,-0.163,0.0305
92371,7.102,0.987,0.67,22.2,-0.163,0.0305
93672,7.202,0.987,0.67,22.2,-0.163,0.0305
94973,7.302,0.987,0.67,22.2,-0.163,0.0305
96274,7.402,0.987,0.67,22.2,-0.163,0.0305
97575,7.502,0.987,0.67,22.2,-0.163,0.0305
98876,7.602,0.987,0.67,22.2,-0.163,0.0305
100177,7.702,0.987,0.67,22.2,-0.163,0.0305
101478,7.803,0.987,0.67,22.2,-0.163,0.0305
102779,7.903,0.987,0.67,22.2,-0.163,0.0305
104080,8.003,0.987,0.67,22.2,-0.163,0.0305
105381,8.103,0.987,0.67,22.2,-0.163,0.0305
106682,8.203,0.987,0.67,22.2,-0.163,0.0305
107983,8.303,0.987,0.67,22.2,-0.163,0.0305
109284,8.403,0.987,0.67,22.2,-0.163,0.0305
110585,8.503,0.987,0.67,22.2,-0.163,0.0305
111886,8.603,0.987,0.67,22.2,-0.163,0.0305
113187,8.703,0.987,0.67,22.2,-0.163,0.0305
114488,8.803,0.987,0.67,22.2,-0.163,0.0305
115789,8.903,0.987,0.67,22.2,-0.163,0.0305
117090,9.003,0.987,0.67,22.2,-0.163,0.0305
118391,9.103,0.987,0.67,22.2,-0.163,0.0305
119692,9.203,0.987,0.67,22.2,-0.163,0.0305
120993,9.303,0.987,0.67,22.2,-0.163,0.0305
122294,9.403,0.987,0.67,22.2,-0.163,0.0305
123595,9.503,0.987,0.67,22.2,-0.163,0.0305
124896,9.603,0.987,0.67,22.2,-0.163,0.0305
126197,9.703,0.986,0.67,22.2,-0.163,0.0305
127498,9.803,0.986,0.67,22.2,-0.163,0.0305
128799,9.903,0.986,0.67,22.2,-0.163,0.0305
130100,10.003,0.986,0.67,22.2,-0.163,0.0305
131401,10.103,0.986,0.67,22.2,-0.163,0.0305
132702,10.203,0.986,0.67,22.2,-0.163,0.0305
134003,10.303,0.986,0.67,22.2,-0.163,0.0305
135304,10.403,0.986,0.67,22.2,-0.163,0.0305
136605,10.503,0.986,0.67,22.2,-0.163,0.0305
137906,10.603,0.986,0.67,22.2,-0.163,0.0305
139207,10.703,0.986,0.67,22.2,-0.163,0.0305
140508,10.804,0.986,0.67,22.2,-0.163,0.0305
141809,10.904,0.986,0.67,22.2,-0.163,0.0305
143110,11.004,0.986,0.67,22.2,-0.163,0.0305
144411,11.104,0.986,0.67,22.2,-0.163,0.0305
145712,11.204,0.986,0.67,22.2,-0.163,0.0305
147013,11.304,0.986,0.67,22.2,-0.163,0.0305
148314,11.404,0.986,0.67,22.2,-0.163,0.0305
149615,11.504,0.986,0.67,22.2,-0.163,0.0305
150916,11.604,0.986,0.67,22.2,-0.163,0.0305
152217,11.704,0.986,0.67,22.2,-0.163,0.0305
153518,11.804,0.986,0.67,22.2,-0.163,0.0305
154819,11.904,0.986,0.67,22.2,-0.163,0.0305
156120,12.004,0.986,0.67,22.2,-0.163,0.0305
157421,12.104,0.986,0.67,22.2,-0.163,0.0305
158722,12.204,0.986,0.67,22.2,-0.163,0.0305
160023,12.304,0.986,0.67,22.2,-0.163,0.0305
161324,12.404,0.986,0.67,22.2,-0.163,0.0305
162625,12.504,0.986,0.67,22.2,-0.163,0.0305
163926,12.604,0.986,0.67,22.2,-0.163,0.0305
165227,12.704,0.986,0.67,22.2,-0.163,0.0305
166528,12.804,0.986,0.67,22.2,-0.163,0.0305
167829,12.904,0.986,0.67,22.2,-0.163,0.0305
169130,13.004,0.986,0.67,22.2,-0.163,0.0305
170431,13.104,0.986,0.67,22.2,-0.163,0.0305
171732,13.204,0.986,0.67,22.2,-0.163,0.0305
173033,13.304,0.986,0.67,22.2,-0.163,0.0305
174334,13.404,0.986,0.67,22.2,-0.163,0.0305
175635,13.504,0.986,0.67,22.2,-0.163,0.0305
176936,13.604,0.986,0.67,22.2,-0.163,0.0305
178237,13.704,0.986,0.67,22.2,-0.163,0.0305
179538,13.804,0.986,0.67,22.2,-0.163,0.0305
180839,13.905,0.986,0.67,22.2,-0.163,0.0305
182140,14.005,0.986,0.67,22.2,-0.163,0.0305
183441,14.105,0.986,0.67,22.2,-0.163,0.0305
184742,14.205,0.986,0.67,22.2,-0.163,0.0305
186043,14.305,0.986,0.67,22.2,-0.163,0.0305
187344,14.405,0.986,0.67,22.2,-0.163,0.0305
188645,14.505,0.986,0.67,22.2,-0.163,0.0305
189946,14.605,0.986,0.67,22.2,-0.163,0.0305
191247,14.705,0.986,0.67,22.2,-0.163,0.0305
192548,14.805,0.986,0.67,22.2,-0.163,0.0305
193849,14.905,0.986,0.67,22.2,-0.163,0.0305
195150,15.005,0.986,0.67,22.2,-0.163,0.0305
196451,15.105,0.986,0.67,22.2,-0.163,0.0305
197752,15.205,0.986,0.67,22.2,-0.163,0.0305
199053,15.305,0.986,0.67,22.2,-0.163,0.0305
200354,15.405,0.986,0.67,22.2,-0.163,0.0305
201655,15.505,0.986,0.67,22.2,-0.163,0.0305
202956,15.605,0.986,0.67,22.2,-0.163,0.0305
204257,15.705,0.986,0.67,22.2,-0.163,0.0305
205558,15.805,0.986,0.67,22.2,-0.163,0.0305
206859,15.905,0.986,0.67,22.2,-0.163,0.0305
208160,16.005,0.986,0.67,22.2,-0.163,0.0305
209461,16.105,0.986,0.67,22.2,-0.163,0.0305
210762,16.205,0.986,0.67,22.2,-0.163,0.0305
212063,16.305,0.986,0.67,22.2,-0.163,0.0305
213364,16.405,0.986,0.67,22.2,-0.163,0.0305
214665,16.505,0.986,0.67,22.2,-0.163,0.0305
215966,16.605,0.986,0.67,22.2,-0.163,0.0305
217267,16.705,0.986,0.67,22.2,-0.163,0.0305
218568,16.805,0.986,0.67,22.2,-0.163,0.0305
219869,16.905,0.986,0.67,22.2,-0.163,0.0305
221170,17.006,0.986,0.67,22.2,-0.163,0.0305
222471,17.106,0.986,0.67,22.2,-0.163,0.0305
223772,17.206,0.986,0.67,22.2,-0.163,0.0305
225073,17.306,0.986,0.67,22.2,-0.163,0.0305
226374,17.406,0.986,0.67,22.2,-0.163,0.0305
227675,17.506,0.986,0.67,22.2,-0.163,0.0305
228976,17.606,0.986,0.67,22.2,-0.163,0.0305
230277,17.706,0.986,0.67,22.2,-0.163,0.0305
231578,17.806,0.986,0.67,22.2,-0.163,0.0305
232879,17.906,0.986,0.67,22.2,-0.163,0.0305
234180,18.006,0.986,0.67,22.2,-0.163,0.0305
235481,18.106,0.986,0.67,22.2,-0.163,0.0305
236782,18.206,0.986,0.67,22.2,-0.163,0.0305
238083,18.306,0.986,0.67,22.2,-0.163,0.0305
239384,18.406,0.986,0.67,22.2,-0.163,0.0305
240685,18.506,0.986,0.67,22.2,-0.163,0.0305
241986,18.606,0.986,0.67,22.2,-0.163,0.0305
243287,18.706,0.986,0.67,22.2,-0.163,0.0305
244588,18.806,0.986,0.67,22.2,-0.163,0.0305
245889,18.906,0.986,0.67,22.2,-0.163,0.0305
247190,19.006,0.986,0.67,22.2,-0.163,0.0305
248491,19.106,0.986,0.67,22.2,-0.163,0.0305
249792,19.206,0.986,0.67,22.2,-0.163,0.0305
251093,19.306,0.986,0.67,22.2,-0.163,0.0305
252394,19.406,0.986,0.67,22.2,-0.163,0.0305
253695,19.506,0.986,0.67,22.2,-0.163,0.0305
254996,19.606,0.986,0.67,22.2,-0.163,0.0305
256297,19.706,0.986,0.67,22.2,-0.163,0.0305
257598,19.806,0.986,0.67,22.2,-0.163,0.0305
258899,19.906,0.986,0.67,22.2,-0.163,0.0305
260200,20.006,0.986,0.67,22.2,-0.163,0.0305
261501,20.107,0.986,0.67,22.2,-0.163,0.0305
262802,20.207,0.986,0.67,22.2,-0.163,0.0305
264103,20.307,0.986,0.67,22.2,-0.163,0.0305
265404,20.407,0.986,0.67,22.2,-0.163,0.0305
266705,20.507,0.986,0.67,22.2,-0.163,0.0305
268006,20.607,0.986,0.67,22.2,-0.163,0.0305
269307,20.707,0.986,0.67,22.2,-0.163,0.0305
270608,20.807,0.986,0.67,22.2,-0.163,0.0305
271909,20.907,0.986,0.67,22.2,-0.163,0.0305
273210,21.007,0.986,0.67,22.2,-0.163,0.0305
274511,21.107,0.986,0.67,22.2,-0.163,0.0305
275812,21.207,0.986,0.67,22.2,-0.163,0.0305
277113,21.307,0.986,0.67,22.2,-0.163,0.0305
278414,21.407,0.986,0.67,22.2,-0.163,0.0305
279715,21.507,0.986,0.67,22.2,-0.163,0.0305
281016,21.607,0.986,0.67,22.2,-0.163,0.0305
282317,21.707,0.986,0.67,22.2,-0.163,0.0305
283618,21.807,0.986,0.67,22.2,-0.163,0.0305
284919,21.907,0.986,0.67,22.2,-0.163,0.0305
286220,22.007,0.986,0.67,22.2,-0.163,0.0305
287521,22.107,0.986,0.67,22.2,-0.163,0.0305
288822,22.207,0.986,0.67,22.2,-0.163,0.0305
290123,22.307,0.986,0.67,22.2,-0.163,0.0305
291424,22.407,0.986,0.67,22.2,-0.163,0.0305
292725,22.507,0.986,0.67,22.2,-0.163,0.0305
294026,22.607,0.986,0.67,22.2,-0.163,0.0305
295327,22.707,0.986,0.67,22.2,-0.163,0.0305
296628,22.807,0.986,0.67,22.2,-0.163,0.0305
297929,22.907,0.986,0.67,22.2,-0.163,0.0305
299230,23.007,0.986,0.67,22.2,-0.163,0.0305
300531,23.107,0.986,0.67,22.2,-0.163,0.0305
301832,23.208,0.986,0.67,22.2,-0.163,0.0305
303133,23.308,0.986,0.67,22.2,-0.163,0.0305
304434,23.408,0.986,0.67,22.2,-0.163,0.0305
305735,23.508,0.986,0.67,22.2,-0.163,0.0305
307036,23.608,0.986,0.67,22.2,-0.163,0.0305
308337,23.708,0.986,0.67,22.2,-0.163,0.0305
309638,23.808,0.986,0.67,22.2,-0.163,0.0305
310939,23.908,0.986,0.67,22.2,-0.163,0.0305
312240,24.008,0.986,0.67,22.2,-0.163,0.0305
313541,24.108,0.986,0.67,22.2,-0.163,0.0305
314842,24.208,0.986,0.67,22.2,-0.163,0.0305
316143,24.308,0.986,0.67,22.2,-0.163,0.0305
317444,24.408,0.986,0.67,22.2,-0.163,0.0305
318745,24.508,0.986,0.67,22.2,-0.163,0.0305
320046,24.608,0.986,0.67,22.2,-0.163,0.0305
321347,24.708,0.986,0.67,22.2,-0.163,0.0305
322648,24.808,0.986,0.67,22.2,-0.163,0.0305
323949,24.908,0.986,0.67,22.2,-0.163,0.0305
325250,25.008,0.986,0.67,22.2,-0.163,0.0305
326551,25.108,0.986,0.67,22.2,-0.163,0.0305
327852,25.208,0.986,0.67,22.2,-0.163,0.0305
329153,25.308,0.986,0.67,22.2,-0.163,0.0305
330454,25.408,0.986,0.67,22.2,-0.163,0.0305
331755,25.508,0.986,0.67,22.2,-0.163,0.0305
333056,25.608,0.986,0.67,22.2,-0.163,0.0305
334357,25.708,0.986,0.67,22.2,-0.163,0.0305
335658,25.808,0.986,0.67,22.2,-0.163,0.0305
336959,25.908,0.986,0.67,22.2,-0.163,0.0305
